collision-id,report-number,report-version,is-preliminary,ncic-code,crash-date-time,crash-time-description,beat,city-id,city-code,city-name,county-code,city-is-active,city-is-incorporated,collision-type-code,collision-type-description,collision-type-other-desc,day-of-week,dispatch-notified,has-photographs,hit-run,is-attachments-mailed,is-deleted,is-highway-related,is-tow-away,judicial-district,motor-vehicle-involved-with-code,motor-vehicle-involved-with-desc,motor-vehicle-involved-with-other-desc,number-injured,number-killed,weather-1,weather-2,road-condition-1,road-condition-2,special-condition-lighting-code,lighting-description,latitude,longitude,milepost-direction,milepost-distance,milepost-marker,milepost-unit-of-measure,pedestrian-action-code,pedestrian-action-desc,prepared-date,primary-collision-factor-code,primary-collision-factor-violation,primary-collision-factor-is-cited,primary-collision-party-number,primary-road,reporting-district,reporting-district-code,reviewed-date,roadway-surface-code,secondary-direction,secondary-distance,secondary-road,secondary-unit-of-measure,sketch-desc,traffic-control-device-code,created-date,modified-date,is-county-road,is-freeway,chp-555-version,is-additonal-object-struck,notification-date,notification-time-description,has-digital-media-files,evidence-number,is-location-refer-to-narrative,is-aoi-one-same-as-location
1190183,9370-2020-00542,1,False,9370,2/15/2020 2:45:00 AM,245,053,14,109,Oakland,1,True,True,C,REAR END,,Saturday,Yes,False,,,False,True,True,Oakland Superior,C,OTHER MOTOR VEHICLE,,0,0,CLEAR,,NO UNUSUAL CONDITIONS,,D,DARK-NO STREET LIGHTS,37.799171,-122.221441,,,,,A,NO PEDESTRIANS INVOLVED,2/15/2020 12:00:00 AM,A,22107,False,1,I-580 E/B,,,2/20/2020 10:59:17 AM,A,E,500.0,Beaumont Ave,F,,D,2/20/2020 11:05:21 AM,2/20/2020 11:05:21 AM,,True,2,,,,,,,
1190008,9370-2020-00568,1,False,9370,2/17/2020 2:55:00 AM,255,054,14,109,Oakland,1,True,True,B,SIDE SWIPE,,Monday,NotApplicable,False,M,,False,True,False,Oakland Superior,C,OTHER MOTOR VEHICLE,,0,0,CLEAR,,NO UNUSUAL CONDITIONS,,D,DARK-NO STREET LIGHTS,37.807881,-122.24032,,,,,A,NO PEDESTRIANS INVOLVED,2/17/2020 12:00:00 AM,A,22350,False,1,I-580 W/B,,,2/20/2020 9:08:55 AM,A,E,500.0,LAKE PARK AVENUE,F,,D,2/20/2020 9:10:18 AM,2/20/2020 9:10:18 AM,,True,2,,,,,,,
1189845,9370-2020-00492,1,False,9370,2/12/2020 10:40:00 AM,1040,008,14,109,Oakland,1,True,True,B,SIDE SWIPE,,Wednesday,NotApplicable,False,,,False,True,False,Oakland Superior,C,OTHER MOTOR VEHICLE,,0,0,CLEAR,,NO UNUSUAL CONDITIONS,,A,DAYLIGHT,37.82514,-122.31348,,,,,A,NO PEDESTRIANS INVOLVED,2/12/2020 12:00:00 AM,A,22107,False,1,I-80 W/B,,,2/20/2020 6:27:55 AM,A,E,90.0,SFOBB TOLL PLAZA,F,,D,2/20/2020 6:28:29 AM,2/20/2020 6:28:29 AM,,True,2,,,,,,,
1189840,9370-2020-00583,1,False,9370,2/18/2020 1:00:00 PM,1300,052,14,109,Oakland,1,True,True,B,SIDE SWIPE,,Tuesday,NotApplicable,False,M,,False,True,True,Oakland Superior,C,OTHER MOTOR VEHICLE,,0,0,CLEAR,,NO UNUSUAL CONDITIONS,,A,DAYLIGHT,37.77578,-122.16326,,,,,A,NO PEDESTRIANS INVOLVED,2/18/2020 12:00:00 AM,A,21658(a),False,1,I-580 E/B,,,2/20/2020 6:24:30 AM,A,E,200.0,Edwards Ave,F,,D,2/20/2020 6:25:38 AM,2/20/2020 6:25:38 AM,,True,2,,,,,,,
1189830,9370-2020-00596,1,False,9370,2/19/2020 2:20:00 PM,1420,053,14,109,Oakland,1,True,True,C,REAR END,,Wednesday,NotApplicable,False,,,False,True,True,Oakland Superior,C,OTHER MOTOR VEHICLE,,0,0,CLEAR,,NO UNUSUAL CONDITIONS,,A,DAYLIGHT,37.784106,-122.186149,,,,,A,NO PEDESTRIANS INVOLVED,2/19/2020 12:00:00 AM,A,22350 VC,False,1,I-580 E/B,,,2/20/2020 5:55:07 AM,A,E,462.0,Buell St,F,,D,2/20/2020 5:59:32 AM,2/20/2020 5:59:32 AM,,True,2,,,,,,,
1189783,9370-2020-00517,1,False,9370,2/13/2020 1:25:00 AM,125,054,14,109,Oakland,1,True,True,B,SIDE SWIPE,,Thursday,Yes,False,,,False,True,True,Oakland Superior,C,OTHER MOTOR VEHICLE,,2,0,CLEAR,,NO UNUSUAL CONDITIONS,,C,DARK-STREET LIGHTS,37.810031,-122.248036,,,,,A,NO PEDESTRIANS INVOLVED,2/13/2020 12:00:00 AM,A,23152(a),True,1,I-580 E/B,,,2/19/2020 9:14:44 PM,A,E,175.0,Grand Ave,F,,D,2/19/2020 9:16:25 PM,2/19/2020 9:16:25 PM,,True,2,,,,,,,
1189731,9301-2020-00003,1,False,9370,2/10/2020 3:15:00 PM,1515,901,14,109,Oakland,1,True,True,B,SIDE SWIPE,,Monday,NotApplicable,False,,,False,False,False,Oakland Superior,E,PARKED MOTOR VEHICLE,,0,0,CLEAR,,NO UNUSUAL CONDITIONS,,School Bus CollisionA,DAYLIGHT,37.847178,-122.247713,,,,,A,NO PEDESTRIANS INVOLVED,2/10/2020 12:00:00 AM,A,22107,False,1,Presley Way (5000 Block),,,2/19/2020 5:13:37 PM,A,N,100.0,Miles Ave,F,,D,2/19/2020 5:15:15 PM,2/19/2020 5:15:15 PM,,,2,,,,,,,
1189710,9370-2020-00458,1,False,9370,2/9/2020 10:55:00 AM,1055,013,14,109,Oakland,1,True,True,C,REAR END,,Sunday,NotApplicable,False,,,False,True,False,Oakland Superior,C,OTHER MOTOR VEHICLE,,0,0,CLEAR,,NO UNUSUAL CONDITIONS,,A,DAYLIGHT,37.838112,-122.221829,,,,,A,NO PEDESTRIANS INVOLVED,2/9/2020 12:00:00 AM,A,22350,False,4,SR-13 N/B,,,2/19/2020 4:46:09 PM,A,S,440.0,BROADWAY TERRACE,F,,D,2/19/2020 4:47:23 PM,2/19/2020 4:47:23 PM,,True,2,,,,,,,
1189343,9370-2020-00477,1,False,9370,2/11/2020 1:02:00 AM,102,024,14,109,Oakland,1,True,True,E,HIT OBJECT,,Tuesday,NotApplicable,False,M,,False,True,True,Oakland Superior,I,FIXED OBJECT,metal/wood guard rail,0,0,CLEAR,,NO UNUSUAL CONDITIONS,,D,DARK-NO STREET LIGHTS,37.84943,-122.23189,,,,,A,NO PEDESTRIANS INVOLVED,2/11/2020 12:00:00 AM,A,22107,False,1,SR-24 W/B TO SR-13 S/B,,,2/19/2020 11:50:15 AM,A,W,760.0,SR-13 S/B,F,,D,2/19/2020 11:51:23 AM,2/19/2020 11:51:23 AM,,True,2,,,,,,,
1189337,9370-2020-00497,1,False,9370,2/12/2020 6:41:00 AM,641,008,14,109,Oakland,1,True,True,C,REAR END,,Wednesday,NotApplicable,False,,,False,True,False,Oakland Superior,D,MOTOR VEHICLE ON OTHER ROADWAY,,0,0,CLEAR,,NO UNUSUAL CONDITIONS,,A,DAYLIGHT,37.82721,-122.29755,,,,,A,NO PEDESTRIANS INVOLVED,2/12/2020 12:00:00 AM,A,22350,False,2,I-80 W/B,,,2/19/2020 11:42:58 AM,A,E,2530.0,I-880 N/B to I-80 W/B,F,,D,2/19/2020 11:43:35 AM,2/19/2020 11:43:35 AM,,True,2,,,,,,,
1189047,9370-2020-00567,1,False,9370,2/15/2020 11:15:00 PM,2315,008,14,109,Oakland,1,True,True,C,REAR END,,Saturday,NotApplicable,False,M,,False,True,False,Oakland Superior,C,OTHER MOTOR VEHICLE,,2,0,CLEAR,,NO UNUSUAL CONDITIONS,,C,DARK-STREET LIGHTS,37.825189,-122.312794,,,,,A,NO PEDESTRIANS INVOLVED,2/17/2020 12:00:00 AM,A,22350,False,1,I-80 W/B,,,2/19/2020 8:56:31 AM,A,E,300.0,SFOBB TOLL PLAZA,F,,D,2/19/2020 9:00:10 AM,2/19/2020 9:00:10 AM,,True,2,,,,,,,
1189021,9370-2020-00404,1,False,9370,2/4/2020 8:10:00 AM,810,024,14,109,Oakland,1,True,True,B,SIDE SWIPE,,Tuesday,NotApplicable,False,M,,False,True,False,Oakland Superior,C,OTHER MOTOR VEHICLE,,0,0,CLEAR,,NO UNUSUAL CONDITIONS,,A,DAYLIGHT,37.849652,-122.237257,,,,,A,NO PEDESTRIANS INVOLVED,2/4/2020 12:00:00 AM,A,21658(a),False,1,SR-24 W/B,,,2/19/2020 8:43:47 AM,A,E,750.0,Golden Gate Ave,F,,D,2/19/2020 8:44:32 AM,2/19/2020 8:44:32 AM,,True,2,,,,,,,
1189005,9370-2020-00556,1,False,9370,2/16/2020 9:45:00 AM,945,052,14,109,Oakland,1,True,True,C,REAR END,,Sunday,NotApplicable,False,,,False,True,True,Oakland Superior,C,OTHER MOTOR VEHICLE,,0,0,CLEAR,,NO UNUSUAL CONDITIONS,,A,DAYLIGHT,37.75531,-122.149334,,,,,A,NO PEDESTRIANS INVOLVED,2/16/2020 12:00:00 AM,A,22350,False,1,I-580 E/B,,,2/19/2020 8:28:21 AM,A,W,950.0,Golf Links Rd,F,,D,2/19/2020 8:29:20 AM,2/19/2020 8:29:20 AM,,True,2,,,,,,,
1188919,9370-2020-00514,1,False,9370,2/12/2020 9:12:00 AM,912,008,14,109,Oakland,1,True,True,C,REAR END,,Wednesday,NotApplicable,True,,,False,True,False,Oakland Superior,C,OTHER MOTOR VEHICLE,,0,0,CLEAR,,NO UNUSUAL CONDITIONS,,A,DAYLIGHT,37.82471,-122.3129,,,,,A,NO PEDESTRIANS INVOLVED,2/13/2020 12:00:00 AM,D,,,,I-80 W/B,,,2/19/2020 7:15:54 AM,A,E,235.0,SAN FRANCISCO-OAKLAND BAY BRIDGE TOLL PL,F,,D,2/19/2020 7:17:17 AM,2/19/2020 7:17:17 AM,,True,2,,,,,,,
1188895,9370-2020-00478,1,False,9370,2/11/2020 1:03:00 AM,103,175,14,109,Oakland,1,True,True,E,HIT OBJECT,,Tuesday,NotApplicable,False,M,,False,True,True,Oakland Superior,I,FIXED OBJECT,concrete wall,0,0,CLEAR,,NO UNUSUAL CONDITIONS,,C,DARK-STREET LIGHTS,37.84279,-122.22577,,,,,A,NO PEDESTRIANS INVOLVED,2/11/2020 12:00:00 AM,A,22107,False,1,SR-13 S/B,,,2/19/2020 6:32:10 AM,A,N,150.0,Broadway Ter,F,,D,2/19/2020 6:32:57 AM,2/19/2020 6:32:57 AM,,True,2,,,,,,,
1188833,9370-2020-00455,1,False,9370,2/8/2020 6:05:00 PM,1805,025,14,109,Oakland,1,True,True,C,REAR END,,Saturday,Yes,False,,,False,True,True,Oakland Superior,C,OTHER MOTOR VEHICLE,,2,0,CLEAR,,NO UNUSUAL CONDITIONS,,C,DARK-STREET LIGHTS,37.836612,-122.265921,,,,,A,NO PEDESTRIANS INVOLVED,2/8/2020 12:00:00 AM,A,22350,False,1,SR-24 W/B,,,2/18/2020 9:16:15 PM,A,W,140.0,52nd street,F,,D,2/18/2020 9:17:02 PM,2/18/2020 9:17:02 PM,,True,2,,,,,,,
1188819,9370-2020-00549,1,False,9370,2/15/2020 2:40:00 PM,1440,008,14,109,Oakland,1,True,True,B,SIDE SWIPE,,Saturday,NotApplicable,False,,,False,True,False,Oakland Superior,C,OTHER MOTOR VEHICLE,,0,0,CLEAR,,NO UNUSUAL CONDITIONS,,A,DAYLIGHT,37.825147,-122.312256,,,,,A,NO PEDESTRIANS INVOLVED,2/15/2020 12:00:00 AM,A,21658(a),False,2,I-80 W/B,,,2/18/2020 7:54:53 PM,A,E,350.0,SFOBB Toll Plaza,F,,D,2/18/2020 7:55:27 PM,2/18/2020 7:55:27 PM,,True,2,,,,,,,
1188805,9370-2020-00499,1,False,9370,2/12/2020 7:15:00 AM,715,008,14,109,Oakland,1,True,True,C,REAR END,,Wednesday,NotApplicable,False,,,False,True,False,Oakland Superior,C,OTHER MOTOR VEHICLE,,1,0,CLEAR,,NO UNUSUAL CONDITIONS,,A,DAYLIGHT,37.493093,-122.184673,,,,,A,NO PEDESTRIANS INVOLVED,2/12/2020 12:00:00 AM,A,22350,False,1,I-80 W/B,,,2/18/2020 6:52:49 PM,A,E,250.0,THE SFOBB TOLL PLAZA,F,,D,2/18/2020 6:54:19 PM,2/18/2020 6:54:19 PM,,True,2,,,,,,,
1188802,9370-2020-00530,1,False,9370,2/14/2020 7:14:00 AM,714,178,14,109,Oakland,1,True,True,C,REAR END,,Friday,Yes,False,M,,False,True,True,Oakland Superior,C,OTHER MOTOR VEHICLE,,1,0,CLEAR,,NO UNUSUAL CONDITIONS,,A,DAYLIGHT,37.491003,-122.173858,,,,,A,NO PEDESTRIANS INVOLVED,2/14/2020 12:00:00 AM,A,22350,False,2,I-80 W/B to I-880 S/B to West Grand Ave,,,2/18/2020 6:20:48 PM,A,E,135.0,West Grand Avenue,F,,A,2/18/2020 6:21:33 PM,2/18/2020 6:21:33 PM,,True,2,,,,,,,
1188783,9370-2020-00471,1,False,9370,2/10/2020 4:09:00 PM,1609,176,14,109,Oakland,1,True,True,C,REAR END,,Monday,Yes,True,,,False,True,True,Oakland Superior,C,OTHER MOTOR VEHICLE,,2,0,CLEAR,,NO UNUSUAL CONDITIONS,,A,DAYLIGHT,37.454747,-122.125739,,,,,A,NO PEDESTRIANS INVOLVED,2/10/2020 12:00:00 AM,A,22350,False,4,I-880 N/B,,,2/18/2020 5:05:18 PM,A,S,2292.0,High Street,F,,D,2/18/2020 5:07:35 PM,2/18/2020 5:07:35 PM,,True,2,,,,,,,
1188733,9370-2020-00511,1,False,9370,2/10/2020 5:30:00 PM,1730,080,14,109,Oakland,1,True,True,C,REAR END,,Monday,NotApplicable,False,,,False,True,True,Oakland Superior,C,OTHER MOTOR VEHICLE,,0,0,CLEAR,,NO UNUSUAL CONDITIONS,,B,DUSK-DAWN,37.82421,-122.311518,,,,,A,NO PEDESTRIANS INVOLVED,2/10/2020 12:00:00 AM,A,21658(a),False,1,I-80 E/B,,,2/18/2020 4:12:23 PM,A,W,560.0,West Grand Ave.,F,,D,2/18/2020 4:13:17 PM,2/18/2020 4:13:17 PM,,True,2,,,,,,,
1188646,9370-2020-00578,1,False,9370,2/15/2020 10:00:00 AM,1000,176,14,109,Oakland,1,True,True,B,SIDE SWIPE,,Saturday,NotApplicable,False,,,False,True,False,Oakland Superior,C,OTHER MOTOR VEHICLE,,0,0,CLEAR,,NO UNUSUAL CONDITIONS,,A,DAYLIGHT,37.772706,-122.226839,,,,,A,NO PEDESTRIANS INVOLVED,2/15/2020 12:00:00 AM,A,21658(a),False,1,I-880 S/B,,,2/18/2020 2:38:30 PM,A,S,310.0,Fruitvale Ave,F,,D,2/18/2020 2:39:01 PM,2/18/2020 2:39:01 PM,,True,2,,,,,,,
1188469,9370-2020-00503,1,False,9370,2/12/2020 3:15:00 PM,1515,053,14,109,Oakland,1,True,True,C,REAR END,,Wednesday,NotApplicable,False,,,False,True,True,Oakland Superior,C,OTHER MOTOR VEHICLE,,1,0,CLEAR,,NO UNUSUAL CONDITIONS,,A,DAYLIGHT,37.4719,-122.115859,,,,,A,NO PEDESTRIANS INVOLVED,2/12/2020 12:00:00 AM,A,22350,False,1,I-580 E/B,,,2/18/2020 12:42:19 PM,A,W,1500.0,High St,F,,D,2/18/2020 12:43:11 PM,2/18/2020 12:43:11 PM,,True,2,,,,,,,
1188361,9370-2020-00507,1,False,9370,2/13/2020 9:22:00 AM,922,025,14,109,Oakland,1,True,True,C,REAR END,,Thursday,Yes,False,,,False,True,True,Oakland Superior,C,OTHER MOTOR VEHICLE,,1,0,CLOUDY,,NO UNUSUAL CONDITIONS,,A,DAYLIGHT,37.83197,-122.26692,,,,,A,NO PEDESTRIANS INVOLVED,2/13/2020 12:00:00 AM,A,22350,False,2,SR-24 W/B,,,2/18/2020 11:04:54 AM,A,E,164.0,42nd St,F,,D,2/18/2020 11:06:50 AM,2/18/2020 11:06:50 AM,,True,2,,,,,,,
1188309,9370-2020-00417,1,False,9370,1/24/2020 6:45:00 AM,645,904,14,109,Oakland,1,True,True,C,REAR END,,Friday,NotApplicable,False,M,,False,True,False,Oakland Superior,C,OTHER MOTOR VEHICLE,,0,0,CLEAR,,NO UNUSUAL CONDITIONS,,Counter Report / Late-ReportedA,DAYLIGHT,37.824907,-122.314114,,,,,A,NO PEDESTRIANS INVOLVED,1/24/2020 12:00:00 AM,A,22350 VC,False,1,I-80 W/B,,,2/18/2020 10:29:54 AM,A,W,1297.0,WEST GRAND AVENUE,F,,D,2/18/2020 10:30:28 AM,2/18/2020 10:30:28 AM,,True,2,,,,,,,
1188279,9370-2020-00520,1,False,9370,2/13/2020 6:41:00 PM,1841,177,14,109,Oakland,1,True,True,C,REAR END,,Thursday,NotApplicable,False,M,,False,True,False,Oakland Superior,C,OTHER MOTOR VEHICLE,,0,0,CLEAR,,NO UNUSUAL CONDITIONS,,C,DARK-STREET LIGHTS,37.46455,-122.141445,,,,,A,NO PEDESTRIANS INVOLVED,2/13/2020 12:00:00 AM,A,22350,False,2,I-880 N/B from 23rd Avenue,,,2/18/2020 10:09:33 AM,A,N,269.0,23rd Ave,F,,A,2/18/2020 10:10:09 AM,2/18/2020 10:10:09 AM,,True,2,,,,,,,
1188180,9370-2020-00545,1,False,9370,2/15/2020 7:02:00 AM,702,176,14,109,Oakland,1,True,True,B,SIDE SWIPE,,Saturday,NotApplicable,False,,,False,True,False,Oakland Superior,C,OTHER MOTOR VEHICLE,,0,0,CLEAR,,HOLES- DEEPRUT*,,A,DAYLIGHT,37.751512,-122.206148,,,,,A,NO PEDESTRIANS INVOLVED,2/15/2020 12:00:00 AM,A,21658(a),False,,I-880 S/B,,,2/18/2020 9:29:06 AM,A,S,1025.0,66th Ave,F,,D,2/18/2020 9:30:52 AM,2/18/2020 9:30:52 AM,,True,2,,,,,,,
1188151,9370-2020-00531,1,False,9370,2/14/2020 10:33:00 AM,1033,176,14,109,Oakland,1,True,True,C,REAR END,,Friday,NotApplicable,False,,,False,True,False,Oakland Superior,C,OTHER MOTOR VEHICLE,,0,0,CLEAR,,NO UNUSUAL CONDITIONS,,A,DAYLIGHT,37.443971,-122.115879,,,,,A,NO PEDESTRIANS INVOLVED,2/14/2020 12:00:00 AM,A,22350,False,2,I-880 S/B,,,2/18/2020 9:16:01 AM,A,N,2239.0,Hegenberger Road,F,,D,2/18/2020 9:16:54 AM,2/18/2020 9:16:54 AM,,True,2,,,,,,,
1188030,9370-2020-00512,1,False,9370,2/10/2020 7:20:00 PM,1920,008,14,109,Oakland,1,True,True,C,REAR END,,Monday,NotApplicable,False,,,False,True,True,Oakland Superior,C,OTHER MOTOR VEHICLE,,0,0,CLEAR,,NO UNUSUAL CONDITIONS,,B,DUSK-DAWN,37.82554,-122.3024,,,,,A,NO PEDESTRIANS INVOLVED,2/10/2020 12:00:00 AM,A,22350,False,1,I-80 E/B,,,2/18/2020 7:54:35 AM,A,E,2000.0,W. GRAND AVE.,F,,D,2/18/2020 7:55:26 AM,2/18/2020 7:55:26 AM,,True,2,,,,,,,
1187968,9370-2020-00573,1,False,9370,2/17/2020 11:17:00 AM,1117,176,14,109,Oakland,1,True,True,C,REAR END,,Monday,NotApplicable,False,,,False,True,True,Oakland Superior,C,OTHER MOTOR VEHICLE,,0,0,CLEAR,,NO UNUSUAL CONDITIONS,,A,DAYLIGHT,37.762847,-122.215862,,,,,A,NO PEDESTRIANS INVOLVED,2/17/2020 12:00:00 AM,A,22350,False,1,I-880 N/B,,,2/18/2020 6:50:29 AM,A,S,2340.0,HIGH STREET,F,,D,2/18/2020 6:54:13 AM,2/18/2020 6:54:13 AM,,True,2,,,,,,,
1187935,9370-2020-00544,1,False,9370,2/8/2020 1:51:00 PM,1351,176,14,109,Oakland,1,True,True,C,REAR END,,Saturday,NotApplicable,False,M,,False,True,False,Oakland Superior,C,OTHER MOTOR VEHICLE,,0,0,CLEAR,,NO UNUSUAL CONDITIONS,,A,DAYLIGHT,37.7724,-122.22567,,,,,A,NO PEDESTRIANS INVOLVED,2/8/2020 12:00:00 AM,A,22350,False,2,I-880 S/B,,,2/18/2020 6:12:27 AM,A,S,680.0,Fruitvale Ave,F,,D,2/18/2020 6:14:15 AM,2/18/2020 6:14:15 AM,,True,2,,,,,,,
1187926,9370-2020-00468,1,False,9370,2/10/2020 10:00:00 AM,1000,098,14,109,Oakland,1,True,True,B,SIDE SWIPE,,Monday,Yes,False,,,False,True,True,Oakland Superior,C,OTHER MOTOR VEHICLE,,2,0,CLEAR,,NO UNUSUAL CONDITIONS,,A,DAYLIGHT,37.8185,-122.26952,,,,,A,NO PEDESTRIANS INVOLVED,2/10/2020 12:00:00 AM,A,22107,False,1,I-980 W/B TO I-580,,,2/18/2020 6:06:18 AM,A,E,630.0,27th Ave,F,,D,2/18/2020 6:07:04 AM,2/18/2020 6:07:04 AM,,True,2,,,,,,,
1187894,9370-2020-00461,1,False,9370,2/9/2020 4:30:00 PM,1630,053,14,109,Oakland,1,True,True,E,HIT OBJECT,,Sunday,Yes,False,,,False,True,True,Oakland Superior,I,FIXED OBJECT,METAL GUARD RAIL,0,0,CLEAR,,NO UNUSUAL CONDITIONS,,A,DAYLIGHT,37.48239,-122.134233,,,,,A,NO PEDESTRIANS INVOLVED,2/9/2020 12:00:00 AM,A,22107,False,1,I-580 E/B,,,2/18/2020 4:41:28 AM,A,E,100.0,Beaumont Ave,F,,D,2/18/2020 4:42:07 AM,2/18/2020 4:42:07 AM,,True,2,,,,,,,
1187870,9370-2020-00449,1,False,9370,2/7/2020 11:20:00 PM,2320,055,14,109,Oakland,1,True,True,C,REAR END,,Friday,Yes,False,,,False,True,True,Oakland Superior,C,OTHER MOTOR VEHICLE,,0,0,CLEAR,,NO UNUSUAL CONDITIONS,,C,DARK-STREET LIGHTS,37.822706,-122.260729,,,,,A,NO PEDESTRIANS INVOLVED,2/7/2020 12:00:00 AM,A,23152(a),True,1,I-580 W/B,,,2/17/2020 9:36:03 PM,A,E,400.0,WEBSTER STREET,F,,D,2/17/2020 9:37:03 PM,2/17/2020 9:37:03 PM,,True,2,,,,,,,
1187868,9370-2020-00488,1,False,9370,2/12/2020 2:45:00 AM,245,176,14,109,Oakland,1,True,True,B,SIDE SWIPE,,Wednesday,NotApplicable,False,,,False,True,True,Oakland Superior,C,OTHER MOTOR VEHICLE,,0,0,CLEAR,,NO UNUSUAL CONDITIONS,,D,DARK-NO STREET LIGHTS,37.751114,-122.205818,,,,,A,NO PEDESTRIANS INVOLVED,2/12/2020 12:00:00 AM,A,22350,False,1,I-880 S/B,,,2/17/2020 9:24:46 PM,A,S,1200.0,66th Ave,F,,D,2/17/2020 9:25:20 PM,2/17/2020 9:25:20 PM,,True,2,,,,,,,
1187755,9370-2020-00571,1,False,9370,2/17/2020 12:24:00 PM,1224,098,14,109,Oakland,1,True,True,C,REAR END,,Monday,Yes,False,,,False,True,False,Oakland Superior,C,OTHER MOTOR VEHICLE,,0,0,CLEAR,,NO UNUSUAL CONDITIONS,,A,DAYLIGHT,37.729026,-122.186361,,,,,A,NO PEDESTRIANS INVOLVED,2/17/2020 12:00:00 AM,A,22350,False,1,I-880 S/B,,,2/17/2020 2:42:11 PM,A,S,1080.0,98th Ave,F,,D,2/17/2020 2:43:02 PM,2/17/2020 2:43:02 PM,,True,2,,,,,,,
1187753,9370-2020-00548,1,False,9370,2/15/2020 7:13:00 PM,1913,176,14,109,Oakland,1,True,True,C,REAR END,,Saturday,NotApplicable,False,M,,False,True,False,Oakland Superior,C,OTHER MOTOR VEHICLE,,1,0,CLEAR,,NO UNUSUAL CONDITIONS,,D,DARK-NO STREET LIGHTS,37.43425,-122.11865,,,,,A,NO PEDESTRIANS INVOLVED,2/15/2020 12:00:00 AM,A,22350,False,1,I-880 N/B,,,2/17/2020 2:30:21 PM,A,S,1400.0,98th Ave,F,,D,2/17/2020 2:33:25 PM,2/17/2020 2:33:25 PM,,True,2,,,,,,,
1187740,9370-2020-00546,1,False,9370,2/15/2020 1:16:00 PM,1316,176,14,109,Oakland,1,True,True,C,REAR END,,Saturday,NotApplicable,False,,,False,True,True,Oakland Superior,C,OTHER MOTOR VEHICLE,,2,0,CLEAR,,NO UNUSUAL CONDITIONS,,A,DAYLIGHT,37.46237,-122.13395,,,,,A,NO PEDESTRIANS INVOLVED,2/15/2020 12:00:00 AM,A,22350,False,1,I-880 N/B,,,2/17/2020 2:18:28 PM,A,S,50.0,Fruitvale Ave,F,,D,2/17/2020 2:19:18 PM,2/17/2020 2:19:18 PM,,True,2,,,,,,,
1187735,9370-2020-00519,1,False,9370,2/14/2020 4:54:00 PM,1654,176,14,109,Oakland,1,True,True,C,REAR END,,Friday,NotApplicable,False,,,False,True,True,Oakland Superior,C,OTHER MOTOR VEHICLE,,0,0,CLEAR,,NO UNUSUAL CONDITIONS,,A,DAYLIGHT,37.434482,-122.110986,,,,,A,NO PEDESTRIANS INVOLVED,2/13/2020 12:00:00 AM,A,22350,False,3,I-880 N/B,,,2/17/2020 2:11:02 PM,A,S,1591.0,98th Ave,F,,D,2/17/2020 2:11:52 PM,2/17/2020 2:11:52 PM,,True,2,,,,,,,
1187698,9370-2020-00501,1,False,9370,2/12/2020 5:57:00 PM,1757,052,14,109,Oakland,1,True,True,C,REAR END,,Wednesday,NotApplicable,False,,,False,True,True,Oakland Superior,C,OTHER MOTOR VEHICLE,,0,0,CLEAR,,NO UNUSUAL CONDITIONS,,C,DARK-STREET LIGHTS,37.781878,-122.175038,,,,,A,NO PEDESTRIANS INVOLVED,2/12/2020 12:00:00 AM,A,22350,False,1,I-580 W/B,,,2/17/2020 12:59:24 PM,A,E,0.25,SR-13 S/B,M,,D,2/17/2020 1:00:18 PM,2/17/2020 1:00:18 PM,,True,2,,,,,,,
1187438,9370-2020-00447,1,False,9370,2/7/2020 4:30:00 PM,1630,178,14,109,Oakland,1,True,True,C,REAR END,,Friday,Yes,False,,,False,True,True,Oakland Superior,C,OTHER MOTOR VEHICLE,,1,0,CLEAR,,NO UNUSUAL CONDITIONS,,A,DAYLIGHT,37.802102,-122.284342,,,,,A,NO PEDESTRIANS INVOLVED,2/7/2020 12:00:00 AM,A,22350,False,3,I-880 S/B,,,2/16/2020 6:18:52 PM,A,N,275.0,Market St,F,,D,2/16/2020 6:29:19 PM,2/16/2020 6:29:19 PM,,True,2,,,,,,,