collision-id,report-number,report-version,is-preliminary,ncic-code,crash-date-time,crash-time-description,beat,city-id,city-code,city-name,county-code,city-is-active,city-is-incorporated,collision-type-code,collision-type-description,collision-type-other-desc,day-of-week,dispatch-notified,has-photographs,hit-run,is-attachments-mailed,is-deleted,is-highway-related,is-tow-away,judicial-district,motor-vehicle-involved-with-code,motor-vehicle-involved-with-desc,motor-vehicle-involved-with-other-desc,number-injured,number-killed,weather-1,weather-2,road-condition-1,road-condition-2,special-condition-lighting-code,lighting-description,latitude,longitude,milepost-direction,milepost-distance,milepost-marker,milepost-unit-of-measure,pedestrian-action-code,pedestrian-action-desc,prepared-date,primary-collision-factor-code,primary-collision-factor-violation,primary-collision-factor-is-cited,primary-collision-party-number,primary-road,reporting-district,reporting-district-code,reviewed-date,roadway-surface-code,secondary-direction,secondary-distance,secondary-road,secondary-unit-of-measure,sketch-desc,traffic-control-device-code,created-date,modified-date,is-county-road,is-freeway,chp-555-version,is-additonal-object-struck,notification-date,notification-time-description,has-digital-media-files,evidence-number,is-location-refer-to-narrative,is-aoi-one-same-as-location
1201133,9370-2020-00718,1,False,9370,2/29/2020 11:04:00 AM,1104,024,14,109,Oakland,1,True,True,C,REAR END,,Saturday,NotApplicable,False,,,False,True,True,Oakland Superior,C,OTHER MOTOR VEHICLE,,1,0,CLEAR,,NO UNUSUAL CONDITIONS,,C,DARK-STREET LIGHTS,37.857452,-122.214925,,,,,A,NO PEDESTRIANS INVOLVED,2/29/2020 12:00:00 AM,A,22350 VC,False,1,SR-24 W/B,,,3/3/2020 5:10:35 PM,A,W,950.0,EAST #3 BORE EDGE,F,,D,3/3/2020 5:11:08 PM,3/3/2020 5:11:08 PM,,True,2,,,,,,,
1201108,9370-2020-00668,2,False,9370,2/25/2020 8:40:00 AM,840,008,14,109,Oakland,1,True,True,B,SIDE SWIPE,,Tuesday,NotApplicable,False,,,False,True,False,Oakland Superior,C,OTHER MOTOR VEHICLE,,0,0,CLEAR,,NO UNUSUAL CONDITIONS,,A,DAYLIGHT,37.49279,-122.183635,,,,,A,NO PEDESTRIANS INVOLVED,2/25/2020 12:00:00 AM,A,21658(a),False,1,I-80 E/B,,,5/14/2020 4:59:28 AM,A,W,135.0,W. GRAND AVE,F,,D,3/3/2020 4:21:57 PM,5/14/2020 4:59:52 AM,,True,2,,,,,,,
1200997,9370-2020-00695,1,False,9370,2/27/2020 6:30:00 PM,1830,176,14,109,Oakland,1,True,True,C,REAR END,,Thursday,NotApplicable,False,,,False,True,False,Oakland Superior,C,OTHER MOTOR VEHICLE,,1,0,CLEAR,,NO UNUSUAL CONDITIONS,,D,DARK-NO STREET LIGHTS,37.76207,-122.215299,,,,,A,NO PEDESTRIANS INVOLVED,2/27/2020 12:00:00 AM,A,22350,False,1,I-880 S/B,,,3/3/2020 2:31:10 PM,A,S,2500.0,High St,F,,D,3/3/2020 2:31:47 PM,3/3/2020 2:31:47 PM,,True,2,,,,,,,
1200988,9370-2020-00691,1,False,9370,2/26/2020 6:50:00 PM,1850,013,14,109,Oakland,1,True,True,C,REAR END,,Wednesday,NotApplicable,False,M,,False,True,False,Oakland Superior,C,OTHER MOTOR VEHICLE,,0,0,CLEAR,,NO UNUSUAL CONDITIONS,,D,DARK-NO STREET LIGHTS,37.845517,-122.227363,,,,,A,NO PEDESTRIANS INVOLVED,2/26/2020 12:00:00 AM,A,22350,False,1,SR-13 N/B,,,3/3/2020 2:22:08 PM,A,S,945.0,SR-24 E/B,F,,D,3/3/2020 2:23:19 PM,3/3/2020 2:23:19 PM,,True,2,,,,,,,
1200951,9370-2020-00602,1,False,9370,2/20/2020 8:50:00 AM,850,176,14,109,Oakland,1,True,True,C,REAR END,,Thursday,NotApplicable,False,M,,False,True,True,Oakland Superior,C,OTHER MOTOR VEHICLE,,0,0,CLEAR,,NO UNUSUAL CONDITIONS,,A,DAYLIGHT,37.756078,-122.210157,,,,,A,NO PEDESTRIANS INVOLVED,2/20/2020 12:00:00 AM,A,22350,False,1,I-880 S/B,,,3/3/2020 2:02:18 PM,A,N,930.0,66th Ave,F,,D,3/3/2020 2:03:11 PM,3/3/2020 2:03:11 PM,,True,2,,,,,,,
1200677,9370-2020-00723,1,False,9370,2/28/2020 6:20:00 PM,1820,024,14,109,Oakland,1,True,True,B,SIDE SWIPE,,Friday,NotApplicable,False,M,,False,True,False,Oakland Superior,C,OTHER MOTOR VEHICLE,,0,0,CLEAR,,NO UNUSUAL CONDITIONS,,C,DARK-STREET LIGHTS,37.853758,-122.220929,,,,,A,NO PEDESTRIANS INVOLVED,2/28/2020 12:00:00 AM,A,21658(A) VC,False,1,SR-24 E/B,,,3/3/2020 10:40:32 AM,A,W,1000.0,Caldecott Tunl,F,,D,3/3/2020 10:49:37 AM,3/3/2020 10:49:37 AM,,True,2,,,,,,,
1200597,9370-2020-00680,1,False,9370,2/25/2020 8:22:00 PM,2022,177,14,109,Oakland,1,True,True,C,REAR END,,Tuesday,Yes,False,,,False,True,True,Oakland Superior,C,OTHER MOTOR VEHICLE,,0,0,CLEAR,,NO UNUSUAL CONDITIONS,,C,DARK-STREET LIGHTS,37.7861,-122.24591,,,,,A,NO PEDESTRIANS INVOLVED,2/25/2020 12:00:00 AM,A,23152(a),True,1,I-880 SOUTHBOUND TO 16TH AVE,,,3/3/2020 9:59:36 AM,A,N,460.0,16TH AVE O/C,F,,D,3/3/2020 10:00:26 AM,3/3/2020 10:00:26 AM,,True,2,,,,,,,
1200480,9370-2020-00733,1,False,9370,2/29/2020 11:25:00 PM,2325,052,14,109,Oakland,1,True,True,E,HIT OBJECT,,Saturday,NotApplicable,False,,,False,True,True,Oakland Superior,I,FIXED OBJECT,CONCRETE BARRIER WALL,1,0,CLEAR,,NO UNUSUAL CONDITIONS,,C,DARK-STREET LIGHTS,37.788514,-122.199346,,,,,A,NO PEDESTRIANS INVOLVED,2/29/2020 12:00:00 AM,A,22107,False,1,I-580 E/B,,,3/3/2020 8:54:34 AM,A,E,415.0,38th Ave,F,,D,3/3/2020 8:55:51 AM,3/3/2020 8:55:51 AM,,True,2,,,,,,,
1200461,9370-2020-00731,1,False,9370,3/1/2020 1:40:00 PM,1340,052,14,109,Oakland,1,True,True,C,REAR END,,Sunday,NotApplicable,False,,,False,True,False,Oakland Superior,C,OTHER MOTOR VEHICLE,,0,0,CLEAR,,NO UNUSUAL CONDITIONS,,A,DAYLIGHT,37.445909,-122.9542,,,,,A,NO PEDESTRIANS INVOLVED,3/1/2020 12:00:00 AM,A,22350,False,1,I-580 E/B,,,3/3/2020 8:44:00 AM,A,W,1850.0,106th Ave,F,,D,3/3/2020 8:44:34 AM,3/3/2020 8:44:34 AM,,True,2,,,,,,,
1200422,9370-2020-00649,1,False,9370,2/21/2020 6:26:00 PM,1826,052,14,109,Oakland,1,True,True,C,REAR END,,Friday,NotApplicable,False,,,False,True,False,Oakland Superior,C,OTHER MOTOR VEHICLE,,0,0,CLEAR,,NO UNUSUAL CONDITIONS,,A,DAYLIGHT,37.77496,-122.161157,,,,,A,NO PEDESTRIANS INVOLVED,2/21/2020 12:00:00 AM,A,22350,False,1,I-580 W/B,,,3/3/2020 8:08:21 AM,A,W,1735.0,Keller Ave,F,,D,3/3/2020 8:14:06 AM,3/3/2020 8:14:06 AM,,True,2,,,,,,,
1200263,9370-2020-00717,1,False,9370,2/29/2020 10:24:00 AM,1024,024,14,109,Oakland,1,True,True,C,REAR END,,Saturday,NotApplicable,False,,,False,True,False,Oakland Superior,C,OTHER MOTOR VEHICLE,,0,0,CLEAR,,NO UNUSUAL CONDITIONS,,A,DAYLIGHT,37.83405,-122.266421,,,,,A,NO PEDESTRIANS INVOLVED,2/29/2020 12:00:00 AM,A,22350 VC,False,1,SR-24 W/B,,,3/2/2020 9:37:55 PM,A,E,216.0,45TH STREET,F,,D,3/2/2020 9:38:27 PM,3/2/2020 9:38:27 PM,,True,2,,,,,,,
1200229,9370-2020-00625,1,False,9370,2/21/2020 7:00:00 PM,1900,176,14,109,Oakland,1,True,True,C,REAR END,,Friday,NotApplicable,False,,,False,True,False,Oakland Superior,C,OTHER MOTOR VEHICLE,,0,0,CLEAR,,NO UNUSUAL CONDITIONS,,C,DARK-STREET LIGHTS,37.728449,-122.185959,,,,,A,NO PEDESTRIANS INVOLVED,2/21/2020 12:00:00 AM,A,22350,False,1,I-880 S/B,,,3/2/2020 7:26:41 PM,A,S,1400.0,98th Ave,F,,D,3/2/2020 7:27:23 PM,3/2/2020 7:27:23 PM,,True,2,,,,,,,
1200223,9370-2020-00600,1,False,9370,2/19/2020 8:50:00 AM,850,178,14,109,Oakland,1,True,True,C,REAR END,,Wednesday,NotApplicable,False,,,False,True,True,Oakland Superior,C,OTHER MOTOR VEHICLE,,2,0,CLEAR,,NO UNUSUAL CONDITIONS,,A,DAYLIGHT,37.817251,-122.297684,,,,,A,NO PEDESTRIANS INVOLVED,2/19/2020 12:00:00 AM,A,22107,False,1,I-80 W/B TO I-880 S/B,,,3/2/2020 7:07:13 PM,A,W,1150.0,WEST GRAND AVENUE,F,,D,3/2/2020 7:08:20 PM,3/2/2020 7:08:20 PM,,True,2,,,,,,,
1200199,9370-2020-00684,1,False,9370,2/26/2020 1:40:00 PM,1340,901,14,109,Oakland,1,True,True,B,SIDE SWIPE,,Wednesday,NotApplicable,True,,,False,True,False,Oakland Superior,C,OTHER MOTOR VEHICLE,,0,0,CLEAR,,NO UNUSUAL CONDITIONS,,A,DAYLIGHT,37.837826,-122.264203,,,,,A,NO PEDESTRIANS INVOLVED,2/26/2020 12:00:00 AM,A,22107,False,1,52nd Street,,,3/2/2020 5:40:47 PM,A,W,20.0,Shattuck Avenue,F,,D,3/2/2020 5:41:40 PM,3/2/2020 5:41:40 PM,,,2,,,,,,,
1199656,9370-2020-00182,1,False,9370,1/16/2020 9:10:00 AM,910,052,14,109,Oakland,1,True,True,C,REAR END,,Thursday,NotApplicable,False,M,,False,True,False,Oakland Superior,C,OTHER MOTOR VEHICLE,,1,0,RAINING,,NO UNUSUAL CONDITIONS,,A,DAYLIGHT,37.47276,-122.10519,,,,,A,NO PEDESTRIANS INVOLVED,1/16/2020 12:00:00 AM,A,22350,False,1,I-580 W/B,,,3/2/2020 11:00:34 AM,B,W,80.0,Davenport Ave,F,,D,3/2/2020 11:01:38 AM,3/2/2020 11:01:38 AM,,True,2,,,,,,,
1199507,9370-2020-00658,1,False,9370,2/24/2020 9:30:00 AM,930,176,14,109,Oakland,1,True,True,C,REAR END,,Monday,NotApplicable,False,,,False,True,True,Oakland Superior,C,OTHER MOTOR VEHICLE,,0,0,CLEAR,,NO UNUSUAL CONDITIONS,,A,DAYLIGHT,37.725565,-122.183029,,,,,A,NO PEDESTRIANS INVOLVED,2/24/2020 12:00:00 AM,A,22350,False,1,I-880 N/B,,,3/2/2020 9:34:00 AM,A,S,2795.0,98th Ave,F,,D,3/2/2020 9:34:31 AM,3/2/2020 9:34:31 AM,,True,2,,,,,,,
1199358,9370-2020-00633,1,False,9370,2/22/2020 1:05:00 AM,105,177,14,109,Oakland,1,True,True,E,HIT OBJECT,,Saturday,Yes,False,,,False,True,True,Oakland Superior,I,FIXED OBJECT,IMPACT ATTENUATOR,0,0,CLEAR,,NO UNUSUAL CONDITIONS,,D,DARK-NO STREET LIGHTS,37.78666,-122.246539,,,,,A,NO PEDESTRIANS INVOLVED,2/22/2020 12:00:00 AM,A,23152(a),True,1,I-880 S/B,,,3/2/2020 8:12:35 AM,A,N,680.0,16TH AVENUE,F,,D,3/2/2020 8:14:14 AM,3/2/2020 8:14:14 AM,,True,2,,,,,,,
1199344,9370-2020-00631,1,False,9370,2/21/2020 4:37:00 PM,1637,176,14,109,Oakland,1,True,True,C,REAR END,,Friday,NotApplicable,False,,,False,True,False,Oakland Superior,C,OTHER MOTOR VEHICLE,,0,0,CLEAR,,NO UNUSUAL CONDITIONS,,A,DAYLIGHT,37.76801,-122.220437,,,,,A,NO PEDESTRIANS INVOLVED,2/21/2020 12:00:00 AM,A,22350,False,2,I-880 S/B,,,3/2/2020 7:47:01 AM,A,S,100.0,HIGH STREET,F,,D,3/2/2020 7:48:29 AM,3/2/2020 7:48:29 AM,,True,2,,,,,,,
1199332,9370-2020-00645,1,False,9370,2/23/2020 7:00:00 AM,700,024,14,109,Oakland,1,True,True,B,SIDE SWIPE,,Sunday,Yes,False,,,False,True,True,Oakland Superior,I,FIXED OBJECT,metal guardrail,1,0,CLOUDY,,NO UNUSUAL CONDITIONS,,A,DAYLIGHT,37.84939,-122.241783,,,,,A,NO PEDESTRIANS INVOLVED,2/23/2020 12:00:00 AM,A,22107,False,1,SR-24 W/B,,,3/2/2020 7:35:39 AM,A,E,1900.0,Presley Way,F,,D,3/2/2020 7:36:28 AM,3/2/2020 7:36:28 AM,,True,2,,,,,,,
1199245,9370-2020-00643,1,False,9370,2/23/2020 11:05:00 AM,1105,054,14,109,Oakland,1,True,True,E,HIT OBJECT,,Sunday,NotApplicable,False,,,False,True,True,Oakland Superior,I,FIXED OBJECT,Metal Guard Rail,0,0,CLEAR,,NO UNUSUAL CONDITIONS,,A,DAYLIGHT,37.81934,-122.25454,,,,,A,NO PEDESTRIANS INVOLVED,2/23/2020 12:00:00 AM,A,22107,False,1,I-580 E/B,,,3/2/2020 5:30:56 AM,A,W,100.0,W. MacArthurd Blvd.,F,,D,3/2/2020 5:31:59 AM,3/2/2020 5:31:59 AM,,True,2,,,,,,,
1199240,9370-2020-00642,1,False,9370,2/23/2020 8:15:00 AM,815,024,14,109,Oakland,1,True,True,C,REAR END,,Sunday,NotApplicable,False,,,False,True,True,Oakland Superior,C,OTHER MOTOR VEHICLE,,0,0,CLEAR,,NO UNUSUAL CONDITIONS,,A,DAYLIGHT,37.854675,-122.217127,,,,,A,NO PEDESTRIANS INVOLVED,2/23/2020 12:00:00 AM,A,22350,False,1,SR-24 E/B,,,3/2/2020 5:22:39 AM,A,W,840.0,Skyline Blvd,F,,D,3/2/2020 5:25:44 AM,3/2/2020 5:25:44 AM,,True,2,,,,,,,
1199225,9370-2020-00632,1,False,9370,2/22/2020 3:25:00 PM,1525,176,14,109,Oakland,1,True,True,C,REAR END,,Saturday,NotApplicable,False,,,False,True,False,Oakland Superior,C,OTHER MOTOR VEHICLE,,0,0,CLEAR,,NO UNUSUAL CONDITIONS,,A,DAYLIGHT,37.741223,-122.196825,,,,,A,NO PEDESTRIANS INVOLVED,2/22/2020 12:00:00 AM,A,22350,False,1,I-880 N/B,,,3/2/2020 5:02:13 AM,A,N,85.0,Hegenberger Rd,F,,D,3/2/2020 5:02:47 AM,3/2/2020 5:02:47 AM,,True,2,,,,,,,
1199223,9370-2020-00612,1,False,9370,2/20/2020 7:50:00 PM,1950,053,14,109,Oakland,1,True,True,B,SIDE SWIPE,,Thursday,NotApplicable,False,,,False,True,False,Oakland Superior,C,OTHER MOTOR VEHICLE,,0,0,CLEAR,,NO UNUSUAL CONDITIONS,,C,DARK-STREET LIGHTS,37.754015,-122.150512,,,,,A,NO PEDESTRIANS INVOLVED,2/20/2020 12:00:00 AM,B,UNSAFE MERGE,,1,I-580 W/B FROM GOLF LINKS ROAD,,,3/2/2020 4:41:57 AM,A,E,179.0,Golf Links Rd,F,,D,3/2/2020 4:42:32 AM,3/2/2020 4:42:32 AM,,True,2,,,,,,,
1199171,9335-2020-00423,1,False,9335,2/27/2020 10:20:00 AM,1020,082,14,109,Oakland,1,True,True,B,SIDE SWIPE,,Thursday,NotApplicable,True,,,False,True,False,Oakland Superior,C,OTHER MOTOR VEHICLE,,0,0,CLEAR,,NO UNUSUAL CONDITIONS,,A,DAYLIGHT,37.824765,-122.31519,,,,,A,NO PEDESTRIANS INVOLVED,2/27/2020 12:00:00 AM,B,IMPROPER MERGE,,1,I-80 W/B,,,3/1/2020 2:07:58 PM,A,W,500.0,SFOBB TOLL PLAZA,F,,D,3/1/2020 2:09:53 PM,3/1/2020 2:09:53 PM,,True,2,,,,,,,
1199148,9335-2020-00393,1,False,9335,2/22/2020 7:10:00 PM,1910,082,14,109,Oakland,1,True,True,C,REAR END,,Saturday,NotApplicable,False,M,,False,True,False,Oakland Superior,C,OTHER MOTOR VEHICLE,,0,0,CLOUDY,,NO UNUSUAL CONDITIONS,,C,DARK-STREET LIGHTS,37.823415,-122.319763,,,,,A,NO PEDESTRIANS INVOLVED,2/22/2020 12:00:00 AM,A,22350,False,1,I-80 W/B,,,3/1/2020 12:54:34 PM,A,W,740.0,SFOBB METERING LIGHTS,F,,D,3/1/2020 12:55:17 PM,3/1/2020 12:55:17 PM,,True,2,,,,,,,
1199015,9335-2020-00431,1,False,9335,2/26/2020 9:35:00 PM,2135,082,14,109,Oakland,1,True,True,C,REAR END,,Wednesday,NotApplicable,False,,,False,True,True,Oakland Superior,C,OTHER MOTOR VEHICLE,,1,0,CLEAR,,NO UNUSUAL CONDITIONS,,C,DARK-STREET LIGHTS,37.823593,-122.319104,,,,,A,NO PEDESTRIANS INVOLVED,2/26/2020 12:00:00 AM,A,22350,True,2,I-80 W/B,,,2/29/2020 10:51:52 AM,A,W,534.0,SFOBB METERING LIGHTS,F,,D,2/29/2020 10:53:04 AM,2/29/2020 10:53:04 AM,,True,2,,,,,,,
1198420,9370-2020-00660,1,False,9370,2/24/2020 9:50:00 AM,950,176,14,109,Oakland,1,True,True,C,REAR END,,Monday,NotApplicable,False,,,False,True,False,Oakland Superior,C,OTHER MOTOR VEHICLE,,0,0,CLEAR,,NO UNUSUAL CONDITIONS,,A,DAYLIGHT,37.745942,-122.200952,,,,,A,NO PEDESTRIANS INVOLVED,2/24/2020 12:00:00 AM,A,22350,False,1,I-880 N/B,,,2/28/2020 8:49:38 AM,A,S,3500.0,66th Ave,F,,D,2/28/2020 8:50:17 AM,2/28/2020 8:50:17 AM,,True,2,,,,,,,
1198305,9370-2020-00614,2,False,9370,2/20/2020 11:48:00 PM,2348,052,14,109,Oakland,1,True,True,B,SIDE SWIPE,,Thursday,NotApplicable,False,,,False,True,False,Oakland Superior,C,OTHER MOTOR VEHICLE,,0,0,CLEAR,,NO UNUSUAL CONDITIONS,,D,DARK-NO STREET LIGHTS,37.73569,-122.14023,,,,,A,NO PEDESTRIANS INVOLVED,2/20/2020 12:00:00 AM,A,21658(a),False,1,I-580 E/B,,,4/30/2020 10:01:24 AM,A,W,400.0,Dutton Ave,F,,D,2/28/2020 7:04:22 AM,4/30/2020 10:01:39 AM,,True,2,,,,,,,
1198289,9370-2020-00581,1,False,9370,2/18/2020 10:55:00 AM,1055,053,14,109,Oakland,1,True,True,E,HIT OBJECT,,Tuesday,Yes,False,,,False,True,True,Oakland Superior,J,OTHER OBJECT,ORANGE TRAFFIC CONE,0,0,CLEAR,,NO UNUSUAL CONDITIONS,,A,DAYLIGHT,37.79002,-122.20156,,,,,A,NO PEDESTRIANS INVOLVED,2/18/2020 12:00:00 AM,A,22350,False,1,I-580 E/B,,,2/28/2020 6:36:43 AM,A,E,900.0,35th Ave,F,,D,2/28/2020 6:40:28 AM,2/28/2020 6:40:28 AM,,True,2,,,,,,,
1198262,9370-2020-00562,1,False,9370,2/16/2020 2:15:00 PM,1415,053,14,109,Oakland,1,True,True,C,REAR END,,Sunday,NotApplicable,False,M,,False,True,False,Oakland Superior,C,OTHER MOTOR VEHICLE,,0,0,CLEAR,,NO UNUSUAL CONDITIONS,,A,DAYLIGHT,37.78969,-122.20091,,,,,A,NO PEDESTRIANS INVOLVED,2/16/2020 12:00:00 AM,A,22350,False,1,I-580 W/B,,,2/28/2020 5:54:28 AM,A,W,180.0,38th Ave,F,,D,2/28/2020 5:55:18 AM,2/28/2020 5:55:18 AM,,True,2,,,,,,,
1198230,9370-2020-00621,1,False,9370,2/21/2020 2:00:00 PM,1400,055,14,109,Oakland,1,True,True,B,SIDE SWIPE,,Friday,NotApplicable,False,,,False,True,True,Oakland Superior,C,OTHER MOTOR VEHICLE,,0,0,CLEAR,,NO UNUSUAL CONDITIONS,,A,DAYLIGHT,37.827469,-122.283558,,,,,A,NO PEDESTRIANS INVOLVED,2/21/2020 12:00:00 AM,A,21658(a),False,1,I-580 W/B,,,2/27/2020 9:35:34 PM,A,E,262.0,Hollis St,F,,D,2/27/2020 9:36:21 PM,2/27/2020 9:36:21 PM,,True,2,,,,,,,
1198228,9370-2020-00640,1,False,9370,2/22/2020 9:30:00 PM,2130,025,14,109,Oakland,1,True,True,E,HIT OBJECT,,Saturday,NotApplicable,False,M,,False,True,True,Oakland Superior,I,FIXED OBJECT,METAL GUARD RAIL,0,0,CLOUDY,,NO UNUSUAL CONDITIONS,,C,DARK-STREET LIGHTS,37.833248,-122.266954,,,,,A,NO PEDESTRIANS INVOLVED,2/22/2020 12:00:00 AM,A,22107 VC,False,1,SR-24 W/B TO I-580,,,2/27/2020 9:31:33 PM,A,E,60.0,40th St,F,,D,2/27/2020 9:32:16 PM,2/27/2020 9:32:16 PM,,True,2,,,,,,,
1198226,9370-2020-00599,1,False,9370,2/20/2020 4:55:00 AM,455,008,14,109,Oakland,1,True,True,C,REAR END,,Thursday,NotApplicable,False,M,,False,True,True,Oakland Superior,C,OTHER MOTOR VEHICLE,,0,0,CLEAR,,NO UNUSUAL CONDITIONS,,C,DARK-STREET LIGHTS,37.493093,-122.184469,,,,,A,NO PEDESTRIANS INVOLVED,2/20/2020 12:00:00 AM,A,21658(a),False,1,I-80 W/B,,,2/27/2020 9:13:25 PM,A,E,415.0,TOLL PLAZA,F,,D,2/27/2020 9:14:37 PM,2/27/2020 9:14:37 PM,,True,2,,,,,,,
1198218,9370-2020-00590,1,False,9370,2/18/2020 11:10:00 PM,2310,177,14,109,Oakland,1,True,True,B,SIDE SWIPE,,Tuesday,NotApplicable,False,M,,False,True,False,Oakland Superior,C,OTHER MOTOR VEHICLE,,0,0,CLEAR,,NO UNUSUAL CONDITIONS,,D,DARK-NO STREET LIGHTS,37.785019,-122.243135,,,,,A,NO PEDESTRIANS INVOLVED,2/18/2020 12:00:00 AM,A,21658(a),False,1,I-880 S/B,,,2/27/2020 8:22:35 PM,A,S,420.0,16TH AVENUE,F,,D,2/27/2020 8:23:07 PM,2/27/2020 8:23:07 PM,,True,2,,,,,,,
1195212,9370-2020-00611,1,False,9370,2/10/2020 9:50:00 PM,2150,054,14,109,Oakland,1,True,True,C,REAR END,,Monday,NotApplicable,False,M,,False,True,False,Oakland Superior,C,OTHER MOTOR VEHICLE,,1,0,CLEAR,,CONSTRUCTION-REPAIR ZONE,NO UNUSUAL CONDITIONS,Counter Report / Late-ReportedC,DARK-STREET LIGHTS,37.80704,-122.2383,,,,,A,NO PEDESTRIANS INVOLVED,2/10/2020 12:00:00 AM,A,22350,False,1,I-580 W/B,,,2/27/2020 5:23:41 PM,A,W,1750.0,Park Blvd,F,,A,2/27/2020 5:24:28 PM,2/27/2020 5:24:28 PM,,True,2,,,,,,,
1194448,9370-2020-00665,1,False,9370,2/21/2020 1:20:00 AM,120,177,14,109,Oakland,1,True,True,E,HIT OBJECT,,Friday,Yes,False,,,False,True,True,Oakland Superior,I,FIXED OBJECT,CONCRETE WALL,0,0,CLEAR,,NO UNUSUAL CONDITIONS,,C,DARK-STREET LIGHTS,37.79008,-122.2583,,,,,A,NO PEDESTRIANS INVOLVED,2/21/2020 12:00:00 AM,A,23152(a),True,1,I-880 N/B 5TH AVENUE OFF RAMP,,,2/27/2020 5:00:35 AM,A,S,496.0,5th Ave,F,,B,2/27/2020 5:01:57 AM,2/27/2020 5:01:57 AM,,True,2,,,,,,,
1194326,9370-2020-00529,1,False,9370,2/14/2020 7:50:00 AM,750,098,14,109,Oakland,1,True,True,B,SIDE SWIPE,,Friday,NotApplicable,False,,,False,True,False,Oakland Superior,C,OTHER MOTOR VEHICLE,,0,0,CLEAR,,NO UNUSUAL CONDITIONS,,A,DAYLIGHT,37.812976,-122.273115,,,,,A,NO PEDESTRIANS INVOLVED,2/14/2020 12:00:00 AM,A,21658(a),False,1,I-980 W/B,,,2/26/2020 3:55:01 PM,A,E,100.0,W. GRAND AVENUE,F,,D,2/26/2020 3:55:34 PM,2/26/2020 3:55:34 PM,,True,2,,,,,,,
1194305,9370-2020-00627,1,False,9370,2/22/2020 7:40:00 AM,740,013,14,109,Oakland,1,True,True,B,SIDE SWIPE,,Saturday,NotApplicable,False,M,,False,True,True,Oakland Superior,C,OTHER MOTOR VEHICLE,,0,0,CLEAR,,NO UNUSUAL CONDITIONS,,A,DAYLIGHT,37.793531,-122.181288,,,,,A,NO PEDESTRIANS INVOLVED,2/22/2020 12:00:00 AM,A,22107,False,1,SR-13 N/B TO CARSON ST.,,,2/26/2020 3:34:39 PM,A,S,241.0,Carson St,F,,D,2/26/2020 3:36:06 PM,2/26/2020 3:36:06 PM,,True,2,,,,,,,
1194271,9370-2020-00683,1,False,9370,2/25/2020 10:00:00 AM,1000,008,14,109,Oakland,1,True,True,B,SIDE SWIPE,,Tuesday,NotApplicable,False,,,False,True,False,Oakland Superior,D,MOTOR VEHICLE ON OTHER ROADWAY,,0,0,CLEAR,,NO UNUSUAL CONDITIONS,,A,DAYLIGHT,37.824993,-122.31304,,,,,A,NO PEDESTRIANS INVOLVED,2/25/2020 12:00:00 AM,A,21658(A) VC,False,1,I-80 W/B,,,2/26/2020 3:06:56 PM,A,E,213.0,THE SFOBB TOLL PLAZA,F,,D,2/26/2020 3:07:27 PM,2/26/2020 3:07:27 PM,,True,2,,,,,,,
1218450,9335-2020-00572,1,False,9335,3/22/2020 3:07:00 PM,1507,084,14,109,Oakland,1,True,True,B,SIDE SWIPE,,Sunday,NotApplicable,False,M,,False,True,True,Oakland Superior,C,OTHER MOTOR VEHICLE,,0,0,RAINING,,NO UNUSUAL CONDITIONS,,A,DAYLIGHT,37.821478,-122.33243,,,,,A,NO PEDESTRIANS INVOLVED,3/22/2020 12:00:00 AM,A,21658(a),False,2,I-80 EB,,,3/30/2020 9:37:39 AM,B,W,5420.0,SFOBB TOLL PLAZA,F,,D,3/30/2020 9:39:41 AM,3/30/2020 9:39:41 AM,,True,2,,,,,,,
1218408,9370-2020-00991,1,False,9370,3/7/2020 4:28:00 PM,1628,177,14,109,Oakland,1,True,True,C,REAR END,,Saturday,NotApplicable,False,M,,False,True,False,Oakland Superior,C,OTHER MOTOR VEHICLE,,0,0,CLEAR,,NO UNUSUAL CONDITIONS,,Counter Report / Late-ReportedA,DAYLIGHT,37.798449,-122.274286,,,,,A,NO PEDESTRIANS INVOLVED,3/7/2020 12:00:00 AM,A,22350 VC,False,1,I-880 N/B,,,3/30/2020 9:06:10 AM,A,S,120.0,Broadway,F,,D,3/30/2020 9:06:55 AM,3/30/2020 9:06:55 AM,,True,2,,,,,,,