collision-id,report-number,report-version,is-preliminary,ncic-code,crash-date-time,crash-time-description,beat,city-id,city-code,city-name,county-code,city-is-active,city-is-incorporated,collision-type-code,collision-type-description,collision-type-other-desc,day-of-week,dispatch-notified,has-photographs,hit-run,is-attachments-mailed,is-deleted,is-highway-related,is-tow-away,judicial-district,motor-vehicle-involved-with-code,motor-vehicle-involved-with-desc,motor-vehicle-involved-with-other-desc,number-injured,number-killed,weather-1,weather-2,road-condition-1,road-condition-2,special-condition-lighting-code,lighting-description,latitude,longitude,milepost-direction,milepost-distance,milepost-marker,milepost-unit-of-measure,pedestrian-action-code,pedestrian-action-desc,prepared-date,primary-collision-factor-code,primary-collision-factor-violation,primary-collision-factor-is-cited,primary-collision-party-number,primary-road,reporting-district,reporting-district-code,reviewed-date,roadway-surface-code,secondary-direction,secondary-distance,secondary-road,secondary-unit-of-measure,sketch-desc,traffic-control-device-code,created-date,modified-date,is-county-road,is-freeway,chp-555-version,is-additonal-object-struck,notification-date,notification-time-description,has-digital-media-files,evidence-number,is-location-refer-to-narrative,is-aoi-one-same-as-location
1250619,9370-2020-01364,1,False,9370,6/2/2020 6:30:00 AM,630,024,14,109,Oakland,1,True,True,C,REAR END,,Tuesday,NotApplicable,False,,,False,True,True,Oakland Superior,C,OTHER MOTOR VEHICLE,,0,0,CLEAR,,NO UNUSUAL CONDITIONS,,A,DAYLIGHT,37.849381,-122.231739,,,,,A,NO PEDESTRIANS INVOLVED,6/2/2020 12:00:00 AM,A,22350,False,1,SR-24 W/B TO SR-13 S/B,,,6/11/2020 7:04:20 AM,A,E,2333.0,Golden Gate Ave,F,,D,6/11/2020 7:04:54 AM,6/11/2020 7:04:54 AM,,True,2,,,,,,,
1250585,9370-2020-01384,1,False,9370,6/6/2020 3:52:00 PM,1552,008,14,109,Oakland,1,True,True,E,HIT OBJECT,,Saturday,NotApplicable,False,,,False,True,False,Oakland Superior,I,FIXED OBJECT,CONCRETE WALL,0,0,CLEAR,,NO UNUSUAL CONDITIONS,,A,DAYLIGHT,37.828325,-122.294156,,,,,A,NO PEDESTRIANS INVOLVED,6/6/2020 12:00:00 AM,A,22107,False,1,I-80 E/B,,,6/11/2020 5:43:48 AM,A,W,3570.0,POWELL STREET,F,,D,6/11/2020 5:45:15 AM,6/11/2020 5:45:15 AM,,True,2,,,,,,,
1250485,9370-2020-01408,1,False,9370,6/9/2020 6:35:00 AM,635,055,14,109,Oakland,1,True,True,C,REAR END,,Tuesday,Yes,False,,,False,True,True,Oakland Superior,C,OTHER MOTOR VEHICLE,,0,0,CLEAR,,NO UNUSUAL CONDITIONS,,A,DAYLIGHT,37.827092,-122.285734,,,,,A,NO PEDESTRIANS INVOLVED,6/9/2020 12:00:00 AM,A,22350,False,1,I-580 W/B,,,6/10/2020 4:11:04 PM,A,W,330.0,Hollis Street,F,,D,6/10/2020 4:11:45 PM,6/10/2020 4:11:45 PM,,True,2,,,,,,,
1250453,9370-2020-01322,1,False,9370,5/26/2020 5:15:00 PM,1715,055,14,109,Oakland,1,True,True,C,REAR END,,Tuesday,NotApplicable,False,M,,False,True,False,Oakland Superior,C,OTHER MOTOR VEHICLE,,0,0,CLEAR,,NO UNUSUAL CONDITIONS,,A,DAYLIGHT,37.8255,-122.274429,,,,,A,NO PEDESTRIANS INVOLVED,5/26/2020 12:00:00 AM,A,22350,False,2,I-580 e/b to SR-24 e/b,,,6/10/2020 3:32:49 PM,A,E,200.0,Market St.,F,,D,6/10/2020 3:33:24 PM,6/10/2020 3:33:24 PM,,True,2,,,,,,,
1250417,9370-2020-01381,1,False,9370,6/5/2020 11:02:00 PM,2302,901,14,109,Oakland,1,True,True,E,HIT OBJECT,,Friday,Yes,False,M,,False,False,True,Oakland Superior,I,FIXED OBJECT,CONCRETE ISLAND,0,0,CLEAR,,NO UNUSUAL CONDITIONS,,C,DARK-STREET LIGHTS,37.77935,-122.21707,,,,,A,NO PEDESTRIANS INVOLVED,6/5/2020 12:00:00 AM,A,22350,False,1,Foothill Blvd S/B (3700 Block),,,6/10/2020 2:52:04 PM,A,N,122.0,38th Ave,F,,A,6/10/2020 2:52:59 PM,6/10/2020 2:52:59 PM,True,,2,,,,,,,
1250186,9370-2020-01372,2,False,9370,5/28/2020 1:22:00 PM,1322,055,14,109,Oakland,1,True,True,B,SIDE SWIPE,,Thursday,NotApplicable,False,M,,False,True,False,Oakland Superior,C,OTHER MOTOR VEHICLE,,0,0,CLEAR,,NO UNUSUAL CONDITIONS,,A,DAYLIGHT,37.826728,-122.279074,,,,,A,NO PEDESTRIANS INVOLVED,5/28/2020 12:00:00 AM,A,21658(a),False,1,I-580 E/B,,,6/25/2020 6:04:21 PM,A,W,140.0,San Pablo Ave U/C,F,,D,6/10/2020 10:26:43 AM,6/25/2020 6:04:44 PM,,True,2,,,,,,,
1250101,9370-2020-01389,1,False,9370,6/7/2020 1:25:00 PM,1325,008,14,109,Oakland,1,True,True,C,REAR END,,Sunday,NotApplicable,False,M,,False,True,False,Oakland Superior,C,OTHER MOTOR VEHICLE,,1,0,CLEAR,,NO UNUSUAL CONDITIONS,,A,DAYLIGHT,37.82443,-122.30685,,,,,A,NO PEDESTRIANS INVOLVED,6/7/2020 12:00:00 AM,A,22350,False,1,I-80 E/B,,,6/10/2020 9:00:19 AM,A,E,550.0,W. GRAND AVE O/C,F,,D,6/10/2020 9:01:09 AM,6/10/2020 9:01:09 AM,,True,2,,,,,,,
1250073,9370-2020-01359,2,False,9370,6/1/2020 4:35:00 PM,1635,176,14,109,Oakland,1,True,True,C,REAR END,,Monday,Yes,False,,,False,True,True,Oakland Superior,C,OTHER MOTOR VEHICLE,,2,0,CLEAR,,NO UNUSUAL CONDITIONS,,A,DAYLIGHT,37.77287,-122.22713,,,,,A,NO PEDESTRIANS INVOLVED,6/1/2020 12:00:00 AM,A,22350,False,1,I-880 S/B,,,6/25/2020 5:47:43 PM,A,S,370.0,Fruitvale Ave,F,,D,6/10/2020 8:39:05 AM,6/25/2020 5:47:56 PM,,True,2,,,,,,,
1250051,9370-2020-01367,1,False,9370,6/2/2020 6:00:00 AM,600,024,14,109,Oakland,1,True,True,C,REAR END,,Tuesday,NotApplicable,False,M,,False,True,False,Oakland Superior,C,OTHER MOTOR VEHICLE,,0,0,CLEAR,,NO UNUSUAL CONDITIONS,,A,DAYLIGHT,37.849063,-122.232098,,,,,A,NO PEDESTRIANS INVOLVED,6/2/2020 12:00:00 AM,A,22350,False,1,SR-24 W/B,,,6/10/2020 7:55:35 AM,A,W,1000.0,SR-13,F,,D,6/10/2020 7:56:26 AM,6/10/2020 7:56:26 AM,,True,2,,,,,,,
1249989,9370-2020-01340,1,False,9370,5/29/2020 9:00:00 AM,900,177,14,109,Oakland,1,True,True,E,HIT OBJECT,,Friday,NotApplicable,False,,,False,True,True,Oakland Superior,I,FIXED OBJECT,CRASH ATTENUATOR,0,0,CLEAR,,NO UNUSUAL CONDITIONS,,A,DAYLIGHT,37.779555,-122.238089,,,,,A,NO PEDESTRIANS INVOLVED,5/29/2020 12:00:00 AM,A,22107 VC,False,1,I-880 S/B,,,6/10/2020 5:42:54 AM,A,N,692.0,23rd Av Ovps,F,,D,6/10/2020 5:44:20 AM,6/10/2020 5:44:20 AM,,True,2,,,,,,,
1249953,9370-2020-01325,1,False,9370,5/27/2020 7:15:00 AM,715,098,14,109,Oakland,1,True,True,B,SIDE SWIPE,,Wednesday,NotApplicable,False,M,,False,True,False,Oakland Superior,C,OTHER MOTOR VEHICLE,,0,0,CLEAR,,NO UNUSUAL CONDITIONS,,A,DAYLIGHT,37.824743,-122.471095,,,,,A,NO PEDESTRIANS INVOLVED,5/27/2020 12:00:00 AM,A,21658(a),False,1,I-580 E/B TO I-980 W/B,,,6/9/2020 7:03:38 PM,A,E,335.0,West St,F,,D,6/9/2020 7:04:13 PM,6/9/2020 7:04:13 PM,,True,2,,,,,,,
1249777,9370-2020-01402,1,False,9370,6/8/2020 8:20:00 PM,2020,901,14,109,Oakland,1,True,True,C,REAR END,,Monday,NotApplicable,True,,,False,False,False,Oakland Superior,C,OTHER MOTOR VEHICLE,,0,0,CLEAR,,NO UNUSUAL CONDITIONS,,A,DAYLIGHT,37.80695,-122.277658,,,,,A,NO PEDESTRIANS INVOLVED,6/8/2020 12:00:00 AM,A,22350,True,1,14th Street,,,6/9/2020 1:56:29 PM,A,W,200.0,Castro Street,F,,D,6/9/2020 1:57:18 PM,6/9/2020 1:57:18 PM,,,2,,,,,,,
1249398,9335-2020-00849,1,False,9335,6/1/2020 4:25:00 PM,1625,084,14,109,Oakland,1,True,True,E,HIT OBJECT,,Monday,NotApplicable,False,,,False,True,True,Oakland Superior,I,FIXED OBJECT,CONCRETE BARRIER,1,0,CLEAR,,NO UNUSUAL CONDITIONS,,A,DAYLIGHT,37.823947,-122.313882,,,,,A,NO PEDESTRIANS INVOLVED,6/1/2020 12:00:00 AM,A,22107,False,1,I-80 E/B,,,6/8/2020 9:06:16 PM,A,W,50.0,SFOBB TOLL PLAZA,F,,D,6/8/2020 9:08:33 PM,6/8/2020 9:08:33 PM,,True,2,,,,,,,
1248636,9335-2020-00837,1,False,9335,5/30/2020 4:20:00 AM,420,082,14,109,Oakland,1,True,True,E,HIT OBJECT,,Saturday,NotApplicable,False,,,False,True,True,Oakland Superior,I,FIXED OBJECT,Concrete Barrier,0,0,CLEAR,,NO UNUSUAL CONDITIONS,,B,DUSK-DAWN,37.825106,-122.314424,,,,,A,NO PEDESTRIANS INVOLVED,5/30/2020 12:00:00 AM,A,22107,False,1,I-80 W/B,,,6/7/2020 9:59:48 AM,B,W,123.0,SFOBB TOLL PLAZA,F,,D,6/7/2020 10:02:39 AM,6/7/2020 10:02:39 AM,,True,2,,,,,,,
1248490,9370-2020-01360,1,False,9370,6/1/2020 4:10:00 PM,1610,024,14,109,Oakland,1,True,True,E,HIT OBJECT,,Monday,NotApplicable,False,,,False,True,True,Oakland Superior,I,FIXED OBJECT,Raised Curb,0,0,CLEAR,,NO UNUSUAL CONDITIONS,,A,DAYLIGHT,37.860407,-122.21094,,,,,A,NO PEDESTRIANS INVOLVED,6/1/2020 12:00:00 AM,A,22350,False,1,SR-24 W/B,,,6/6/2020 11:28:38 PM,A,W,350.0,Fish Ranch Rd,F,,D,6/6/2020 11:29:35 PM,6/6/2020 11:29:35 PM,,True,2,,,,,,,
1248485,9370-2020-01362,1,False,9370,5/30/2020 11:50:00 PM,2350,176,14,109,Oakland,1,True,True,E,HIT OBJECT,,Saturday,NotApplicable,False,M,,False,True,True,Oakland Superior,I,FIXED OBJECT,CONCRETE WALL,0,0,CLEAR,,NO UNUSUAL CONDITIONS,,D,DARK-NO STREET LIGHTS,37.745942,-122.200952,,,,,A,NO PEDESTRIANS INVOLVED,5/30/2020 12:00:00 AM,A,22107,False,1,I-880 N/B,,,6/6/2020 10:44:41 PM,A,S,3530.0,66th Ave,F,,D,6/6/2020 10:45:18 PM,6/6/2020 10:45:18 PM,,True,2,,,,,,,
1248463,9370-2020-01344,1,False,9370,5/29/2020 4:00:00 PM,1600,052,14,109,Oakland,1,True,True,C,REAR END,,Friday,Yes,False,,,False,True,True,Oakland Superior,C,OTHER MOTOR VEHICLE,,3,0,CLEAR,,NO UNUSUAL CONDITIONS,,A,DAYLIGHT,37.7575,-122.1482,,,,,A,NO PEDESTRIANS INVOLVED,5/29/2020 12:00:00 AM,A,22350,False,1,I-580 E/B,,,6/6/2020 6:11:39 PM,A,W,1500.0,Golf Links Rd,F,,D,6/6/2020 6:12:26 PM,6/6/2020 6:12:26 PM,,True,2,,,,,,,
1248448,9370-2020-01336,1,False,9370,5/28/2020 3:35:00 PM,1535,052,14,109,Oakland,1,True,True,C,REAR END,,Thursday,NotApplicable,False,M,,False,True,False,Oakland Superior,C,OTHER MOTOR VEHICLE,,0,0,CLEAR,,CONSTRUCTION-REPAIR ZONE,,A,DAYLIGHT,37.7872,-122.196904,,,,,A,NO PEDESTRIANS INVOLVED,5/28/2020 12:00:00 AM,A,22350,False,1,I-580 E/B,,,6/6/2020 5:40:02 PM,A,W,250.0,High St,F,,D,6/6/2020 5:40:36 PM,6/6/2020 5:40:36 PM,,True,2,,,,,,,
1248361,9335-2020-00839,1,False,9335,5/30/2020 10:04:00 AM,1004,084,14,109,Oakland,1,True,True,E,HIT OBJECT,,Saturday,NotApplicable,False,,,False,True,True,Oakland Superior,I,FIXED OBJECT,CONCRETE BARRIER,0,0,CLOUDY,,NO UNUSUAL CONDITIONS,,A,DAYLIGHT,37.818898,-122.349488,,,,,A,NO PEDESTRIANS INVOLVED,5/30/2020 12:00:00 AM,A,22107,False,1,I-80 E/B,,,6/6/2020 2:37:00 PM,A,E,150.0,THE SAN FRANCISCO/ALAMEDA COUNTY LINE,F,,D,6/6/2020 2:37:52 PM,6/6/2020 2:37:52 PM,,True,2,,,,,,,
1248152,9370-2020-01365,1,False,9370,6/1/2020 3:20:00 PM,1520,176,14,109,Oakland,1,True,True,E,HIT OBJECT,,Monday,NotApplicable,False,,,False,True,False,Oakland Superior,I,FIXED OBJECT,METAL DEBRIS,0,0,CLEAR,,NO UNUSUAL CONDITIONS,,A,DAYLIGHT,37.736383,-122.192974,,,,,A,NO PEDESTRIANS INVOLVED,6/1/2020 12:00:00 AM,C,,,,I-880 S/B,,,6/6/2020 7:12:59 AM,A,N,2000.0,98th Ave,F,,D,6/6/2020 7:13:33 AM,6/6/2020 7:13:33 AM,,True,2,,,,,,,
1248151,9370-2020-01346,1,False,9370,5/30/2020 7:00:00 PM,1900,025,14,109,Oakland,1,True,True,B,SIDE SWIPE,,Saturday,NotApplicable,False,,,False,True,False,Oakland Superior,C,OTHER MOTOR VEHICLE,,0,0,CLEAR,,NO UNUSUAL CONDITIONS,,A,DAYLIGHT,37.8264,-122.2781,,,,,A,NO PEDESTRIANS INVOLVED,5/30/2020 12:00:00 AM,A,21658(a),False,1,I-580 E/B,,,6/6/2020 7:10:47 AM,A,E,40.0,San Pablo Ave,F,,D,6/6/2020 7:11:22 AM,6/6/2020 7:11:22 AM,,True,2,,,,,,,
1248150,9370-2020-01332,1,False,9370,5/28/2020 8:10:00 AM,810,053,14,109,Oakland,1,True,True,E,HIT OBJECT,,Thursday,NotApplicable,False,,,False,True,True,Oakland Superior,I,FIXED OBJECT,METAL ATTENUATOR,0,0,CLEAR,,NO UNUSUAL CONDITIONS,,A,DAYLIGHT,37.800056,-122.223874,,,,,A,NO PEDESTRIANS INVOLVED,5/28/2020 12:00:00 AM,A,22107,False,1,I-580 W/B,,,6/6/2020 7:07:56 AM,A,E,52.0,Ardley Ave,F,,D,6/6/2020 7:08:40 AM,6/6/2020 7:08:40 AM,,True,2,,,,,,,
1248102,9370-2020-01357,1,False,9370,6/1/2020 9:20:00 AM,920,024,14,109,Oakland,1,True,True,B,SIDE SWIPE,,Monday,NotApplicable,False,,,False,False,False,Oakland Superior,C,OTHER MOTOR VEHICLE,,0,0,CLEAR,,NO UNUSUAL CONDITIONS,,A,DAYLIGHT,37.85472,-122.21937,,,,,A,NO PEDESTRIANS INVOLVED,6/1/2020 12:00:00 AM,A,21658(a),False,1,SR-24 E/B,,,6/5/2020 11:53:05 PM,A,W,100.0,Caldecott Tunl,F,,D,6/5/2020 11:53:37 PM,6/5/2020 11:53:37 PM,,,2,,,,,,,
1248100,9370-2020-01356,1,False,9370,6/1/2020 6:30:00 AM,630,053,14,109,Oakland,1,True,True,B,SIDE SWIPE,,Monday,NotApplicable,False,M,,False,False,False,Oakland Superior,C,OTHER MOTOR VEHICLE,,0,0,CLEAR,,NO UNUSUAL CONDITIONS,,A,DAYLIGHT,37.75657,-122.14867,,,,,A,NO PEDESTRIANS INVOLVED,6/1/2020 12:00:00 AM,A,21658(a),False,1,I-580 E/B,,,6/5/2020 11:46:18 PM,A,W,1000.0,98th Ave,F,,D,6/5/2020 11:46:51 PM,6/5/2020 11:46:51 PM,,,2,,,,,,,
1248098,9370-2020-01312,1,False,9370,5/26/2020 12:23:00 PM,1223,053,14,109,Oakland,1,True,True,C,REAR END,,Tuesday,NotApplicable,False,,,False,True,True,Oakland Superior,C,OTHER MOTOR VEHICLE,,0,0,CLEAR,,NO UNUSUAL CONDITIONS,,A,DAYLIGHT,37.80127,-122.22832,,,,,A,NO PEDESTRIANS INVOLVED,5/26/2020 12:00:00 AM,A,22350,False,4,I-580 W/B TO BEAUMONT AVENUE,,,6/5/2020 11:25:20 PM,A,E,68.0,Beaumont Ave,F,,A,6/5/2020 11:26:00 PM,6/5/2020 11:26:00 PM,,True,2,,,,,,,
1248019,9370-2020-01333,1,False,9370,5/27/2020 8:07:00 PM,2007,178,14,109,Oakland,1,True,True,B,SIDE SWIPE,,Wednesday,Yes,True,,,False,True,True,Oakland Superior,C,OTHER MOTOR VEHICLE,,1,0,CLEAR,,CONSTRUCTION-REPAIR ZONE,,On-Duty Emergency VehicleB,DUSK-DAWN,37.480628,-122.165821,,,,,A,NO PEDESTRIANS INVOLVED,5/27/2020 12:00:00 AM,A,22350,True,4,I-880 N/B,,,6/5/2020 3:53:48 PM,A,S,35.0,Market Street,F,,D,6/5/2020 3:54:46 PM,6/5/2020 3:54:46 PM,,True,2,,,,,,,
1247858,9370-2020-01358,2,False,9370,5/30/2020 11:50:00 PM,2350,176,14,109,Oakland,1,True,True,C,REAR END,,Saturday,NotApplicable,False,,,False,True,True,Oakland Superior,C,OTHER MOTOR VEHICLE,,0,0,CLEAR,,NO UNUSUAL CONDITIONS,,A,DAYLIGHT,37.74522,-122.200388,,,,,A,NO PEDESTRIANS INVOLVED,6/1/2020 12:00:00 AM,A,22350,False,1,I-880 N/B,,,6/5/2020 10:29:18 AM,A,N,1885.0,Hegenberger Rd,F,,D,6/5/2020 10:30:47 AM,6/18/2020 8:23:54 AM,,True,2,,,,,,,
1247838,9370-2020-01352,1,False,9370,5/31/2020 5:05:00 PM,1705,054,14,109,Oakland,1,True,True,C,REAR END,,Sunday,NotApplicable,False,,,False,True,True,Oakland Superior,C,OTHER MOTOR VEHICLE,,0,0,CLEAR,,NO UNUSUAL CONDITIONS,,A,DAYLIGHT,37.809333,-122.245561,,,,,A,NO PEDESTRIANS INVOLVED,5/31/2020 12:00:00 AM,A,22350,False,1,I-580 E/B,,,6/5/2020 9:56:24 AM,A,E,304.0,Lakeshore Ave,F,,D,6/5/2020 9:57:18 AM,6/5/2020 9:57:18 AM,,True,2,,,,,,,
1247781,9370-2020-01348,1,False,9370,5/30/2020 8:55:00 PM,2055,055,14,109,Oakland,1,True,True,D,BROADSIDE,,Saturday,NotApplicable,False,M,,False,True,True,Oakland Superior,I,FIXED OBJECT,METAL GUARD RAIL,0,0,CLEAR,,NO UNUSUAL CONDITIONS,,D,DARK-NO STREET LIGHTS,37.82361,-122.26377,,,,,A,NO PEDESTRIANS INVOLVED,5/30/2020 12:00:00 AM,A,22107,False,1,I-580 W/B TO I-980 W/B,,,6/5/2020 8:46:07 AM,A,E,565.0,Telegraph Ave,F,,D,6/5/2020 8:46:51 AM,6/5/2020 8:46:51 AM,,True,2,,,,,,,
1247767,9370-2020-01329,1,False,9370,5/27/2020 6:20:00 PM,1820,055,14,109,Oakland,1,True,True,B,SIDE SWIPE,,Wednesday,NotApplicable,False,M,,False,True,True,Oakland Superior,C,OTHER MOTOR VEHICLE,,0,0,CLEAR,,NO UNUSUAL CONDITIONS,,A,DAYLIGHT,37.824945,-122.271336,,,,,A,NO PEDESTRIANS INVOLVED,5/27/2020 12:00:00 AM,A,21750,False,4,I-580 E/B,,,6/5/2020 8:15:42 AM,A,W,450.0,Martin Luther King Jr Way,F,,D,6/5/2020 8:16:38 AM,6/5/2020 8:16:38 AM,,True,2,,,,,,,
1247710,9370-2020-01366,1,False,9370,5/30/2020 5:38:00 PM,1738,178,14,109,Oakland,1,True,True,B,SIDE SWIPE,,Saturday,NotApplicable,False,,,False,True,True,Oakland Superior,C,OTHER MOTOR VEHICLE,,0,0,CLEAR,,NO UNUSUAL CONDITIONS,,A,DAYLIGHT,37.481069,-122.171485,,,,,A,NO PEDESTRIANS INVOLVED,5/30/2020 12:00:00 AM,A,21658(a),True,2,I-880 N/B,,,6/5/2020 5:35:12 AM,A,S,465.0,Adeline St,F,,D,6/5/2020 5:36:07 AM,6/5/2020 5:36:07 AM,,True,2,,,,,,,
1247645,9370-2020-01347,1,False,9370,5/30/2020 5:55:00 PM,1755,008,14,109,Oakland,1,True,True,B,SIDE SWIPE,,Saturday,NotApplicable,False,M,,False,True,True,Oakland Superior,C,OTHER MOTOR VEHICLE,,0,0,CLEAR,,NO UNUSUAL CONDITIONS,,A,DAYLIGHT,37.829814,-122.293905,,,,,A,NO PEDESTRIANS INVOLVED,5/30/2020 12:00:00 AM,A,21658(a),False,1,I-80 W/B TO I-580 E/B/I-880 S/B,,,6/4/2020 6:05:08 PM,A,W,3100.0,POWELL STREET,F,,D,6/4/2020 6:05:43 PM,6/4/2020 6:05:43 PM,,True,2,,,,,,,
1247643,9370-2020-01341,1,False,9370,5/29/2020 12:30:00 PM,1230,025,14,109,Oakland,1,True,True,B,SIDE SWIPE,,Friday,NotApplicable,False,,,False,True,True,Oakland Superior,C,OTHER MOTOR VEHICLE,,0,0,CLEAR,,NO UNUSUAL CONDITIONS,,A,DAYLIGHT,37.840552,-122.262715,,,,,A,NO PEDESTRIANS INVOLVED,5/29/2020 12:00:00 AM,A,21658(a),False,1,SR-24 E/B,,,6/4/2020 5:57:14 PM,A,W,265.0,Claremont Ave,F,,D,6/4/2020 5:57:58 PM,6/4/2020 5:57:58 PM,,True,2,,,,,,,
1247457,9370-2020-01323,1,False,9370,5/27/2020 11:55:00 AM,1155,176,14,109,Oakland,1,True,True,C,REAR END,,Wednesday,NotApplicable,False,,,False,True,False,Oakland Superior,C,OTHER MOTOR VEHICLE,,0,0,CLEAR,,NO UNUSUAL CONDITIONS,,A,DAYLIGHT,37.7635,-122.21655,,,,,A,NO PEDESTRIANS INVOLVED,5/27/2020 12:00:00 AM,A,22350,False,1,I-880 S/B,,,6/4/2020 11:57:11 AM,A,S,2000.0,High St,F,,D,6/4/2020 11:58:08 AM,6/4/2020 11:58:08 AM,,True,2,,,,,,,
1247430,9370-2020-01321,1,False,9370,5/27/2020 9:35:00 AM,935,080,14,109,Oakland,1,True,True,B,SIDE SWIPE,,Wednesday,NotApplicable,False,,,False,True,False,Oakland Superior,C,OTHER MOTOR VEHICLE,,0,0,CLEAR,,NO UNUSUAL CONDITIONS,,A,DAYLIGHT,37.82993,-122.29347,,,,,A,NO PEDESTRIANS INVOLVED,5/27/2020 12:00:00 AM,A,21658(a),False,1,I-80 W/B TO I-580 E/B,,,6/4/2020 11:28:36 AM,A,W,660.0,I-580 W/B TO I-80 W/B TRANS,F,,D,6/4/2020 11:29:46 AM,6/4/2020 11:29:46 AM,,True,2,,,,,,,
1247422,9370-2020-01326,1,False,9370,5/27/2020 3:15:00 PM,1515,081,14,109,Oakland,1,True,True,B,SIDE SWIPE,,Wednesday,NotApplicable,False,M,,False,True,False,Oakland Superior,C,OTHER MOTOR VEHICLE,,0,0,CLEAR,,NO UNUSUAL CONDITIONS,,A,DAYLIGHT,37.842976,-122.297464,,,,,A,NO PEDESTRIANS INVOLVED,5/27/2020 12:00:00 AM,A,22350,False,1,I-80 E/B,,,6/4/2020 11:12:59 AM,A,E,1400.0,Powell St,F,,D,6/4/2020 11:13:42 AM,6/4/2020 11:13:42 AM,,True,2,,,,,,,
1247399,9370-2020-01350,1,False,9370,5/26/2020 1:05:00 AM,105,055,14,109,Oakland,1,True,True,E,HIT OBJECT,,Tuesday,Yes,False,,,False,True,True,Oakland Superior,I,FIXED OBJECT,3 FOOT HIGH CONCRETE BARR,0,0,CLEAR,,NO UNUSUAL CONDITIONS,,C,DARK-STREET LIGHTS,37.825551,-122.274711,,,,,A,NO PEDESTRIANS INVOLVED,5/26/2020 12:00:00 AM,A,23152(a),False,1,I-580 E/B TO SR-24 E/B,,,6/4/2020 10:42:39 AM,A,E,105.0,MARKET STREET,F,,D,6/4/2020 10:43:26 AM,6/4/2020 10:43:26 AM,,True,2,,,,,,,
1247387,9370-2020-01315,1,False,9370,5/26/2020 2:52:00 PM,1452,013,14,109,Oakland,1,True,True,C,REAR END,,Tuesday,NotApplicable,False,M,,False,True,False,Oakland Superior,C,OTHER MOTOR VEHICLE,,0,0,CLEAR,,CONSTRUCTION-REPAIR ZONE,NO UNUSUAL CONDITIONS,A,DAYLIGHT,37.787508,-122.180949,,,,,A,NO PEDESTRIANS INVOLVED,5/26/2020 12:00:00 AM,A,22107,False,1,SR-13 S/B,,,6/4/2020 10:32:25 AM,A,N,1200.0,Calaveras Ave,F,,D,6/4/2020 10:32:58 AM,6/4/2020 10:32:58 AM,,True,2,,,,,,,
1247228,9370-2020-01304,1,False,9370,5/25/2020 5:53:00 AM,553,054,14,109,Oakland,1,True,True,B,SIDE SWIPE,,Monday,NotApplicable,False,M,,False,True,True,Oakland Superior,C,OTHER MOTOR VEHICLE,,0,0,CLEAR,,NO UNUSUAL CONDITIONS,,B,DUSK-DAWN,37.80704,-122.23843,,,,,A,NO PEDESTRIANS INVOLVED,5/25/2020 12:00:00 AM,A,21658(a),False,3,I-580 W/B,,,6/4/2020 7:07:40 AM,A,E,1125.0,Lake Park Ave,F,,D,6/4/2020 7:08:16 AM,6/4/2020 7:08:16 AM,,True,2,,,,,,,
1246890,9370-2020-01307,1,False,9370,5/25/2020 7:50:00 PM,1950,054,14,109,Oakland,1,True,True,B,SIDE SWIPE,,Monday,NotApplicable,False,,,False,True,False,Oakland Superior,C,OTHER MOTOR VEHICLE,,1,0,CLEAR,,NO UNUSUAL CONDITIONS,,A,DAYLIGHT,37.811002,-122.249467,,,,,A,NO PEDESTRIANS INVOLVED,5/25/2020 12:00:00 AM,A,21658(a),True,1,I-580 W/B,,,6/3/2020 9:52:38 AM,A,W,280.0,Grand Ave,F,,D,6/3/2020 9:53:12 AM,6/3/2020 9:53:12 AM,,True,2,,,,,,,
1246878,9370-2020-01303,1,False,9370,5/25/2020 12:38:00 AM,38,024,14,109,Oakland,1,True,True,B,SIDE SWIPE,,Monday,Yes,False,,,False,True,False,Oakland Superior,C,OTHER MOTOR VEHICLE,,1,0,CLEAR,,NO UNUSUAL CONDITIONS,,C,DARK-STREET LIGHTS,37.857428,-122.213015,,,,,A,NO PEDESTRIANS INVOLVED,5/25/2020 12:00:00 AM,A,22350,False,1,SR-24 E/B,,,6/3/2020 9:43:18 AM,A,E,1492.0,Caldecott Tunl,F,,D,6/3/2020 9:44:48 AM,6/3/2020 9:44:48 AM,,True,2,,,,,,,