collision-id,report-number,report-version,is-preliminary,ncic-code,crash-date-time,crash-time-description,beat,city-id,city-code,city-name,county-code,city-is-active,city-is-incorporated,collision-type-code,collision-type-description,collision-type-other-desc,day-of-week,dispatch-notified,has-photographs,hit-run,is-attachments-mailed,is-deleted,is-highway-related,is-tow-away,judicial-district,motor-vehicle-involved-with-code,motor-vehicle-involved-with-desc,motor-vehicle-involved-with-other-desc,number-injured,number-killed,weather-1,weather-2,road-condition-1,road-condition-2,special-condition-lighting-code,lighting-description,latitude,longitude,milepost-direction,milepost-distance,milepost-marker,milepost-unit-of-measure,pedestrian-action-code,pedestrian-action-desc,prepared-date,primary-collision-factor-code,primary-collision-factor-violation,primary-collision-factor-is-cited,primary-collision-party-number,primary-road,reporting-district,reporting-district-code,reviewed-date,roadway-surface-code,secondary-direction,secondary-distance,secondary-road,secondary-unit-of-measure,sketch-desc,traffic-control-device-code,created-date,modified-date,is-county-road,is-freeway,chp-555-version,is-additonal-object-struck,notification-date,notification-time-description,has-digital-media-files,evidence-number,is-location-refer-to-narrative,is-aoi-one-same-as-location
1324122,9370-2020-02499,1,False,9370,10/9/2020 12:20:00 AM,20,054,14,109,Oakland,1,True,True,C,REAR END,,Friday,Yes,False,,,False,True,True,Oakland Superior,A,NON-COLLISION,,6,0,CLOUDY,,NO UNUSUAL CONDITIONS,,D,DARK-NO STREET LIGHTS,37.797958,-122.215984,,,,,A,NO PEDESTRIANS INVOLVED,10/9/2020 12:00:00 AM,A,23152(a),True,1,I-580 E/B,,,10/15/2020 5:10:51 AM,B,W,105.0,Champion St,F,,D,10/15/2020 5:16:50 AM,10/15/2020 5:16:50 AM,,True,2,,,,,,,
1324074,9370-2020-02560,1,False,9370,10/12/2020 6:20:00 AM,620,176,14,109,Oakland,1,True,True,C,REAR END,,Monday,NotApplicable,False,M,,False,True,False,Oakland Superior,C,OTHER MOTOR VEHICLE,,0,0,CLEAR,,NO UNUSUAL CONDITIONS,,C,DARK-STREET LIGHTS,37.748377,-122.2031,,,,,A,NO PEDESTRIANS INVOLVED,10/12/2020 12:00:00 AM,A,22350,False,1,I-880 N/B,,,10/14/2020 7:21:55 PM,A,S,2460.0,66th Ave,F,,D,10/14/2020 7:22:30 PM,10/14/2020 7:22:30 PM,,True,2,,,,,,,
1324073,9370-2020-02525,1,False,9370,10/10/2020 8:30:00 PM,2030,055,14,109,Oakland,1,True,True,E,HIT OBJECT,,Saturday,NotApplicable,False,M,,False,True,True,Oakland Superior,I,FIXED OBJECT,CONCRETE CURB,0,0,CLEAR,,NO UNUSUAL CONDITIONS,,D,DARK-NO STREET LIGHTS,37.825529,-122.274278,,,,,A,NO PEDESTRIANS INVOLVED,10/10/2020 12:00:00 AM,A,22107,False,1,I-580 E/B,,,10/14/2020 7:06:23 PM,A,W,500.0,SR-24,F,,D,10/14/2020 7:06:58 PM,10/14/2020 7:06:58 PM,,True,2,,,,,,,
1324064,9370-2020-02459,1,False,9370,10/4/2020 11:45:00 AM,1145,176,14,109,Oakland,1,True,True,E,HIT OBJECT,,Sunday,Yes,False,,,False,True,False,Oakland Superior,I,FIXED OBJECT,CONCRETE WALL,2,0,CLEAR,,NO UNUSUAL CONDITIONS,,A,DAYLIGHT,37.759964,-122.213251,,,,,A,NO PEDESTRIANS INVOLVED,10/4/2020 12:00:00 AM,A,22107,False,1,I-880 N/B,,,10/14/2020 5:02:24 PM,A,S,3600.0,High St,F,,D,10/14/2020 5:03:05 PM,10/14/2020 5:03:05 PM,,True,2,,,,,,,
1323996,9370-2020-02442,1,False,9370,10/2/2020 12:45:00 PM,1245,055,14,109,Oakland,1,True,True,C,REAR END,,Friday,NotApplicable,False,,,False,True,False,Contra Costa Superio,C,OTHER MOTOR VEHICLE,,0,0,CLEAR,,NO UNUSUAL CONDITIONS,,A,DAYLIGHT,37.826814,-122.286715,,,,,A,NO PEDESTRIANS INVOLVED,10/2/2020 12:00:00 AM,A,21658(a),False,1,I-580 W/B,,,10/14/2020 3:41:39 PM,A,W,630.0,Hollis St,F,,D,10/14/2020 3:42:34 PM,10/14/2020 3:42:34 PM,,True,2,,,,,,,
1323693,9335-2020-01476,1,False,9335,10/7/2020 6:45:00 AM,645,082,14,109,Oakland,1,True,True,B,SIDE SWIPE,,Wednesday,NotApplicable,False,,,False,True,False,Oakland Superior,C,OTHER MOTOR VEHICLE,,0,0,CLEAR,,NO UNUSUAL CONDITIONS,,A,DAYLIGHT,37.824227,-122.317812,,,,,A,NO PEDESTRIANS INVOLVED,10/7/2020 12:00:00 AM,B,UNSAFE MERGE,,,I-80 W/B,,,10/14/2020 11:21:48 AM,A,W,120.0,S.F.O.B.B. TOLL PLAZA METERING LIGHTS,F,,D,10/14/2020 11:22:21 AM,10/14/2020 11:22:21 AM,,True,2,,,,,,,
1323461,9370-2020-02471,2,False,9370,10/5/2020 9:45:00 PM,2145,176,14,109,Oakland,1,True,True,C,REAR END,,Monday,Yes,False,F,,False,True,True,Oakland Superior,C,OTHER MOTOR VEHICLE,,1,0,CLEAR,,NO UNUSUAL CONDITIONS,,D,DARK-NO STREET LIGHTS,37.740754,-122.196386,,,,,A,NO PEDESTRIANS INVOLVED,10/5/2020 12:00:00 AM,A,22349(a),False,2,I-880 N/B,,,10/21/2020 4:55:42 AM,A,S,25.0,Hegenberger Rd,F,,D,10/14/2020 9:00:08 AM,10/21/2020 4:56:01 AM,,True,2,,,,,,,
1323373,9370-2020-02526,1,False,9370,10/10/2020 11:25:00 PM,2325,052,14,109,Oakland,1,True,True,B,SIDE SWIPE,,Saturday,NotApplicable,False,M,,False,True,False,Oakland Superior,C,OTHER MOTOR VEHICLE,,0,0,CLEAR,,NO UNUSUAL CONDITIONS,,D,DARK-NO STREET LIGHTS,37.77808,-122.16821,,,,,A,NO PEDESTRIANS INVOLVED,10/10/2020 12:00:00 AM,A,21658(a),False,1,I-580 E/B,,,10/14/2020 7:49:48 AM,A,W,1300.0,Edwards Ave,F,,D,10/14/2020 7:50:24 AM,10/14/2020 7:50:24 AM,,True,2,,,,,,,
1323309,9370-2020-02509,1,False,9370,10/9/2020 6:10:00 PM,1810,008,14,109,Oakland,1,True,True,C,REAR END,,Friday,NotApplicable,False,,,False,True,True,Oakland Superior,C,OTHER MOTOR VEHICLE,,0,0,CLEAR,,NO UNUSUAL CONDITIONS,,C,DARK-STREET LIGHTS,37.82444,-122.30927,,,,,A,NO PEDESTRIANS INVOLVED,10/9/2020 12:00:00 AM,A,22350,False,1,I-80 E/B,,,10/14/2020 6:42:40 AM,A,W,80.0,WEST GRAND AVENUE,F,,D,10/14/2020 6:47:05 AM,10/14/2020 6:47:05 AM,,True,2,,,,,,,
1323212,9370-2020-02538,2,False,9370,10/12/2020 2:00:00 PM,1400,176,14,109,Oakland,1,True,True,C,REAR END,,Monday,NotApplicable,False,,,False,True,False,Oakland Superior,C,OTHER MOTOR VEHICLE,,0,0,CLEAR,,NO UNUSUAL CONDITIONS,,A,DAYLIGHT,37.728707,-122.18587,,,,,A,NO PEDESTRIANS INVOLVED,10/12/2020 12:00:00 AM,A,21658(a),False,1,I-880 S/B,,,11/3/2020 1:09:08 PM,A,N,1300.0,98th Ave,F,,D,10/13/2020 9:59:07 PM,11/3/2020 1:12:10 PM,,True,2,,,,,,,
1323209,9370-2020-02495,1,False,9370,10/6/2020 5:30:00 PM,1730,052,14,109,Oakland,1,True,True,B,SIDE SWIPE,,Tuesday,NotApplicable,False,,,False,True,False,Oakland Superior,C,OTHER MOTOR VEHICLE,,0,0,CLEAR,,NO UNUSUAL CONDITIONS,,A,DAYLIGHT,37.755581,-122.149841,,,,,A,NO PEDESTRIANS INVOLVED,10/6/2020 12:00:00 AM,A,22350,False,1,I-580 E/B TO GOLF LINKS ROAD,,,10/13/2020 9:48:29 PM,A,W,780.0,Golf Links Rd,F,,D,10/13/2020 9:49:04 PM,10/13/2020 9:49:04 PM,,True,2,,,,,,,
1323208,9370-2020-02539,1,False,9370,10/12/2020 4:00:00 PM,1600,176,14,109,Oakland,1,True,True,C,REAR END,,Monday,NotApplicable,False,,,False,True,False,Oakland Superior,C,OTHER MOTOR VEHICLE,,0,0,CLEAR,,NO UNUSUAL CONDITIONS,,A,DAYLIGHT,37.753838,-122.208392,,,,,A,NO PEDESTRIANS INVOLVED,10/12/2020 12:00:00 AM,A,22350,False,1,I-880 S/B FROM 66TH AVENUE,,,10/13/2020 9:41:12 PM,A,N,30.0,66th Ave,F,,D,10/13/2020 9:41:48 PM,10/13/2020 9:41:48 PM,,True,2,,,,,,,
1323056,9370-2020-02510,1,False,9370,10/4/2020 1:30:00 AM,130,052,14,109,Oakland,1,True,True,E,HIT OBJECT,,Sunday,NotApplicable,False,,,False,True,False,Oakland Superior,J,OTHER OBJECT,DECEASED BODY,0,0,CLEAR,,NO UNUSUAL CONDITIONS,,C,DARK-STREET LIGHTS,37.7868,-122.1968,,,,,A,NO PEDESTRIANS INVOLVED,10/4/2020 12:00:00 AM,C,,,,I-580 E/B TO HIGH STREET,,,10/13/2020 2:41:49 PM,A,W,140.0,High St,F,,D,10/13/2020 2:42:23 PM,10/13/2020 2:42:23 PM,,True,2,,,,,,,
1323047,9335-2020-01505,1,False,9335,10/12/2020 3:01:00 PM,1501,082,14,109,Oakland,1,True,True,C,REAR END,,Monday,NotApplicable,False,,,False,True,False,Oakland Superior,C,OTHER MOTOR VEHICLE,,0,0,CLEAR,,NO UNUSUAL CONDITIONS,,A,DAYLIGHT,37.82144,-122.33509,,,,,A,NO PEDESTRIANS INVOLVED,10/12/2020 12:00:00 AM,A,22350,False,1,I-80 W/B,,,10/13/2020 2:34:53 PM,A,W,1.0,SAN FRANCISCO BAY BRIDGE TOLL PLAZA,M,,D,10/13/2020 2:35:20 PM,10/13/2020 2:35:20 PM,,True,2,,,,,,,
1323040,9370-2020-02467,1,False,9370,10/5/2020 7:50:00 PM,1950,054,14,109,Oakland,1,True,True,C,REAR END,,Monday,Yes,False,,,False,True,True,Oakland Superior,C,OTHER MOTOR VEHICLE,,2,0,CLEAR,,NO UNUSUAL CONDITIONS,,D,DARK-NO STREET LIGHTS,37.798103,-122.216887,,,,,A,NO PEDESTRIANS INVOLVED,10/5/2020 12:00:00 AM,A,22350,False,1,I-580 E/B,,,10/13/2020 2:23:03 PM,A,E,25.0,Fruitvale Ave,F,,D,10/13/2020 2:24:09 PM,10/13/2020 2:24:09 PM,,True,2,,,,,,,
1323024,9335-2020-01506,1,False,9335,10/12/2020 3:00:00 PM,1500,082,14,109,Oakland,1,True,True,C,REAR END,,Monday,NotApplicable,False,,,False,True,False,Oakland Superior,C,OTHER MOTOR VEHICLE,,0,0,CLEAR,,NO UNUSUAL CONDITIONS,,A,DAYLIGHT,37.82144,-122.33509,,,,,A,NO PEDESTRIANS INVOLVED,10/12/2020 12:00:00 AM,A,22350,False,1,I-80 E/B,,,10/13/2020 2:14:03 PM,A,W,1.0,SAN FRANCISCO BAY BRIDGE TOLL PLAZA,M,,D,10/13/2020 2:14:31 PM,10/13/2020 2:14:31 PM,,True,2,,,,,,,
1323022,9370-2020-02547,1,False,9370,10/3/2020 10:00:00 AM,1000,013,14,109,Oakland,1,True,True,A,HEAD-ON,,Saturday,Yes,False,,,False,True,True,Oakland Superior,I,FIXED OBJECT,CONCRETE WALL,1,0,CLEAR,,NO UNUSUAL CONDITIONS,,A,DAYLIGHT,37.842651,-122.225789,,,,,A,NO PEDESTRIANS INVOLVED,10/3/2020 12:00:00 AM,A,22107,False,1,S/R-13 to Broadway Terrace,,,10/13/2020 2:12:06 PM,A,N,125.0,Broadway Terrace,F,,D,10/13/2020 2:12:54 PM,10/13/2020 2:12:54 PM,,True,2,,,,,,,
1322504,9370-2020-02515,1,False,9370,10/9/2020 9:00:00 PM,2100,055,14,109,Oakland,1,True,True,B,SIDE SWIPE,,Friday,NotApplicable,False,,,False,True,False,Oakland Superior,C,OTHER MOTOR VEHICLE,,0,0,CLEAR,,NO UNUSUAL CONDITIONS,,On-Duty Emergency VehicleD,DARK-NO STREET LIGHTS,37.825235,-122.267871,,,,,A,NO PEDESTRIANS INVOLVED,10/9/2020 12:00:00 AM,B,UNSAFE SPEED,,1,I-580 E/B TO SR-24 E/B,,,10/13/2020 7:30:05 AM,A,W,600.0,W. MACARTHUR BLVD,F,,D,10/13/2020 7:30:52 AM,10/13/2020 7:30:52 AM,,True,2,,,,,,,
1322464,9370-2020-02534,1,False,9370,10/12/2020 7:50:00 AM,750,052,14,109,Oakland,1,True,True,H,OTHER,Animal,Monday,NotApplicable,False,,,False,True,False,Oakland Superior,H,ANIMAL,DEER,0,0,CLEAR,,NO UNUSUAL CONDITIONS,,A,DAYLIGHT,37.77103,-122.15565,,,,,A,NO PEDESTRIANS INVOLVED,10/12/2020 12:00:00 AM,C,,,,I-580 E/B,,,10/13/2020 6:42:51 AM,A,E,360.0,Keller Ave,F,,A,10/13/2020 6:43:40 AM,10/13/2020 6:43:40 AM,,True,2,,,,,,,
1322457,9370-2020-02470,1,False,9370,10/6/2020 6:30:00 AM,630,052,14,109,Oakland,1,True,True,H,OTHER,Animal,Tuesday,NotApplicable,False,,,False,True,False,Oakland Superior,H,ANIMAL,DEER,0,0,CLEAR,,NO UNUSUAL CONDITIONS,,B,DUSK-DAWN,37.77124,-122.15574,,,,,A,NO PEDESTRIANS INVOLVED,10/6/2020 12:00:00 AM,C,,,,I-580 E/B,,,10/13/2020 6:38:10 AM,A,E,290.0,Keller Ave,F,,D,10/13/2020 6:38:43 AM,10/13/2020 6:38:43 AM,,True,2,,,,,,,
1322421,9370-2020-01977,2,False,9370,8/14/2020 10:53:00 PM,2253,053,14,109,Oakland,1,True,True,C,REAR END,,Friday,Yes,True,,,False,True,True,Oakland Superior,C,OTHER MOTOR VEHICLE,,0,1,CLEAR,,NO UNUSUAL CONDITIONS,,FatalD,DARK-NO STREET LIGHTS,37.79243,-122.20335,,,,,A,NO PEDESTRIANS INVOLVED,8/14/2020 12:00:00 AM,A,22350,False,1,I-580 W/B,,,10/26/2020 1:21:05 PM,A,W,27.0,35th Ave,F,,D,10/13/2020 3:43:31 AM,10/26/2020 1:22:00 PM,,True,2,,,,,,,
1322385,9370-2020-02465,1,False,9370,10/5/2020 6:30:00 PM,1830,177,14,109,Oakland,1,True,True,B,SIDE SWIPE,,Monday,NotApplicable,False,,,False,True,False,Oakland Superior,C,OTHER MOTOR VEHICLE,,0,0,CLEAR,,NO UNUSUAL CONDITIONS,,On-Duty Emergency VehicleA,DAYLIGHT,37.798393,-122.273744,,,,,A,NO PEDESTRIANS INVOLVED,10/5/2020 12:00:00 AM,A,21658(a),False,1,I-880 N/B TO BROADWAY,,,10/12/2020 8:42:02 PM,A,S,264.0,Broadway,F,,D,10/12/2020 8:42:49 PM,10/12/2020 8:42:49 PM,,True,2,,,,,,,
1322373,9370-2020-02450,1,False,9370,10/3/2020 8:55:00 AM,855,178,14,109,Oakland,1,True,True,B,SIDE SWIPE,,Saturday,NotApplicable,False,,,False,True,False,Oakland Superior,C,OTHER MOTOR VEHICLE,,0,0,CLEAR,,NO UNUSUAL CONDITIONS,,A,DAYLIGHT,37.80184,-122.296898,,,,,A,NO PEDESTRIANS INVOLVED,10/3/2020 12:00:00 AM,A,21658(a),False,1,I-880 S/B,,,10/12/2020 4:59:51 PM,A,N,900.0,3rd St,F,,D,10/12/2020 5:00:27 PM,10/12/2020 5:00:27 PM,,True,2,,,,,,,
1322371,9370-2020-02447,1,False,9370,10/2/2020 8:05:00 PM,2005,025,14,109,Oakland,1,True,True,B,SIDE SWIPE,,Friday,Yes,False,,,False,True,True,Oakland Superior,C,OTHER MOTOR VEHICLE,,1,0,CLEAR,,NO UNUSUAL CONDITIONS,,C,DARK-STREET LIGHTS,37.831042,-122.26711,,,,,A,NO PEDESTRIANS INVOLVED,10/2/2020 12:00:00 AM,A,22107,False,1,SR-24 W/B TO I-580 TRANSITION,,,10/12/2020 4:56:41 PM,A,E,493.0,40th St,F,,D,10/12/2020 4:57:35 PM,10/12/2020 4:57:35 PM,,True,2,,,,,,,
1322342,9370-2020-02506,1,False,9370,10/9/2020 11:49:00 AM,1149,024,14,109,Oakland,1,True,True,C,REAR END,,Friday,NotApplicable,False,,,False,True,False,Oakland Superior,C,OTHER MOTOR VEHICLE,,0,0,CLEAR,,NO UNUSUAL CONDITIONS,,A,DAYLIGHT,37.84902,-122.229643,,,,,A,NO PEDESTRIANS INVOLVED,10/9/2020 12:00:00 AM,A,22350,False,1,SR-24 W/B,,,10/12/2020 3:53:55 PM,A,W,20.0,SR-13,F,,D,10/12/2020 3:54:36 PM,10/12/2020 3:54:36 PM,,True,2,,,,,,,
1322335,9370-2020-02505,1,False,9370,10/9/2020 11:48:00 AM,1148,024,14,109,Oakland,1,True,True,C,REAR END,,Friday,NotApplicable,False,,,False,True,False,Oakland Superior,C,OTHER MOTOR VEHICLE,,0,0,CLEAR,,NO UNUSUAL CONDITIONS,,A,DAYLIGHT,37.84902,-122.229643,,,,,A,NO PEDESTRIANS INVOLVED,10/9/2020 12:00:00 AM,A,22350,False,1,SR-24 W/B,,,10/12/2020 3:43:20 PM,A,W,20.0,SR-13,F,,D,10/12/2020 3:43:55 PM,10/12/2020 3:43:55 PM,,True,2,,,,,,,
1322005,9370-2020-02476,1,False,9370,10/4/2020 7:30:00 PM,1930,179,14,109,Oakland,1,True,True,E,HIT OBJECT,,Sunday,NotApplicable,False,M,,False,True,True,Oakland Superior,I,FIXED OBJECT,CONCRETE BARRIER WALL,0,0,CLEAR,,NO UNUSUAL CONDITIONS,,C,DARK-STREET LIGHTS,37.828067,-122.292091,,,,,A,NO PEDESTRIANS INVOLVED,10/4/2020 12:00:00 AM,A,22107,False,1,I-880 N/B,,,10/12/2020 12:13:14 PM,A,N,430.0,Beach St,F,,D,10/12/2020 12:15:03 PM,10/12/2020 12:15:03 PM,,True,2,,,,,,,
1321475,9370-2020-02514,1,False,9370,10/10/2020 12:56:00 AM,56,055,14,109,Oakland,1,True,True,A,HEAD-ON,,Saturday,NotApplicable,False,,,False,True,True,Oakland Superior,C,OTHER MOTOR VEHICLE,,0,0,CLOUDY,,NO UNUSUAL CONDITIONS,,D,DARK-NO STREET LIGHTS,37.823145,-122.263327,,,,,A,NO PEDESTRIANS INVOLVED,10/10/2020 12:00:00 AM,C,,,,I-580 W/B TO I-980,,,10/12/2020 6:45:21 AM,A,W,400.0,Webster St,F,,D,10/12/2020 6:46:42 AM,10/12/2020 6:46:42 AM,,True,2,,,,,,,
1321468,9370-2020-02512,1,False,9370,10/9/2020 9:05:00 PM,2105,177,14,109,Oakland,1,True,True,B,SIDE SWIPE,,Friday,NotApplicable,False,M,,False,True,False,Oakland Superior,C,OTHER MOTOR VEHICLE,,0,0,CLEAR,,NO UNUSUAL CONDITIONS,,C,DARK-STREET LIGHTS,37.797225,-122.271424,,,,,A,NO PEDESTRIANS INVOLVED,10/9/2020 12:00:00 AM,A,21658(a),False,1,I-880 N/B,,,10/12/2020 6:39:29 AM,A,S,100.0,Oak St,F,,D,10/12/2020 6:40:04 AM,10/12/2020 6:40:04 AM,,True,2,,,,,,,
1321453,9370-2020-02418,1,False,9370,9/30/2020 9:00:00 AM,900,904,14,109,Oakland,1,True,True,B,SIDE SWIPE,,Wednesday,NotApplicable,False,,,False,True,False,Oakland Superior,C,OTHER MOTOR VEHICLE,,0,0,CLEAR,,NO UNUSUAL CONDITIONS,,A,DAYLIGHT,37.82472,-122.21512,,,,,A,NO PEDESTRIANS INVOLVED,9/30/2020 12:00:00 AM,B,UNSAFE MERGE,,1,I-80 W/B,,,10/12/2020 6:17:16 AM,A,W,345.0,SFOBB TOLL PLAZA,F,,D,10/12/2020 6:17:56 AM,10/12/2020 6:17:56 AM,,True,2,,,,,,,
1321411,9370-2020-02513,1,False,9370,10/10/2020 12:55:00 AM,55,055,14,109,Oakland,1,True,True,E,HIT OBJECT,,Saturday,NotApplicable,False,,,False,True,True,Oakland Superior,I,FIXED OBJECT,RAISED CURB,0,0,CLOUDY,,NO UNUSUAL CONDITIONS,,D,DARK-NO STREET LIGHTS,37.823415,-122.263327,,,,,A,NO PEDESTRIANS INVOLVED,10/10/2020 12:00:00 AM,A,22107,False,1,I-580 W/B,,,10/11/2020 8:45:24 PM,A,W,350.0,Webster St,F,,D,10/11/2020 8:46:02 PM,10/11/2020 8:46:02 PM,,True,2,,,,,,,
1321408,9370-2020-02507,1,False,9370,10/9/2020 2:30:00 PM,1430,024,14,109,Oakland,1,True,True,C,REAR END,,Friday,NotApplicable,False,,,False,True,False,Oakland Superior,C,OTHER MOTOR VEHICLE,,0,0,CLEAR,,NO UNUSUAL CONDITIONS,,A,DAYLIGHT,37.84858,-122.23524,,,,,A,NO PEDESTRIANS INVOLVED,10/9/2020 12:00:00 AM,A,22350,False,1,SR-24 E/B,,,10/11/2020 8:23:14 PM,A,W,1000.0,SR-13,F,,D,10/11/2020 8:23:51 PM,10/11/2020 8:23:51 PM,,True,2,,,,,,,
1321405,9370-2020-02518,1,False,9370,10/9/2020 4:05:00 PM,1605,176,14,109,Oakland,1,True,True,C,REAR END,,Friday,NotApplicable,False,M,,False,True,False,Oakland Superior,C,OTHER MOTOR VEHICLE,,0,0,CLEAR,,NO UNUSUAL CONDITIONS,,A,DAYLIGHT,37.733922,-122.22965,,,,,A,NO PEDESTRIANS INVOLVED,10/10/2020 12:00:00 AM,A,22350,False,1,I-880 N/B,,,10/11/2020 8:17:25 PM,A,S,1140.0,29th Ave,F,,D,10/11/2020 8:18:00 PM,10/11/2020 8:18:00 PM,,True,2,,,,,,,
1321389,9370-2020-02501,1,False,9370,10/8/2020 9:15:00 AM,915,053,14,109,Oakland,1,True,True,C,REAR END,,Thursday,NotApplicable,False,,,False,True,True,Oakland Superior,C,OTHER MOTOR VEHICLE,,0,0,CLOUDY,,NO UNUSUAL CONDITIONS,,A,DAYLIGHT,37.795449,-122.207844,,,,,A,NO PEDESTRIANS INVOLVED,10/8/2020 12:00:00 AM,A,22350 VC,False,1,I-580 W/B,,,10/11/2020 6:33:41 PM,A,W,189.0,Maple Ave,F,,D,10/11/2020 6:34:37 PM,10/11/2020 6:34:37 PM,,True,2,,,,,,,
1321380,9370-2020-02474,1,False,9370,10/6/2020 3:30:00 AM,330,176,14,109,Oakland,1,True,True,E,HIT OBJECT,,Tuesday,Yes,False,,,False,True,True,Oakland Superior,I,FIXED OBJECT,CONCRETE WALL,1,0,CLEAR,,NO UNUSUAL CONDITIONS,,C,DARK-STREET LIGHTS,37.45514,-122.1312,,,,,A,NO PEDESTRIANS INVOLVED,10/6/2020 12:00:00 AM,A,23152(a),True,1,I-880 SB,,,10/11/2020 4:58:37 PM,A,S,1689.0,High St,F,,D,10/11/2020 5:00:02 PM,10/11/2020 5:00:02 PM,,True,2,,,,,,,
1321379,9370-2020-02463,1,False,9370,10/5/2020 12:14:00 PM,1214,177,14,109,Oakland,1,True,True,E,HIT OBJECT,,Monday,NotApplicable,False,,,False,True,True,Oakland Superior,I,FIXED OBJECT,CONCRETE WALL,0,0,CLEAR,,NO UNUSUAL CONDITIONS,,A,DAYLIGHT,37.78679,-122.24641,,,,,A,NO PEDESTRIANS INVOLVED,10/5/2020 12:00:00 AM,A,22107,False,1,I-880 S/B,,,10/11/2020 4:37:25 PM,A,N,605.0,16th Ave,F,,D,10/11/2020 4:37:59 PM,10/11/2020 4:37:59 PM,,True,2,,,,,,,
1321371,9370-2020-02456,1,False,9370,10/4/2020 12:30:00 AM,30,053,14,109,Oakland,1,True,True,C,REAR END,,Sunday,NotApplicable,False,M,,False,True,False,Oakland Superior,C,OTHER MOTOR VEHICLE,,0,0,CLEAR,,NO UNUSUAL CONDITIONS,,C,DARK-STREET LIGHTS,37.475274,-122.132596,,,,,A,NO PEDESTRIANS INVOLVED,10/4/2020 12:00:00 AM,A,22350,False,1,I-580 E/B TO FRUITVALE AVENUE,,,10/11/2020 2:58:44 PM,A,W,20.0,Fruitvale Ave,F,,D,10/11/2020 2:59:17 PM,10/11/2020 2:59:17 PM,,True,2,,,,,,,
1321365,9370-2020-02460,1,False,9370,10/2/2020 11:05:00 AM,1105,176,14,109,Oakland,1,True,True,C,REAR END,,Friday,NotApplicable,False,,,False,True,True,Oakland Superior,C,OTHER MOTOR VEHICLE,,0,0,CLEAR,,NO UNUSUAL CONDITIONS,,A,DAYLIGHT,37.77396,-122.23016,,,,,A,NO PEDESTRIANS INVOLVED,10/2/2020 12:00:00 AM,A,22350,False,1,I-880 N/B,,,10/11/2020 2:19:05 PM,A,S,1000.0,29th Ave,F,,D,10/11/2020 2:19:41 PM,10/11/2020 2:19:41 PM,,True,2,,,,,,,
1321351,9335-2020-01470,1,False,9335,10/6/2020 3:50:00 PM,1550,082,14,109,Oakland,1,True,True,B,SIDE SWIPE,,Tuesday,NotApplicable,False,,,False,True,True,Oakland Superior,C,OTHER MOTOR VEHICLE,,1,0,CLEAR,,NO UNUSUAL CONDITIONS,,A,DAYLIGHT,37.820922,-122.337822,,,,,A,NO PEDESTRIANS INVOLVED,10/6/2020 12:00:00 AM,A,21658(a),False,2,I-80 W/B,,,10/11/2020 11:00:44 AM,A,E,3330.0,SF/ALAMEDA COUNTY LINE,F,,D,10/11/2020 11:01:48 AM,10/11/2020 11:01:48 AM,,True,2,,,,,,,
1320920,9335-2020-01468,1,False,9335,10/6/2020 7:30:00 AM,730,082,14,109,Oakland,1,True,True,C,REAR END,,Tuesday,NotApplicable,False,,,False,True,True,Oakland Superior,C,OTHER MOTOR VEHICLE,,0,0,CLEAR,,NO UNUSUAL CONDITIONS,,A,DAYLIGHT,37.819855,-122.345474,,,,,A,NO PEDESTRIANS INVOLVED,10/6/2020 12:00:00 AM,A,22350,False,2,I-80 WESTBOUND,,,10/9/2020 11:50:00 AM,A,E,1.26,YERBA BUENA ISL TUNNEL,M,,D,10/9/2020 11:50:37 AM,10/9/2020 11:50:37 AM,,True,2,,,,,,,
1320511,9370-2020-02485,1,False,9370,10/7/2020 5:44:00 AM,544,053,14,109,Oakland,1,True,True,E,HIT OBJECT,,Wednesday,NotApplicable,False,,,False,True,False,Oakland Superior,J,OTHER OBJECT,TIRE,0,0,CLOUDY,,NO UNUSUAL CONDITIONS,,B,DUSK-DAWN,37.79628,-122.2098,,,,,A,NO PEDESTRIANS INVOLVED,10/7/2020 12:00:00 AM,C,,,,I-580 W/B,,,10/8/2020 6:46:00 PM,A,E,208.0,Coolidge Ave,F,,D,10/8/2020 6:46:33 PM,10/8/2020 6:46:33 PM,,True,2,,,,,,,