collision-id,report-number,report-version,is-preliminary,ncic-code,crash-date-time,crash-time-description,beat,city-id,city-code,city-name,county-code,city-is-active,city-is-incorporated,collision-type-code,collision-type-description,collision-type-other-desc,day-of-week,dispatch-notified,has-photographs,hit-run,is-attachments-mailed,is-deleted,is-highway-related,is-tow-away,judicial-district,motor-vehicle-involved-with-code,motor-vehicle-involved-with-desc,motor-vehicle-involved-with-other-desc,number-injured,number-killed,weather-1,weather-2,road-condition-1,road-condition-2,special-condition-lighting-code,lighting-description,latitude,longitude,milepost-direction,milepost-distance,milepost-marker,milepost-unit-of-measure,pedestrian-action-code,pedestrian-action-desc,prepared-date,primary-collision-factor-code,primary-collision-factor-violation,primary-collision-factor-is-cited,primary-collision-party-number,primary-road,reporting-district,reporting-district-code,reviewed-date,roadway-surface-code,secondary-direction,secondary-distance,secondary-road,secondary-unit-of-measure,sketch-desc,traffic-control-device-code,created-date,modified-date,is-county-road,is-freeway,chp-555-version,is-additonal-object-struck,notification-date,notification-time-description,has-digital-media-files,evidence-number,is-location-refer-to-narrative,is-aoi-one-same-as-location
2895057,20-008897,2,False,0109,2/14/2020 8:23:00 PM,2023,24Y,14,109,Oakland,1,True,True,B,SIDE SWIPE,,Friday,,,M,,False,False,True,,E,PARKED MOTOR VEHICLE,,0,0,CLEAR,,NO UNUSUAL CONDITIONS - NO UNUSUAL CONDITIONS,,C,DARK-STREET LIGHTS,,,,,,,A,NO PEDESTRIANS INVOLVED,,A,22107,,1,BROOKDALE AV,2,,,A,W,125.0,MINNA ST,F,,D,7/30/2024 9:59:50 AM,1/29/2025 3:41:13 PM,,,2,,,,,,,
2895046,20-009423,2,False,0109,2/18/2020 2:00:00 AM,200,19X,14,109,Oakland,1,True,True,A,HEAD-ON,,Tuesday,,,M,,False,False,False,,C,OTHER MOTOR VEHICLE,,0,0,CLEAR,,NO UNUSUAL CONDITIONS - NO UNUSUAL CONDITIONS,,C,DARK-STREET LIGHTS,,,,,,,A,NO PEDESTRIANS INVOLVED,,A,21801A,,1,21ST AV,1,,,A,,,INTERNATIONAL BL,,,A,7/30/2024 9:59:48 AM,1/29/2025 3:41:12 PM,,,2,,,,,,,
2895042,20-008677,2,False,0109,2/13/2020 1:35:00 PM,1335,21Y,14,109,Oakland,1,True,True,B,SIDE SWIPE,,Thursday,,,M,,False,False,False,,C,OTHER MOTOR VEHICLE,,0,0,CLEAR,,NO UNUSUAL CONDITIONS - NO UNUSUAL CONDITIONS,,A,DAYLIGHT,,,,,,,A,NO PEDESTRIANS INVOLVED,,A,22107,,1,FRUITVALE AV,1,,,A,S,10.0,DAVIS ST,F,,A,7/30/2024 9:59:47 AM,1/29/2025 3:41:12 PM,,,2,,,,,,,
2895038,20-009165,2,False,0109,2/15/2020 11:45:00 AM,1145,25X,14,109,Oakland,1,True,True,B,SIDE SWIPE,,Saturday,,,M,,False,False,True,,D,MOTOR VEHICLE ON OTHER ROADWAY,,0,0,CLEAR,,NO UNUSUAL CONDITIONS - NO UNUSUAL CONDITIONS,,A,DAYLIGHT,,,,,,,A,NO PEDESTRIANS INVOLVED,,A,22350,,1,MACARTHUR BL,2,,,A,,,MAGGE AV,,,D,7/30/2024 9:59:46 AM,1/29/2025 3:41:11 PM,,,2,,,,,,,
2895034,20-008869,2,False,0109,2/14/2020 8:00:00 AM,800,18X,14,109,Oakland,1,True,True,B,SIDE SWIPE,,Friday,,,M,,False,False,False,,C,OTHER MOTOR VEHICLE,,0,0,CLEAR,,NO UNUSUAL CONDITIONS - NO UNUSUAL CONDITIONS,,C,DARK-STREET LIGHTS,,,,,,,A,NO PEDESTRIANS INVOLVED,,A,22107,,1,20TH AV,1,,,A,S,50.0,INDEPENDENCE WY,F,,D,7/30/2024 9:59:45 AM,1/29/2025 3:41:11 PM,,,2,,,,,,,
2895030,20-008996,2,False,0109,2/15/2020 10:54:00 PM,2254,34X,14,109,Oakland,1,True,True,C,REAR END,,Saturday,,,M,,False,False,False,,E,PARKED MOTOR VEHICLE,,0,0,CLEAR,,NO UNUSUAL CONDITIONS - NO UNUSUAL CONDITIONS,,C,DARK-STREET LIGHTS,,,,,,,A,NO PEDESTRIANS INVOLVED,,A,22350,,1,BANCROFT AV,2,,,A,,,BANCROFT AV 8900,,,A,7/30/2024 9:59:45 AM,1/29/2025 3:41:11 PM,,,2,,,,,,,
2895026,20-009201,2,False,0109,2/16/2020 7:01:00 PM,1901,30X,14,109,Oakland,1,True,True,A,HEAD-ON,,Sunday,,,M,,False,False,False,,E,PARKED MOTOR VEHICLE,,0,0,CLEAR,,NO UNUSUAL CONDITIONS - NO UNUSUAL CONDITIONS,,C,DARK-STREET LIGHTS,,,,,,,A,NO PEDESTRIANS INVOLVED,,A,22107,,1,HILLSIDE ST,2,,,A,E,10.0,74TH AV,F,,D,7/30/2024 9:59:44 AM,1/29/2025 3:41:10 PM,,,2,,,,,,,
2895022,20-007334,2,False,0109,2/7/2020 2:13:00 AM,213,30X,14,109,Oakland,1,True,True,C,REAR END,,Friday,,,F,,False,False,False,,E,PARKED MOTOR VEHICLE,,0,0,CLEAR,,,,C,DARK-STREET LIGHTS,,,,,,,A,NO PEDESTRIANS INVOLVED,,A,22107,,1,81ST AV,2,,,A,,,81ST AV 1709,,,D,7/30/2024 9:59:43 AM,1/29/2025 3:41:10 PM,,,2,,,,,,,
2895018,20-007110,2,False,0109,2/5/2020 9:20:00 PM,2120,08X,14,109,Oakland,1,True,True,C,REAR END,,Wednesday,,,M,,False,False,False,,C,OTHER MOTOR VEHICLE,,0,0,CLEAR,,NO UNUSUAL CONDITIONS - NO UNUSUAL CONDITIONS,,C,DARK-STREET LIGHTS,,,,,,,A,NO PEDESTRIANS INVOLVED,,A,21801A,,1,HARRIS ST,1,,,A,,,PEARL ST,,,A,7/30/2024 9:59:43 AM,1/29/2025 3:41:10 PM,,,2,,,,,,,
2895014,20-008521,2,False,0109,2/12/2020 10:10:00 PM,2210,03X,14,109,Oakland,1,True,True,A,HEAD-ON,,Wednesday,,,,,False,False,False,,C,OTHER MOTOR VEHICLE,,0,0,CLEAR,,NO UNUSUAL CONDITIONS - NO UNUSUAL CONDITIONS,,C,DARK-STREET LIGHTS,,,,,,,A,NO PEDESTRIANS INVOLVED,,A,21801A,,1,HARRISON ST,1,,,A,,,12TH ST,,,A,7/30/2024 9:59:42 AM,1/29/2025 3:41:09 PM,,,2,,,,,,,
2895009,20-009594,2,False,0109,2/18/2020 5:31:00 PM,1731,12X,14,109,Oakland,1,True,True,G,VEHICLE/PEDESTRAIN,,Tuesday,,,,,False,False,False,,B,PEDESTRIAN,,0,0,CLEAR,,NO UNUSUAL CONDITIONS - NO UNUSUAL CONDITIONS,,A,DAYLIGHT,,,,,,,B,CROSSING IN CROSS WALK AT INTERSECTION,,A,21950A,,1,COLLEGE AV,1,,,A,,,TAFT AV,,,D,7/30/2024 9:59:41 AM,1/29/2025 3:41:09 PM,,,2,,,,,,,
2895006,20-010621,2,False,0109,2/24/2020 9:45:00 AM,945,18X,14,109,Oakland,1,True,True,C,REAR END,,Monday,,,M,,False,False,False,,E,PARKED MOTOR VEHICLE,,0,0,CLEAR,,NO UNUSUAL CONDITIONS - NO UNUSUAL CONDITIONS,,C,DARK-STREET LIGHTS,,,,,,,A,NO PEDESTRIANS INVOLVED,,A,22107,,1,E 27TH ST,1,,,A,E,15.0,22ND AV,F,,D,7/30/2024 9:59:40 AM,1/29/2025 3:41:08 PM,,,2,,,,,,,
2895002,20-009068,2,False,0109,2/15/2020 11:35:00 PM,2335,01X,14,109,Oakland,1,True,True,G,VEHICLE/PEDESTRAIN,,Saturday,,,,,False,False,False,,B,PEDESTRIAN,,0,0,CLEAR,,NO UNUSUAL CONDITIONS - NO UNUSUAL CONDITIONS,,C,DARK-STREET LIGHTS,,,,,,,B,CROSSING IN CROSS WALK AT INTERSECTION,,A,21950A,,1,5TH ST,1,,,A,,,WASHINGTON ST,,,A,7/30/2024 9:59:39 AM,1/29/2025 3:41:08 PM,,,2,,,,,,,
2894942,20-003558,2,False,0109,1/19/2020 10:43:00 PM,2243,24X,14,109,Oakland,1,True,True,C,REAR END,,Sunday,,,M,,False,False,False,,C,OTHER MOTOR VEHICLE,,0,0,CLEAR,,,,C,DARK-STREET LIGHTS,,,,,,,A,NO PEDESTRIANS INVOLVED,,A,21703,,1,FOOTHILL BL,2,,,A,,,38TH AV,,,A,7/30/2024 9:59:28 AM,1/29/2025 3:41:01 PM,,,2,,,,,,,
2894938,20-010773,2,False,0109,2/25/2020 12:44:00 AM,44,27X,14,109,Oakland,1,True,True,G,VEHICLE/PEDESTRAIN,,Tuesday,,,M,,False,False,False,,C,OTHER MOTOR VEHICLE,,0,0,CLEAR,,NO UNUSUAL CONDITIONS - NO UNUSUAL CONDITIONS,,C,DARK-STREET LIGHTS,,,,,,,A,NO PEDESTRIANS INVOLVED,,A,22350,,1,BOND ST,2,,,A,W,10.0,HIGH ST,F,,A,7/30/2024 9:59:28 AM,1/29/2025 3:41:01 PM,,,2,,,,,,,
2894934,20-006308,2,False,0109,2/1/2020 12:50:00 PM,1250,25Y,14,109,Oakland,1,True,True,B,SIDE SWIPE,,Saturday,,,M,,False,False,False,,E,PARKED MOTOR VEHICLE,,0,0,CLEAR,,NO UNUSUAL CONDITIONS - NO UNUSUAL CONDITIONS,,D,DARK-NO STREET LIGHTS,,,,,,,A,NO PEDESTRIANS INVOLVED,,A,22107,,1,45TH AV,2,,,A,N,40.0,COLISEUM WY,F,,D,7/30/2024 9:59:27 AM,1/29/2025 3:41:01 PM,,,2,,,,,,,
2894930,20-008705,2,False,0109,2/13/2020 6:10:00 PM,1810,20X,14,109,Oakland,1,True,True,C,REAR END,,Thursday,,,,,False,False,False,,C,OTHER MOTOR VEHICLE,,1,0,CLEAR,,NO UNUSUAL CONDITIONS - NO UNUSUAL CONDITIONS,,B,DUSK-DAWN,,,,,,,A,NO PEDESTRIANS INVOLVED,,A,22350,,1,29TH AV,1,,,A,N,400.0,FORD ST,F,,A,7/30/2024 9:59:26 AM,1/29/2025 3:41:00 PM,,,2,,,,,,,
2894922,20-+009649,2,False,0109,2/19/2020 8:42:00 PM,2042,26X,14,109,Oakland,1,True,True,A,HEAD-ON,,Wednesday,,,M,,False,False,False,,I,FIXED OBJECT,,0,0,CLEAR,,NO UNUSUAL CONDITIONS - NO UNUSUAL CONDITIONS,,C,DARK-STREET LIGHTS,,,,,,,A,NO PEDESTRIANS INVOLVED,,A,22107,,1,COLISEUM WY,2,,,A,E,20.0,50TH AV,F,,D,7/30/2024 9:59:25 AM,1/29/2025 3:41:00 PM,,,2,,,,,,,
2894549,20-006115,2,False,0109,1/31/2020 6:46:00 PM,1846,23X,14,109,Oakland,1,True,True,G,VEHICLE/PEDESTRAIN,,Friday,,,,,False,False,False,,B,PEDESTRIAN,,1,0,CLEAR,,NO UNUSUAL CONDITIONS - NO UNUSUAL CONDITIONS,,C,DARK-STREET LIGHTS,,,,,,,D,CROSSING - NOT IN CROSSWALK,,D,21950B,,1,42ND AV,2,,,A,,,FOOTHILL BL,,,A,7/30/2024 9:58:09 AM,1/29/2025 3:40:25 PM,,,2,,,,,,,
2894545,20-000816,2,False,0109,1/5/2020 2:38:00 PM,1438,22X,14,109,Oakland,1,True,True,C,REAR END,,Sunday,,,,,False,False,False,,E,PARKED MOTOR VEHICLE,,0,0,CLEAR,,NO UNUSUAL CONDITIONS - NO UNUSUAL CONDITIONS,,A,DAYLIGHT,,,,,,,A,NO PEDESTRIANS INVOLVED,,A,23152A,,1,LYMAN RD,1,,,A,N,75.0,FRUITVALE AV,F,,D,7/30/2024 9:58:09 AM,1/29/2025 3:40:25 PM,,,2,,,,,,,
2894541,20-001482,2,False,0109,1/8/2020 11:12:00 PM,2312,33X,14,109,Oakland,1,True,True,D,BROADSIDE,,Wednesday,,,,,False,False,True,,C,OTHER MOTOR VEHICLE,,1,0,CLOUDY,,NO UNUSUAL CONDITIONS - NO UNUSUAL CONDITIONS,,C,DARK-STREET LIGHTS,,,,,,,A,NO PEDESTRIANS INVOLVED,,A,23152A,,1,85TH AV,2,,,A,,,SAN LEANDRO ST,,,A,7/30/2024 9:58:08 AM,1/29/2025 3:40:25 PM,,,2,,,,,,,
2894533,20-004044,2,False,0109,1/22/2020 9:26:00 AM,926,19X,14,109,Oakland,1,True,True,A,HEAD-ON,,Wednesday,,,,,False,False,True,,C,OTHER MOTOR VEHICLE,,2,0,CLEAR,,NO UNUSUAL CONDITIONS - NO UNUSUAL CONDITIONS,,A,DAYLIGHT,,,,,,,A,NO PEDESTRIANS INVOLVED,,A,21801A,,1,E 8TH ST,1,,,B,,,8TH AV,,,D,7/30/2024 9:58:06 AM,1/29/2025 3:40:24 PM,,,2,,,,,,,
2914290,20-016889,2,False,0109,3/30/2020 7:00:00 PM,1900,18X,14,109,Oakland,1,True,True,E,HIT OBJECT,,Monday,,,,,False,False,False,,J,OTHER OBJECT,,0,0,CLEAR,,NO UNUSUAL CONDITIONS - NO UNUSUAL CONDITIONS,,A,DAYLIGHT,,,,,,,A,NO PEDESTRIANS INVOLVED,,D,,,1,21ST AV,1,,,A,S,30.0,28TH ST,F,,D,7/30/2024 5:01:16 PM,1/30/2025 9:02:39 AM,,,2,,,,,,,
2914289,20-015932,2,False,0109,3/24/2020 4:06:00 AM,406,28X,14,109,Oakland,1,True,True,H,OTHER,,Tuesday,,,M,,False,False,False,,E,PARKED MOTOR VEHICLE,,0,0,CLEAR,,NO UNUSUAL CONDITIONS - NO UNUSUAL CONDITIONS,,C,DARK-STREET LIGHTS,,,,,,,A,NO PEDESTRIANS INVOLVED,,A,22106,,1,MADERA AV,2,,,A,E,40.0,PIERSON,F,,D,7/30/2024 5:01:16 PM,1/30/2025 9:02:39 AM,,,2,,,,,,,
2914085,20-021323,2,False,0109,4/27/2020 9:09:00 PM,2109,06,14,109,Oakland,1,True,True,,,,Monday,,,M,,False,False,False,,C,OTHER MOTOR VEHICLE,,1,0,CLEAR,RAINING,NO UNUSUAL CONDITIONS - NO UNUSUAL CONDITIONS,,A,DAYLIGHT,,,,,,,A,NO PEDESTRIANS INVOLVED,,A,21453A,,1,WEST ST,1,,,,N,10.0,36TH ST,F,,A,7/30/2024 5:01:02 PM,1/30/2025 9:02:31 AM,,,2,,,,,,,
2914084,20-019494,2,False,0109,4/16/2020 12:12:00 PM,1212,26,14,109,Oakland,1,True,True,D,BROADSIDE,,Thursday,,,,,False,False,False,,C,OTHER MOTOR VEHICLE,,1,0,CLOUDY,,NO UNUSUAL CONDITIONS - NO UNUSUAL CONDITIONS,,A,DAYLIGHT,,,,,,,A,NO PEDESTRIANS INVOLVED,,A,22450A,,1,71ST AV,2,,,A,,,GUICE WY,,,A,7/30/2024 5:01:02 PM,1/30/2025 9:02:31 AM,,,2,,,,,,,
2914083,20-020349,2,False,0109,4/21/2020 11:18:00 PM,2318,28,14,109,Oakland,1,True,True,G,VEHICLE/PEDESTRAIN,,Tuesday,,,F,,False,False,False,,B,PEDESTRIAN,,1,0,CLEAR,,NO UNUSUAL CONDITIONS - NO UNUSUAL CONDITIONS,,C,DARK-STREET LIGHTS,,,,,,,E,IN ROAD - INCLUDES SHOULDER,,A,21954A,,1,MACARTHUR BL,2,,,A,W,171.0,55TH AV,F,,D,7/30/2024 5:01:02 PM,1/30/2025 9:02:31 AM,,,2,,,,,,,
2914035,20-022568,2,False,0109,5/5/2020 12:35:00 PM,1235,29X,14,109,Oakland,1,True,True,D,BROADSIDE,,Tuesday,,,M,,False,False,False,,C,OTHER MOTOR VEHICLE,,0,0,CLEAR,,NO UNUSUAL CONDITIONS - NO UNUSUAL CONDITIONS,,A,DAYLIGHT,,,,,,,A,NO PEDESTRIANS INVOLVED,,A,21453A,,1,FOOTHILL BL,2,,,A,,,64TH AV,,,A,7/30/2024 5:00:59 PM,1/30/2025 9:02:28 AM,,,2,,,,,,,
2914034,20-022486,2,False,0109,5/2/2020 7:12:00 PM,1912,35X,14,109,Oakland,1,True,True,B,SIDE SWIPE,,Saturday,,,M,,False,False,False,,E,PARKED MOTOR VEHICLE,,0,0,CLEAR,,NO UNUSUAL CONDITIONS - NO UNUSUAL CONDITIONS,,A,DAYLIGHT,,,,,,,A,NO PEDESTRIANS INVOLVED,,A,22107,,1,DOWLING ST,2,,,A,E,45.0,83RD AV,F,,D,7/30/2024 5:00:59 PM,1/30/2025 9:02:28 AM,,,2,,,,,,,
2913999,20-021875,2,False,0109,5/1/2020 1:00:00 AM,100,34X,14,109,Oakland,1,True,True,C,REAR END,,Friday,,,M,,False,False,True,,E,PARKED MOTOR VEHICLE,,0,0,CLEAR,,NO UNUSUAL CONDITIONS - NO UNUSUAL CONDITIONS,,C,DARK-STREET LIGHTS,,,,,,,A,NO PEDESTRIANS INVOLVED,,A,22106,,1,85TH AV,2,,,A,S,300.0,BANCROFT AV,F,,D,7/30/2024 5:00:57 PM,1/30/2025 9:02:27 AM,,,2,,,,,,,
2913998,20-022417,2,False,0109,5/4/2020 4:00:00 PM,1600,30X,14,109,Oakland,1,True,True,C,REAR END,,Monday,,,M,,False,False,False,,E,PARKED MOTOR VEHICLE,,0,0,CLEAR,,NO UNUSUAL CONDITIONS - NO UNUSUAL CONDITIONS,,A,DAYLIGHT,,,,,,,A,NO PEDESTRIANS INVOLVED,,A,22107,,1,77TH AV,2,,,A,N,200.0,INTERNATIONAL BL,F,,D,7/30/2024 5:00:57 PM,1/30/2025 9:02:27 AM,,,2,,,,,,,
2913513,20-005880,2,False,0109,1/31/2020 11:30:00 PM,2330,09X,14,109,Oakland,1,True,True,C,REAR END,,Friday,,,M,,False,False,False,,C,OTHER MOTOR VEHICLE,,0,0,CLEAR,,NO UNUSUAL CONDITIONS - NO UNUSUAL CONDITIONS,,C,DARK-STREET LIGHTS,,,,,,,A,NO PEDESTRIANS INVOLVED,,A,22350,,1,BROADWAY,1,,,A,,,42ND ST,,,A,7/30/2024 5:00:26 PM,1/30/2025 9:02:05 AM,,,2,,,,,,,
2913512,20-005234,2,False,0109,1/28/2020 8:55:00 AM,855,31X,14,109,Oakland,1,True,True,D,BROADSIDE,,Tuesday,,,,,False,False,False,,,,,0,0,CLEAR,,NO UNUSUAL CONDITIONS - NO UNUSUAL CONDITIONS,,A,DAYLIGHT,,,,,,,A,NO PEDESTRIANS INVOLVED,,A,21453A,,1,66TH AV,2,,,A,,,66TH AV 880,,,A,7/30/2024 5:00:26 PM,1/30/2025 9:02:05 AM,,,2,,,,,,,
2913511,20-000130,2,False,0109,1/1/2020 6:19:00 PM,1819,19X,14,109,Oakland,1,True,True,B,SIDE SWIPE,,Wednesday,,,,,False,False,False,,E,PARKED MOTOR VEHICLE,,0,0,CLOUDY,,NO UNUSUAL CONDITIONS - NO UNUSUAL CONDITIONS,,C,DARK-STREET LIGHTS,,,,,,,A,NO PEDESTRIANS INVOLVED,,A,23152A,,1,FOOTHILL BL,1,,,A,W,40.0,18TH AV,F,,D,7/30/2024 5:00:26 PM,1/30/2025 9:02:05 AM,,,2,,,,,,,
2913510,20-004826,2,False,0109,1/26/2020 8:19:00 AM,819,02X,14,109,Oakland,1,True,True,A,HEAD-ON,,Sunday,,,F,,False,False,False,,E,PARKED MOTOR VEHICLE,,0,0,CLEAR,,NO UNUSUAL CONDITIONS - NO UNUSUAL CONDITIONS,,A,DAYLIGHT,,,,,,,A,NO PEDESTRIANS INVOLVED,,D,,,,CAMPBELL ST,1,,,B,N,80.0,8TH ST,F,,D,7/30/2024 5:00:26 PM,1/30/2025 9:02:05 AM,,,2,,,,,,,
2913509,20-003969,2,False,0109,1/21/2020 10:18:00 PM,2218,27X,14,109,Oakland,1,True,True,A,HEAD-ON,,Tuesday,,,M,,False,False,False,,E,PARKED MOTOR VEHICLE,,0,0,RAINING,,,,A,DAYLIGHT,,,,,,,A,NO PEDESTRIANS INVOLVED,,A,22107,,1,FAIRFAX AV,2,,,B,,,FRANCES ST,,,D,7/30/2024 5:00:26 PM,1/30/2025 9:02:05 AM,,,2,,,,,,,
2913508,20-006061,2,False,0109,1/31/2020 1:50:00 PM,1350,27Y,14,109,Oakland,1,True,True,G,VEHICLE/PEDESTRAIN,,Friday,,,,,False,False,False,,B,PEDESTRIAN,,0,0,CLEAR,,OBSTRUCTION ON ROADWAY* - OBSTRUCTION ON ROADWAY*,,A,DAYLIGHT,,,,,,,E,IN ROAD - INCLUDES SHOULDER,,D,,,,INTERNATIONAL BL,2,,,A,E,50.0,65TH AV,F,,A,7/30/2024 5:00:26 PM,1/30/2025 9:02:05 AM,,,2,,,,,,,
2913506,20-004801,2,False,0109,1/10/2020 2:44:00 AM,244,23X,14,109,Oakland,1,True,True,B,SIDE SWIPE,,Friday,,,M,,False,False,False,,C,OTHER MOTOR VEHICLE,,0,0,RAINING,,NO UNUSUAL CONDITIONS - NO UNUSUAL CONDITIONS,,C,DARK-STREET LIGHTS,,,,,,,A,NO PEDESTRIANS INVOLVED,,A,21460A,,1,FOOTHILL BL,2,,,B,W,20.0,HIGH ST,F,,A,7/30/2024 5:00:26 PM,1/30/2025 9:02:05 AM,,,2,,,,,,,
2913505,20-003927,2,False,0109,1/21/2020 5:00:00 PM,1700,24X,14,109,Oakland,1,True,True,A,HEAD-ON,,Tuesday,,,,,False,False,False,,I,FIXED OBJECT,,0,0,RAINING,,,,A,DAYLIGHT,,,,,,,A,NO PEDESTRIANS INVOLVED,,A,22107,,1,INTERNATIONAL BL,2,,,B,,,53RD AV,,,D,7/30/2024 5:00:26 PM,1/30/2025 9:02:05 AM,,,2,,,,,,,
2913504,20-002702,2,False,0109,1/15/2020 10:19:00 AM,1019,04X,14,109,Oakland,1,True,True,D,BROADSIDE,,Wednesday,,,,,False,False,False,,C,OTHER MOTOR VEHICLE,,0,0,CLEAR,,NO UNUSUAL CONDITIONS - NO UNUSUAL CONDITIONS,,A,DAYLIGHT,,,,,,,A,NO PEDESTRIANS INVOLVED,,A,21453A,,1,BROADWAY,1,,,A,,,17TH ST,,,A,7/30/2024 5:00:26 PM,1/30/2025 9:02:05 AM,,,2,,,,,,,
2913500,20-000836,2,False,0109,1/5/2020 7:10:00 PM,1910,24X,14,109,Oakland,1,True,True,B,SIDE SWIPE,,Sunday,,,,,False,False,False,,E,PARKED MOTOR VEHICLE,,0,0,CLEAR,,NO UNUSUAL CONDITIONS - NO UNUSUAL CONDITIONS,,C,DARK-STREET LIGHTS,,,,,,,A,NO PEDESTRIANS INVOLVED,,A,22107,,1,HIGH ST,2,,,A,,,FLEMING AV,,,D,7/30/2024 5:00:26 PM,1/30/2025 9:02:05 AM,,,2,,,,,,,
2913497,20-004397,2,False,0109,1/23/2020 11:59:00 PM,2359,33X,14,109,Oakland,1,True,True,C,REAR END,,Thursday,,,M,,False,False,False,,C,OTHER MOTOR VEHICLE,,0,0,CLEAR,,NO UNUSUAL CONDITIONS - NO UNUSUAL CONDITIONS,,C,DARK-STREET LIGHTS,,,,,,,A,NO PEDESTRIANS INVOLVED,,A,22350,,1,INTERNATIONAL BL,2,,,A,,,94TH AV,,,A,7/30/2024 5:00:25 PM,1/30/2025 9:02:04 AM,,,2,,,,,,,
2913494,20-007704,2,False,0109,2/8/2020 6:53:00 PM,1853,18X,14,109,Oakland,1,True,True,H,OTHER,,Saturday,,,M,,False,False,True,,E,PARKED MOTOR VEHICLE,,0,0,CLEAR,,NO UNUSUAL CONDITIONS - NO UNUSUAL CONDITIONS,,C,DARK-STREET LIGHTS,,,,,,,A,NO PEDESTRIANS INVOLVED,,A,22107,,1,E 17TH ST,1,,,A,E,26.0,18TH AV,F,,D,7/30/2024 5:00:25 PM,1/30/2025 9:02:04 AM,,,2,,,,,,,
2913489,20-008319,2,False,0109,2/11/2020 6:30:00 PM,1830,17Y,14,109,Oakland,1,True,True,C,REAR END,,Tuesday,,,M,,False,False,False,,C,OTHER MOTOR VEHICLE,,0,0,CLEAR,,NO UNUSUAL CONDITIONS - NO UNUSUAL CONDITIONS,,C,DARK-STREET LIGHTS,,,,,,,A,NO PEDESTRIANS INVOLVED,,A,22106,,1,E 31ST ST,1,,,A,W,250.0,BEAUMONT AV,F,,D,7/30/2024 5:00:25 PM,1/30/2025 9:02:04 AM,,,2,,,,,,,
2913486,20-010897,2,False,0109,2/25/2020 2:42:00 PM,1442,30X,14,109,Oakland,1,True,True,A,HEAD-ON,,Tuesday,,,,,False,False,False,,C,OTHER MOTOR VEHICLE,,0,0,CLEAR,,NO UNUSUAL CONDITIONS - NO UNUSUAL CONDITIONS,,A,DAYLIGHT,,,,,,,A,NO PEDESTRIANS INVOLVED,,A,22107,,1,ARTHUR ST,2,,,A,,,73RD AV,,,A,7/30/2024 5:00:25 PM,1/30/2025 9:02:04 AM,,,2,,,,,,,
2913483,20-008666,2,False,0109,2/13/2020 1:21:00 PM,1321,09X,14,109,Oakland,1,True,True,A,HEAD-ON,,Thursday,,,,,False,False,False,,C,OTHER MOTOR VEHICLE,,0,0,CLEAR,,NO UNUSUAL CONDITIONS - NO UNUSUAL CONDITIONS,,A,DAYLIGHT,,,,,,,A,NO PEDESTRIANS INVOLVED,,A,21801A,,1,BROADWAY,1,,,A,,,CORONADO AV,,,A,7/30/2024 5:00:25 PM,1/30/2025 9:02:04 AM,,,2,,,,,,,
2913479,20-008034,2,False,0109,2/10/2020 4:04:00 PM,1604,26X,14,109,Oakland,1,True,True,B,SIDE SWIPE,,Monday,,,,,False,False,False,,C,OTHER MOTOR VEHICLE,,0,0,CLEAR,,NO UNUSUAL CONDITIONS - NO UNUSUAL CONDITIONS,,A,DAYLIGHT,,,,,,,A,NO PEDESTRIANS INVOLVED,,A,22517,,1,INTERNATIONAL BL,2,,,A,,,40TH AV,,,D,7/30/2024 5:00:24 PM,1/30/2025 9:02:03 AM,,,2,,,,,,,
2913282,20-013734,2,False,0109,3/10/2020 9:40:00 PM,2140,19X,14,109,Oakland,1,True,True,D,BROADSIDE,,Tuesday,,,,,False,False,True,,C,OTHER MOTOR VEHICLE,,3,0,CLOUDY,,NO UNUSUAL CONDITIONS - NO UNUSUAL CONDITIONS,,C,DARK-STREET LIGHTS,,,,,,,A,NO PEDESTRIANS INVOLVED,,A,21802A,,1,FOOTHILL BL,1,,,A,,,12TH ST,,,D,7/30/2024 5:00:11 PM,1/30/2025 9:01:55 AM,,,2,,,,,,,
2913281,20-014006,2,False,0109,3/12/2020 8:21:00 AM,821,06X,14,109,Oakland,1,True,True,A,HEAD-ON,,Thursday,,,,,False,False,False,,C,OTHER MOTOR VEHICLE,,1,0,CLEAR,,NO UNUSUAL CONDITIONS - NO UNUSUAL CONDITIONS,,A,DAYLIGHT,,,,,,,A,NO PEDESTRIANS INVOLVED,,A,21650,,1,40TH ST,1,,,A,,,WEST ST,,,A,7/30/2024 5:00:11 PM,1/30/2025 9:01:55 AM,,,2,,,,,,,
2913280,20-013900,2,False,0109,3/11/2020 4:56:00 PM,1656,26X,14,109,Oakland,1,True,True,D,BROADSIDE,,Wednesday,,,,,False,False,True,,C,OTHER MOTOR VEHICLE,,1,0,CLEAR,,NO UNUSUAL CONDITIONS - NO UNUSUAL CONDITIONS,,A,DAYLIGHT,,,,,,,A,NO PEDESTRIANS INVOLVED,,A,21802A,,1,COLISEUM WY,2,,,A,,,KEVIN CT,,,A,7/30/2024 5:00:11 PM,1/30/2025 9:01:55 AM,,,2,,,,,,,
2913279,20-012088,2,False,0109,3/2/2020 3:53:00 PM,1553,01X,14,109,Oakland,1,True,True,D,BROADSIDE,,Monday,,,,,False,False,False,,C,OTHER MOTOR VEHICLE,,1,0,CLEAR,,NO UNUSUAL CONDITIONS - NO UNUSUAL CONDITIONS,,A,DAYLIGHT,,,,,,,A,NO PEDESTRIANS INVOLVED,,A,21801A,,1,W MACARTHUR BL,1,,,B,,,WEBSTER ST,,,A,7/30/2024 5:00:11 PM,1/30/2025 9:01:55 AM,,,2,,,,,,,
2913278,20-014024,2,False,0109,3/12/2020 8:15:00 AM,815,04X,14,109,Oakland,1,True,True,B,SIDE SWIPE,,Thursday,,,,,False,False,False,,C,OTHER MOTOR VEHICLE,,2,0,CLEAR,,NO UNUSUAL CONDITIONS - NO UNUSUAL CONDITIONS,,A,DAYLIGHT,,,,,,,A,NO PEDESTRIANS INVOLVED,,A,,,,SAN PABLO AV,1,,,A,N,79.0,MARTIN LUTHER KING JR WY,F,,A,7/30/2024 5:00:11 PM,1/30/2025 9:01:55 AM,,,2,,,,,,,