collision-id,report-number,report-version,is-preliminary,ncic-code,crash-date-time,crash-time-description,beat,city-id,city-code,city-name,county-code,city-is-active,city-is-incorporated,collision-type-code,collision-type-description,collision-type-other-desc,day-of-week,dispatch-notified,has-photographs,hit-run,is-attachments-mailed,is-deleted,is-highway-related,is-tow-away,judicial-district,motor-vehicle-involved-with-code,motor-vehicle-involved-with-desc,motor-vehicle-involved-with-other-desc,number-injured,number-killed,weather-1,weather-2,road-condition-1,road-condition-2,special-condition-lighting-code,lighting-description,latitude,longitude,milepost-direction,milepost-distance,milepost-marker,milepost-unit-of-measure,pedestrian-action-code,pedestrian-action-desc,prepared-date,primary-collision-factor-code,primary-collision-factor-violation,primary-collision-factor-is-cited,primary-collision-party-number,primary-road,reporting-district,reporting-district-code,reviewed-date,roadway-surface-code,secondary-direction,secondary-distance,secondary-road,secondary-unit-of-measure,sketch-desc,traffic-control-device-code,created-date,modified-date,is-county-road,is-freeway,chp-555-version,is-additonal-object-struck,notification-date,notification-time-description,has-digital-media-files,evidence-number,is-location-refer-to-narrative,is-aoi-one-same-as-location
2912584,20-008011,2,False,0109,2/10/2020 1:53:00 PM,1353,27X,14,109,Oakland,1,True,True,E,HIT OBJECT,,Monday,,,,,False,False,False,,J,OTHER OBJECT,,0,0,CLEAR,,NO UNUSUAL CONDITIONS - NO UNUSUAL CONDITIONS,,A,DAYLIGHT,,,,,,,A,NO PEDESTRIANS INVOLVED,,B,,,1,GORDON ST,2,,,A,E,50.0,POTTER ST,F,,D,7/30/2024 4:59:29 PM,1/30/2025 9:01:24 AM,,,2,,,,,,,
2912581,2020-00007062,2,False,0109,2/6/2020 6:12:00 PM,1812,,14,109,Oakland,1,True,True,A,HEAD-ON,,Thursday,,,,,False,False,False,,C,OTHER MOTOR VEHICLE,,0,0,CLEAR,,NO UNUSUAL CONDITIONS - NO UNUSUAL CONDITIONS,,,,37.85031,122.25298,,,,,A,NO PEDESTRIANS INVOLVED,,A,21801A,,1,63RD,,,,A,W,123.0,COLLEGE AV,F,,D,7/30/2024 4:59:29 PM,1/30/2025 9:01:24 AM,,,3,,,,,,,
2912580,20-010406,2,False,0109,2/22/2020 11:21:00 PM,2321,22X,14,109,Oakland,1,True,True,H,OTHER,,Saturday,,,,,False,False,False,,C,OTHER MOTOR VEHICLE,,0,0,CLEAR,,NO UNUSUAL CONDITIONS - NO UNUSUAL CONDITIONS,,D,DARK-NO STREET LIGHTS,,,,,,,A,NO PEDESTRIANS INVOLVED,,A,23152B,,1,ASCOT DR,1,,,A,N,124.0,LA CUESTA ST,F,,D,7/30/2024 4:59:29 PM,1/30/2025 9:01:24 AM,,,2,,,,,,,
2912550,20-011986,2,False,0109,3/2/2020 8:04:00 AM,804,21X,14,109,Oakland,1,True,True,B,SIDE SWIPE,,Monday,,,,,False,False,False,,C,OTHER MOTOR VEHICLE,,0,0,CLEAR,,NO UNUSUAL CONDITIONS - NO UNUSUAL CONDITIONS,,A,DAYLIGHT,,,,,,,A,NO PEDESTRIANS INVOLVED,,C,,,,CASTELLO ST,1,,,A,S,260.0,FRUITVALE AV,F,,A,7/30/2024 4:59:27 PM,1/30/2025 9:01:23 AM,,,2,,,,,,,
2912542,20-006750,2,False,0109,2/4/2020 8:40:00 AM,840,04X,14,109,Oakland,1,True,True,B,SIDE SWIPE,,Tuesday,,,,,False,False,False,,E,PARKED MOTOR VEHICLE,,0,0,CLEAR,,NO UNUSUAL CONDITIONS - NO UNUSUAL CONDITIONS,,A,DAYLIGHT,,,,,,,A,NO PEDESTRIANS INVOLVED,,A,22107,,1,GRAND AV,1,,,A,W,10.0,WEBSTER ST,F,,A,7/30/2024 4:59:26 PM,1/30/2025 9:01:23 AM,,,2,,,,,,,
2912539,20-013254,2,False,0109,3/8/2020 9:44:00 PM,2144,26Y,14,109,Oakland,1,True,True,D,BROADSIDE,,Sunday,,,,,False,False,True,,C,OTHER MOTOR VEHICLE,,1,0,CLEAR,,NO UNUSUAL CONDITIONS - NO UNUSUAL CONDITIONS,,C,DARK-STREET LIGHTS,,,,,,,A,NO PEDESTRIANS INVOLVED,,A,21801A,,1,SEMINARY AV,1,,,A,,,INTERNATIONAL BL,,,A,7/30/2024 4:59:26 PM,1/30/2025 9:01:22 AM,,,2,,,,,,,
2912492,20-010900,2,False,0109,2/25/2020 2:45:00 PM,1445,17Y,14,109,Oakland,1,True,True,E,HIT OBJECT,,Tuesday,,,,,False,True,True,,I,FIXED OBJECT,,0,0,CLEAR,,NO UNUSUAL CONDITIONS - NO UNUSUAL CONDITIONS,,A,DAYLIGHT,,,,,,,A,NO PEDESTRIANS INVOLVED,,A,22350,,1,PARK BL,1,,,A,N,15.0,MACARTHUR BL,F,,A,7/30/2024 4:59:24 PM,1/30/2025 9:01:20 AM,,,2,,,,,,,
2912355,20-002203,2,False,0109,1/12/2020 11:48:00 PM,2348,21X,14,109,Oakland,1,True,True,B,SIDE SWIPE,,Sunday,,,M,,False,False,True,,C,OTHER MOTOR VEHICLE,,0,0,CLEAR,,NO UNUSUAL CONDITIONS - NO UNUSUAL CONDITIONS,,C,DARK-STREET LIGHTS,,,,,,,A,NO PEDESTRIANS INVOLVED,,A,22107,,1,HYDE ST,1,,,B,E,100.0,FRUITVALE AV,F,,D,7/30/2024 4:59:16 PM,1/30/2025 9:01:14 AM,,,2,,,,,,,
2911718,20-012015,2,False,0109,3/2/2020 10:13:00 AM,1013,08X,14,109,Oakland,1,True,True,D,BROADSIDE,,Monday,,,,,False,False,False,,C,OTHER MOTOR VEHICLE,,0,0,CLEAR,,NO UNUSUAL CONDITIONS - NO UNUSUAL CONDITIONS,,A,DAYLIGHT,,,,,,,A,NO PEDESTRIANS INVOLVED,,A,21453A,,1,MARTIN LUTHER KING JR WY,1,,,A,,,W GRAND AV,,,A,7/30/2024 4:58:38 PM,1/30/2025 9:00:47 AM,,,2,,,,,,,
2911714,20-012100,2,False,0109,3/2/2020 4:42:00 PM,1642,26X,14,109,Oakland,1,True,True,B,SIDE SWIPE,,Monday,,,M,,False,False,False,,C,OTHER MOTOR VEHICLE,,0,0,CLEAR,,NO UNUSUAL CONDITIONS - NO UNUSUAL CONDITIONS,,A,DAYLIGHT,,,,,,,A,NO PEDESTRIANS INVOLVED,,A,22107,,1,69TH AV,2,,,A,N,100.0,HAMILTON,F,,D,7/30/2024 4:58:38 PM,1/30/2025 9:00:47 AM,,,2,,,,,,,
2911711,20-012129,2,False,0109,3/2/2020 8:12:00 PM,2012,12X,14,109,Oakland,1,True,True,B,SIDE SWIPE,,Monday,,,,,False,False,False,,C,OTHER MOTOR VEHICLE,,0,0,CLEAR,,NO UNUSUAL CONDITIONS - NO UNUSUAL CONDITIONS,,C,DARK-STREET LIGHTS,,,,,,,A,NO PEDESTRIANS INVOLVED,,C,,,,COLLEGE AV,1,,,A,,,63RD ST,,,D,7/30/2024 4:58:38 PM,1/30/2025 9:00:47 AM,,,2,,,,,,,
2911459,20-005894,2,False,0109,1/31/2020 1:56:00 AM,156,24Y,14,109,Oakland,1,True,True,E,HIT OBJECT,,Friday,,,,,False,False,False,,I,FIXED OBJECT,,0,0,CLEAR,,NO UNUSUAL CONDITIONS - NO UNUSUAL CONDITIONS,,C,DARK-STREET LIGHTS,,,,,,,A,NO PEDESTRIANS INVOLVED,,A,23152A,,1,35TH AV,1,,,A,S,55.0,35TH AV 580,F,,A,7/30/2024 4:58:24 PM,1/30/2025 9:00:37 AM,,,2,,,,,,,
2911456,20-003667,2,False,0109,1/20/2020 1:51:00 PM,1351,24X,14,109,Oakland,1,True,True,B,SIDE SWIPE,,Monday,,,,,False,False,False,,C,OTHER MOTOR VEHICLE,,0,0,CLOUDY,,NO UNUSUAL CONDITIONS - NO UNUSUAL CONDITIONS,,A,DAYLIGHT,,,,,,,A,NO PEDESTRIANS INVOLVED,,D,,,,HUMBOLDT AV,2,,,A,S,20.0,SCHOOL ST,F,,D,7/30/2024 4:58:24 PM,1/30/2025 9:00:37 AM,,,2,,,,,,,
2911452,20-004447,2,False,0109,1/24/2020 10:30:00 AM,1030,32X,14,109,Oakland,1,True,True,B,SIDE SWIPE,,Friday,,,,,False,False,False,,C,OTHER MOTOR VEHICLE,,0,0,CLEAR,,NO UNUSUAL CONDITIONS - NO UNUSUAL CONDITIONS,,A,DAYLIGHT,,,,,,,A,NO PEDESTRIANS INVOLVED,,A,21658B,,1,INTERNATIONAL BL,2,,,A,,,99TH AV,,,A,7/30/2024 4:58:24 PM,1/30/2025 9:00:36 AM,,,2,,,,,,,
2911449,20-006068,2,False,0109,1/31/2020 1:50:00 PM,1350,14X,14,109,Oakland,1,True,True,B,SIDE SWIPE,,Friday,,,M,,False,False,False,,C,OTHER MOTOR VEHICLE,,0,0,CLEAR,,NO UNUSUAL CONDITIONS - NO UNUSUAL CONDITIONS,,A,DAYLIGHT,,,,,,,A,NO PEDESTRIANS INVOLVED,,A,22107,,1,GRAND AV,1,,,A,W,20.0,ELLITA AV,F,,D,7/30/2024 4:58:23 PM,1/30/2025 9:00:36 AM,,,2,,,,,,,
2911445,20-002167,2,False,0109,1/12/2020 6:38:00 PM,1838,24X,14,109,Oakland,1,True,True,C,REAR END,,Sunday,,,M,,False,False,False,,C,OTHER MOTOR VEHICLE,,0,0,CLEAR,,NO UNUSUAL CONDITIONS - NO UNUSUAL CONDITIONS,,C,DARK-STREET LIGHTS,,,,,,,A,NO PEDESTRIANS INVOLVED,,A,22350,,1,35TH AV,2,,,A,,,GALINDO ST,,,A,7/30/2024 4:58:23 PM,1/30/2025 9:00:36 AM,,,2,,,,,,,
2911441,20-001406,2,False,0109,1/8/2020 1:27:00 PM,1327,19X,14,109,Oakland,1,True,True,E,HIT OBJECT,,Wednesday,,,M,,False,False,False,,E,PARKED MOTOR VEHICLE,,0,0,CLEAR,,NO UNUSUAL CONDITIONS - NO UNUSUAL CONDITIONS,,A,DAYLIGHT,,,,,,,A,NO PEDESTRIANS INVOLVED,,A,22107,,1,8TH AV,1,,,A,S,50.0,FOOTHILL BL,F,,D,7/30/2024 4:58:23 PM,1/30/2025 9:00:36 AM,,,2,,,,,,,
2911415,20-010907,2,False,0109,2/25/2020 3:51:00 PM,1551,26Y,14,109,Oakland,1,True,True,C,REAR END,,Tuesday,,,,,False,False,False,,C,OTHER MOTOR VEHICLE,,0,0,CLEAR,,NO UNUSUAL CONDITIONS - NO UNUSUAL CONDITIONS,,A,DAYLIGHT,,,,,,,A,NO PEDESTRIANS INVOLVED,,A,22350,,1,HEGENBERGER RD,2,,,A,N,50.0,HAMILTON AV,F,,D,7/30/2024 4:58:22 PM,1/30/2025 9:00:35 AM,,,2,,,,,,,
2911331,20-012198,2,False,0109,3/3/2020 8:10:00 AM,810,29X,14,109,Oakland,1,True,True,D,BROADSIDE,,Tuesday,,,M,,False,False,False,,C,OTHER MOTOR VEHICLE,,1,0,CLEAR,,NO UNUSUAL CONDITIONS - NO UNUSUAL CONDITIONS,,A,DAYLIGHT,,,,,,,A,NO PEDESTRIANS INVOLVED,,A,21209,,1,MACARTHUR BL,2,,,A,W,35.0,60TH AV,F,,A,7/30/2024 4:58:17 PM,1/30/2025 9:00:31 AM,,,2,,,,,,,
2911259,20-019283,2,False,0109,4/15/2020 1:12:00 AM,112,22X,14,109,Oakland,1,True,True,E,HIT OBJECT,,Wednesday,,,M,,False,False,False,,I,FIXED OBJECT,,0,0,CLEAR,,NO UNUSUAL CONDITIONS - NO UNUSUAL CONDITIONS,,C,DARK-STREET LIGHTS,,,,,,,A,NO PEDESTRIANS INVOLVED,,A,23152A,,1,35TH AV,1,,,A,S,20.0,JORDAN RD,F,,D,7/30/2024 4:58:13 PM,1/30/2025 9:00:28 AM,,,2,,,,,,,
2911258,20-020138,2,False,0109,4/20/2020 6:00:00 PM,1800,34X,14,109,Oakland,1,True,True,D,BROADSIDE,,Monday,,,M,,False,False,False,,E,PARKED MOTOR VEHICLE,,0,0,CLEAR,,NO UNUSUAL CONDITIONS - NO UNUSUAL CONDITIONS,,A,DAYLIGHT,,,,,,,A,NO PEDESTRIANS INVOLVED,,A,22106,,1,BIRCH ST,2,,,A,E,150.0,90TH AV,F,,D,7/30/2024 4:58:13 PM,1/30/2025 9:00:28 AM,,,2,,,,,,,
2911257,200-017154,2,False,0109,4/1/2020 3:48:00 AM,348,27X,14,109,Oakland,1,True,True,B,SIDE SWIPE,,Wednesday,,,M,,False,False,True,,E,PARKED MOTOR VEHICLE,,0,0,CLEAR,,NO UNUSUAL CONDITIONS - NO UNUSUAL CONDITIONS,,C,DARK-STREET LIGHTS,,,,,,,A,NO PEDESTRIANS INVOLVED,,A,22107,,1,FOOTHILL BL,2,,,,W,50.0,55TH AV,F,,A,7/30/2024 4:58:13 PM,1/30/2025 9:00:28 AM,,,2,,,,,,,
2911256,20-021683,2,False,0109,4/29/2020 11:00:00 PM,2300,34X,14,109,Oakland,1,True,True,C,REAR END,,Wednesday,,,M,,False,False,False,,C,OTHER MOTOR VEHICLE,,0,0,CLEAR,,NO UNUSUAL CONDITIONS - NO UNUSUAL CONDITIONS,,C,DARK-STREET LIGHTS,,,,,,,A,NO PEDESTRIANS INVOLVED,,A,22350,,1,INTERNATIONAL BL,2,,,A,S,30.0,96TH AV,F,,A,7/30/2024 4:58:13 PM,1/30/2025 9:00:28 AM,,,2,,,,,,,
2911255,20-020375,2,False,0109,4/22/2020 4:35:00 AM,435,24Y,14,109,Oakland,1,True,True,B,SIDE SWIPE,,Wednesday,,,,,False,False,False,,,,,0,0,CLEAR,,NO UNUSUAL CONDITIONS - NO UNUSUAL CONDITIONS,,C,DARK-STREET LIGHTS,,,,,,,A,NO PEDESTRIANS INVOLVED,,A,22107,,1,HIGH ST,2,,,,,,FLEMING AV,,,D,7/30/2024 4:58:13 PM,1/30/2025 9:00:28 AM,,,2,,,,,,,
2911254,200-017252,2,False,0109,4/1/2020 2:57:00 PM,1457,19X,14,109,Oakland,1,True,True,D,BROADSIDE,,Wednesday,,,M,,False,False,False,,C,OTHER MOTOR VEHICLE,,0,0,CLEAR,,NO UNUSUAL CONDITIONS - NO UNUSUAL CONDITIONS,,A,DAYLIGHT,,,,,,,A,NO PEDESTRIANS INVOLVED,,A,22450A,,1,22ND AV,1,,,A,,,E 15TH ST,,,A,7/30/2024 4:58:13 PM,1/30/2025 9:00:28 AM,,,2,,,,,,,
2911253,20-019820,2,False,0109,4/18/2020 4:02:00 PM,1602,07X,14,109,Oakland,1,True,True,C,REAR END,,Saturday,,,M,,False,False,False,,E,PARKED MOTOR VEHICLE,,0,0,CLEAR,,LOOSE MATERIAL ON ROADWAY* - LOOSE MATERIAL ON ROADWAY*,,A,DAYLIGHT,,,,,,,A,NO PEDESTRIANS INVOLVED,,A,22107,,1,WOOD ST,1,,,A,N,100.0,GRAND AV,F,,A,7/30/2024 4:58:13 PM,1/30/2025 9:00:28 AM,,,2,,,,,,,
2911252,20-020946,2,False,0109,4/25/2020 2:35:00 PM,1435,17Y,14,109,Oakland,1,True,True,D,BROADSIDE,,Saturday,,,,,False,False,False,,C,OTHER MOTOR VEHICLE,,0,0,CLEAR,,NO UNUSUAL CONDITIONS - NO UNUSUAL CONDITIONS,,A,DAYLIGHT,,,,,,,A,NO PEDESTRIANS INVOLVED,,A,21801A,,1,MACARTHUR BL,1,,,A,,,BEAUMONTAV,,,A,7/30/2024 4:58:12 PM,1/30/2025 9:00:28 AM,,,2,,,,,,,
2911251,20-019423,2,False,0109,4/15/2020 4:15:00 PM,1615,16Y,14,109,Oakland,1,True,True,C,REAR END,,Wednesday,,,M,,False,False,False,,E,PARKED MOTOR VEHICLE,,0,0,CLEAR,,NO UNUSUAL CONDITIONS - NO UNUSUAL CONDITIONS,,A,DAYLIGHT,,,,,,,A,NO PEDESTRIANS INVOLVED,,A,22107,,1,TRESTLE GLEN RD,1,,,A,S,200.0,HUMPHREY PL,F,,D,7/30/2024 4:58:12 PM,1/30/2025 9:00:28 AM,,,2,,,,,,,
2911250,200-019753,2,False,0109,4/18/2020 8:49:00 AM,849,26X,14,109,Oakland,1,True,True,B,SIDE SWIPE,,Saturday,,,,,False,False,False,,E,PARKED MOTOR VEHICLE,,0,0,CLEAR,,NO UNUSUAL CONDITIONS - NO UNUSUAL CONDITIONS,,A,DAYLIGHT,,,,,,,A,NO PEDESTRIANS INVOLVED,,A,22107,,1,54TH AV,2,,,A,S,75.0,E 10TH ST,F,,D,7/30/2024 4:58:12 PM,1/30/2025 9:00:28 AM,,,2,,,,,,,
2911249,20-020019,2,False,0109,4/20/2020 5:37:00 AM,537,26X,14,109,Oakland,1,True,True,C,REAR END,,Monday,,,,,False,False,False,,E,PARKED MOTOR VEHICLE,,0,0,CLEAR,,NO UNUSUAL CONDITIONS - NO UNUSUAL CONDITIONS,,C,DARK-STREET LIGHTS,,,,,,,A,NO PEDESTRIANS INVOLVED,,A,22350,,1,53RD AV,2,,,B,N,50.0,12TH ST,F,,D,7/30/2024 4:58:12 PM,1/30/2025 9:00:28 AM,,,2,,,,,,,
2911227,20-021427,2,False,0109,4/28/2020 12:12:00 PM,1212,29X,14,109,Oakland,1,True,True,C,REAR END,,Tuesday,,,,,False,False,False,,C,OTHER MOTOR VEHICLE,,0,0,CLEAR,,NO UNUSUAL CONDITIONS - NO UNUSUAL CONDITIONS,,A,DAYLIGHT,,,,,,,A,NO PEDESTRIANS INVOLVED,,A,22350,,1,BANCROFT AV,2,,,A,W,30.0,SEMINARY AV,F,,A,7/30/2024 4:58:11 PM,1/30/2025 9:00:27 AM,,,2,,,,,,,
2911226,20-021103,2,False,0109,4/26/2020 3:39:00 PM,1539,29X,14,109,Oakland,1,True,True,B,SIDE SWIPE,,Sunday,,,M,,False,False,False,,E,PARKED MOTOR VEHICLE,,0,0,CLEAR,,NO UNUSUAL CONDITIONS - NO UNUSUAL CONDITIONS,,A,DAYLIGHT,,,,,,,A,NO PEDESTRIANS INVOLVED,,A,22107,,1,64TH AV,2,,,A,N,20.0,MACATHUR BL,F,,D,7/30/2024 4:58:11 PM,1/30/2025 9:00:26 AM,,,2,,,,,,,
2911225,20-020894,2,False,0109,4/24/2020 11:52:00 PM,2352,27X,14,109,Oakland,1,True,True,B,SIDE SWIPE,,Friday,,,M,,False,False,True,,E,PARKED MOTOR VEHICLE,,0,0,CLEAR,,NO UNUSUAL CONDITIONS - NO UNUSUAL CONDITIONS,,A,DAYLIGHT,,,,,,,A,NO PEDESTRIANS INVOLVED,,A,22107,,1,64TH AV,2,,,A,N,50.0,AVENAL AV,F,,D,7/30/2024 4:58:11 PM,1/30/2025 9:00:26 AM,,,2,,,,,,,
2911156,20-022237,2,False,0109,5/3/2020 2:52:00 PM,1452,31X,14,109,Oakland,1,True,True,D,BROADSIDE,,Sunday,,,M,,False,False,True,,C,OTHER MOTOR VEHICLE,,1,0,CLEAR,,NO UNUSUAL CONDITIONS - NO UNUSUAL CONDITIONS,,A,DAYLIGHT,,,,,,,A,NO PEDESTRIANS INVOLVED,,A,21801A,,1,85TH AV,2,,,A,,,SAN LEANDRO ST,,,A,7/30/2024 4:58:07 PM,1/30/2025 9:00:23 AM,,,2,,,,,,,
2911155,20-021976,2,False,0109,5/1/2020 7:10:00 PM,1910,27X,14,109,Oakland,1,True,True,C,REAR END,,Friday,,,M,,False,False,False,,C,OTHER MOTOR VEHICLE,,1,0,CLOUDY,,NO UNUSUAL CONDITIONS - NO UNUSUAL CONDITIONS,,A,DAYLIGHT,,,,,,,A,NO PEDESTRIANS INVOLVED,,A,22350,,1,INTERNATIONAL BL,2,,,A,E,5.0,SEMINARY AV,F,,D,7/30/2024 4:58:07 PM,1/30/2025 9:00:23 AM,,,2,,,,,,,
2911154,20-022005,2,False,0109,5/1/2020 10:25:00 PM,2225,25X,14,109,Oakland,1,True,True,D,BROADSIDE,,Friday,,,,,False,False,False,,D,MOTOR VEHICLE ON OTHER ROADWAY,,2,0,CLEAR,,NO UNUSUAL CONDITIONS - NO UNUSUAL CONDITIONS,,C,DARK-STREET LIGHTS,,,,,,,A,NO PEDESTRIANS INVOLVED,,A,21801A,,1,MACARTHUR BL,2,,,A,W,380.0,HIGH ST,F,,D,7/30/2024 4:58:07 PM,1/30/2025 9:00:23 AM,,,2,,,,,,,
2911153,20-021962,2,False,0109,5/1/2020 5:41:00 PM,1741,27X,14,109,Oakland,1,True,True,C,REAR END,,Friday,,,,,False,False,True,,E,PARKED MOTOR VEHICLE,,1,0,CLEAR,,NO UNUSUAL CONDITIONS - NO UNUSUAL CONDITIONS,,A,DAYLIGHT,,,,,,,A,NO PEDESTRIANS INVOLVED,,A,22107,,1,46TH AV,2,,,A,N,15.0,INTERNATIONAL BL,F,,D,7/30/2024 4:58:07 PM,1/30/2025 9:00:23 AM,,,2,,,,,,,
2911152,20-022735,2,False,0109,5/6/2020 9:20:00 AM,920,16X,14,109,Oakland,1,True,True,H,OTHER,,Wednesday,,,,,False,False,False,,A,NON-COLLISION,,1,0,CLEAR,,NO UNUSUAL CONDITIONS - NO UNUSUAL CONDITIONS,,A,DAYLIGHT,,,,,,,A,NO PEDESTRIANS INVOLVED,,A,22350,,1,LEIMERT BL,1,,,A,N,65.0,HOOVER AV,F,,A,7/30/2024 4:58:07 PM,1/30/2025 9:00:23 AM,,,2,,,,,,,
2910870,20-020374,2,False,0109,4/22/2020 3:42:00 AM,342,24X,14,109,Oakland,1,True,True,B,SIDE SWIPE,,Wednesday,,,,,False,False,False,,D,MOTOR VEHICLE ON OTHER ROADWAY,,0,0,CLEAR,,NO UNUSUAL CONDITIONS - NO UNUSUAL CONDITIONS,,C,DARK-STREET LIGHTS,,,,,,,A,NO PEDESTRIANS INVOLVED,,A,21804A,,1,35TH AV,2,,,A,N,40.0,SCHOOL ST,F,,D,7/30/2024 4:57:51 PM,1/30/2025 9:00:10 AM,,,2,,,,,,,
2910869,20-020857,2,False,0109,4/25/2020 12:10:00 AM,10,23X,14,109,Oakland,1,True,True,B,SIDE SWIPE,,Saturday,,,,,False,False,False,,E,PARKED MOTOR VEHICLE,,0,0,CLEAR,,NO UNUSUAL CONDITIONS - NO UNUSUAL CONDITIONS,,C,DARK-STREET LIGHTS,,,,,,,A,NO PEDESTRIANS INVOLVED,,A,22107,,1,E 16TH ST,2,,,A,N,30.0,36TH AV,F,,A,7/30/2024 4:57:51 PM,1/30/2025 9:00:10 AM,,,2,,,,,,,
2910868,20-019457,2,False,0109,4/16/2020 5:47:00 AM,547,33X,14,109,Oakland,1,True,True,A,HEAD-ON,,Thursday,,,M,,False,False,True,,I,FIXED OBJECT,,0,0,CLOUDY,,NO UNUSUAL CONDITIONS - NO UNUSUAL CONDITIONS,,B,DUSK-DAWN,,,,,,,A,NO PEDESTRIANS INVOLVED,,A,22107,,1,A ST,2,,,A,W,30.0,86TH AV,F,,A,7/30/2024 4:57:50 PM,1/30/2025 9:00:10 AM,,,2,,,,,,,
2910867,20-021598,2,False,0109,4/29/2020 10:49:00 AM,1049,23X,14,109,Oakland,1,True,True,B,SIDE SWIPE,,Wednesday,,,M,,False,False,True,,E,PARKED MOTOR VEHICLE,,0,0,CLEAR,,NO UNUSUAL CONDITIONS - NO UNUSUAL CONDITIONS,,A,DAYLIGHT,,,,,,,A,NO PEDESTRIANS INVOLVED,,A,22107,,1,E 9TH ST,2,,,A,E,28.0,23RD AV,F,,D,7/30/2024 4:57:50 PM,1/30/2025 9:00:10 AM,,,2,,,,,,,
2910748,20-014370,2,False,0109,3/14/2020 2:31:00 AM,231,27X,14,109,Oakland,1,True,True,H,OTHER,,Saturday,,,M,,False,False,False,,E,PARKED MOTOR VEHICLE,,0,0,CLEAR,,NO UNUSUAL CONDITIONS - NO UNUSUAL CONDITIONS,,C,DARK-STREET LIGHTS,,,,,,,A,NO PEDESTRIANS INVOLVED,,A,22107,,1,FAIRFAX AV,2,,,A,S,100.0,FOOTHILL BL,F,,A,7/30/2024 4:57:43 PM,1/30/2025 9:00:04 AM,,,2,,,,,,,
2910747,20-016487,2,False,0109,3/27/2020 11:00:00 PM,2300,23X,14,109,Oakland,1,True,True,A,HEAD-ON,,Friday,,,,,False,False,False,,C,OTHER MOTOR VEHICLE,,0,0,CLEAR,,NO UNUSUAL CONDITIONS - NO UNUSUAL CONDITIONS,,C,DARK-STREET LIGHTS,,,,,,,A,NO PEDESTRIANS INVOLVED,,A,21801A,,1,HIGH ST,2,,,A,,,E 12TH ST,,,A,7/30/2024 4:57:43 PM,1/30/2025 9:00:04 AM,,,2,,,,,,,
2910746,20-015448,2,False,0109,3/20/2020 8:11:00 PM,2011,33X,14,109,Oakland,1,True,True,D,BROADSIDE,,Friday,,,,,False,False,False,,C,OTHER MOTOR VEHICLE,,0,0,CLEAR,,NO UNUSUAL CONDITIONS - NO UNUSUAL CONDITIONS,,C,DARK-STREET LIGHTS,,,,,,,A,NO PEDESTRIANS INVOLVED,,A,22450A,,1,105TH AV,2,,,A,,,SAN LEANDRO ST,,,A,7/30/2024 4:57:43 PM,1/30/2025 9:00:04 AM,,,2,,,,,,,
2910745,20-012905,2,False,0109,3/6/2020 4:00:00 PM,1600,33X,14,109,Oakland,1,True,True,D,BROADSIDE,,Friday,,,,,False,False,True,,C,OTHER MOTOR VEHICLE,,0,0,CLEAR,,NO UNUSUAL CONDITIONS - NO UNUSUAL CONDITIONS,,A,DAYLIGHT,,,,,,,A,NO PEDESTRIANS INVOLVED,,A,22350,,1,CATRON AV,2,,,A,,,ACALANES,,,D,7/30/2024 4:57:43 PM,1/30/2025 9:00:04 AM,,,2,,,,,,,
2910744,20-013151,2,False,0109,3/8/2020 3:51:00 AM,351,27Y,14,109,Oakland,1,True,True,B,SIDE SWIPE,,Sunday,,,M,,False,False,False,,E,PARKED MOTOR VEHICLE,,0,0,CLOUDY,,NO UNUSUAL CONDITIONS - NO UNUSUAL CONDITIONS,,C,DARK-STREET LIGHTS,,,,,,,A,NO PEDESTRIANS INVOLVED,,A,22107,,1,BANCROFT AV,2,,,A,E,50.0,VICKSBURG AV,F,,D,7/30/2024 4:57:43 PM,1/30/2025 9:00:04 AM,,,2,,,,,,,
2910743,20-014525,2,False,0109,3/14/2020 10:59:00 PM,2259,27Y,14,109,Oakland,1,True,True,B,SIDE SWIPE,,Saturday,,,M,,False,False,True,,E,PARKED MOTOR VEHICLE,,0,0,CLOUDY,,NO UNUSUAL CONDITIONS - NO UNUSUAL CONDITIONS,,C,DARK-STREET LIGHTS,,,,,,,A,NO PEDESTRIANS INVOLVED,,A,23152A,,1,BANCROFT AV,2,,,B,E,40.0,57TH AV,F,,D,7/30/2024 4:57:43 PM,1/30/2025 9:00:04 AM,,,2,,,,,,,
2910742,20-014993,2,False,0109,3/17/2020 10:16:00 PM,2216,16Y,14,109,Oakland,1,True,True,E,HIT OBJECT,,Tuesday,,,,,False,False,True,,I,FIXED OBJECT,,0,0,CLEAR,,NO UNUSUAL CONDITIONS - NO UNUSUAL CONDITIONS,,C,DARK-STREET LIGHTS,,,,,,,A,NO PEDESTRIANS INVOLVED,,A,23152A,,1,CHATHAM RD,1,,,A,W,20.0,BRUCE ST,F,,D,7/30/2024 4:57:43 PM,1/30/2025 9:00:04 AM,,,2,,,,,,,
2910741,20-014621,2,False,0109,3/15/2020 5:40:00 PM,1740,11X,14,109,Oakland,1,True,True,D,BROADSIDE,,Sunday,,,,,False,False,True,,E,PARKED MOTOR VEHICLE,,0,0,CLOUDY,,NO UNUSUAL CONDITIONS - NO UNUSUAL CONDITIONS,,A,DAYLIGHT,,,,,,,A,NO PEDESTRIANS INVOLVED,,A,23152A,,1,TELEGRAPH AV,1,,,A,S,75.0,58TH ST,F,,A,7/30/2024 4:57:43 PM,1/30/2025 9:00:04 AM,,,2,,,,,,,
2910740,20-012949,2,False,0109,3/6/2020 11:49:00 PM,2349,24X,14,109,Oakland,1,True,True,D,BROADSIDE,,Friday,,,,,False,False,False,,C,OTHER MOTOR VEHICLE,,0,0,CLEAR,,NO UNUSUAL CONDITIONS - NO UNUSUAL CONDITIONS,,C,DARK-STREET LIGHTS,,,,,,,A,NO PEDESTRIANS INVOLVED,,A,21453A,,1,FOOTHILL BL,2,,,A,,,38TH AV,,,A,7/30/2024 4:57:43 PM,1/30/2025 9:00:04 AM,,,2,,,,,,,
2910689,20-016465,2,False,0109,3/27/2020 6:20:00 PM,1820,20X,14,109,Oakland,1,True,True,B,SIDE SWIPE,,Friday,,,,,False,False,False,,C,OTHER MOTOR VEHICLE,,0,0,CLEAR,,NO UNUSUAL CONDITIONS - NO UNUSUAL CONDITIONS,,A,DAYLIGHT,,,,,,,A,NO PEDESTRIANS INVOLVED,,A,22107,,1,FOOTHILL BL,1,,,A,E,20.0,MITCHELL ST,F,,D,7/30/2024 4:57:40 PM,1/30/2025 9:00:01 AM,,,2,,,,,,,