collision-id,report-number,report-version,is-preliminary,ncic-code,crash-date-time,crash-time-description,beat,city-id,city-code,city-name,county-code,city-is-active,city-is-incorporated,collision-type-code,collision-type-description,collision-type-other-desc,day-of-week,dispatch-notified,has-photographs,hit-run,is-attachments-mailed,is-deleted,is-highway-related,is-tow-away,judicial-district,motor-vehicle-involved-with-code,motor-vehicle-involved-with-desc,motor-vehicle-involved-with-other-desc,number-injured,number-killed,weather-1,weather-2,road-condition-1,road-condition-2,special-condition-lighting-code,lighting-description,latitude,longitude,milepost-direction,milepost-distance,milepost-marker,milepost-unit-of-measure,pedestrian-action-code,pedestrian-action-desc,prepared-date,primary-collision-factor-code,primary-collision-factor-violation,primary-collision-factor-is-cited,primary-collision-party-number,primary-road,reporting-district,reporting-district-code,reviewed-date,roadway-surface-code,secondary-direction,secondary-distance,secondary-road,secondary-unit-of-measure,sketch-desc,traffic-control-device-code,created-date,modified-date,is-county-road,is-freeway,chp-555-version,is-additonal-object-struck,notification-date,notification-time-description,has-digital-media-files,evidence-number,is-location-refer-to-narrative,is-aoi-one-same-as-location
2923243,20-016314,2,False,0109,3/26/2020 5:00:00 PM,1700,06X,14,109,Oakland,1,True,True,B,SIDE SWIPE,,Thursday,,,M,,False,False,False,,C,OTHER MOTOR VEHICLE,,0,0,CLEAR,,NO UNUSUAL CONDITIONS - NO UNUSUAL CONDITIONS,,A,DAYLIGHT,,,,,,,A,NO PEDESTRIANS INVOLVED,,A,22350,,1,SAN PABLO AV,1,,,A,,,30TH ST,,,A,7/30/2024 5:11:45 PM,1/30/2025 9:09:55 AM,,,2,,,,,,,
2923242,20-015388,2,False,0109,3/20/2020 12:33:00 PM,1233,14X,14,109,Oakland,1,True,True,B,SIDE SWIPE,,Friday,,,,,False,False,False,,C,OTHER MOTOR VEHICLE,,0,0,CLEAR,,NO UNUSUAL CONDITIONS - NO UNUSUAL CONDITIONS,,A,DAYLIGHT,,,,,,,A,NO PEDESTRIANS INVOLVED,,A,22100B,,1,GRAND AV,1,,,A,W,100.0,PARK VIEW TER,F,,D,7/30/2024 5:11:45 PM,1/30/2025 9:09:55 AM,,,2,,,,,,,
2923239,20-013645,2,False,0109,3/10/2020 2:09:00 PM,1409,02Y,14,109,Oakland,1,True,True,D,BROADSIDE,,Tuesday,,,,,False,False,True,,C,OTHER MOTOR VEHICLE,,0,0,CLEAR,,NO UNUSUAL CONDITIONS - NO UNUSUAL CONDITIONS,,A,DAYLIGHT,,,,,,,A,NO PEDESTRIANS INVOLVED,,A,21802A,,1,12TH ST,1,,,A,,,WILLOW ST,,,A,7/30/2024 5:11:44 PM,1/30/2025 9:09:55 AM,,,2,,,,,,,
2923238,20-014358,2,False,0109,3/14/2020 12:17:00 AM,17,08X,14,109,Oakland,1,True,True,C,REAR END,,Saturday,,,M,,False,False,True,,E,PARKED MOTOR VEHICLE,,0,0,CLOUDY,,NO UNUSUAL CONDITIONS - NO UNUSUAL CONDITIONS,,D,DARK-NO STREET LIGHTS,,,,,,,A,NO PEDESTRIANS INVOLVED,,A,22106,,1,FRISBIE ST,1,,,A,N,20.0,RICHMOND BL,F,,C,7/30/2024 5:11:44 PM,1/30/2025 9:09:55 AM,,,2,,,,,,,
2923235,20-014452,2,False,0109,3/14/2020 2:15:00 PM,1415,23X,14,109,Oakland,1,True,True,G,VEHICLE/PEDESTRAIN,,Saturday,,,,,False,False,False,,B,PEDESTRIAN,,0,0,RAINING,,NO UNUSUAL CONDITIONS - NO UNUSUAL CONDITIONS,,A,DAYLIGHT,,,,,,,B,CROSSING IN CROSS WALK AT INTERSECTION,,A,21950A,,1,FOOTHILL BL,2,,,B,,,38TH AV,,,A,7/30/2024 5:11:44 PM,1/30/2025 9:09:55 AM,,,2,,,,,,,
2923234,,2,False,0109,3/10/2020 3:55:00 PM,1555,,14,109,Oakland,1,True,True,B,SIDE SWIPE,,Tuesday,,,,,False,False,False,,E,PARKED MOTOR VEHICLE,,0,0,CLEAR,,NO UNUSUAL CONDITIONS - NO UNUSUAL CONDITIONS,,A,DAYLIGHT,,,,,,,A,NO PEDESTRIANS INVOLVED,,A,22350,,1,85TH AV,2,,,A,S,75.0,D ST,F,,D,7/30/2024 5:11:44 PM,1/30/2025 9:09:55 AM,,,2,,,,,,,
2923232,20-013977,2,False,0109,3/12/2020 12:03:00 AM,3,34X,14,109,Oakland,1,True,True,E,HIT OBJECT,,Thursday,,,M,,False,False,False,,J,OTHER OBJECT,,0,0,CLEAR,,OBSTRUCTION ON ROADWAY* - OBSTRUCTION ON ROADWAY*,,C,DARK-STREET LIGHTS,,,,,,,A,NO PEDESTRIANS INVOLVED,,A,21663,,1,SUNNYSIDE ST,2,,,A,,,94TH AV,,,D,7/30/2024 5:11:44 PM,1/30/2025 9:09:55 AM,,,2,,,,,,,
2923229,20-012961,2,False,0109,3/7/2020 1:24:00 AM,124,26X,14,109,Oakland,1,True,True,E,HIT OBJECT,,Saturday,,,M,,False,False,False,,I,FIXED OBJECT,,0,0,RAINING,,NO UNUSUAL CONDITIONS - NO UNUSUAL CONDITIONS,,C,DARK-STREET LIGHTS,,,,,,,A,NO PEDESTRIANS INVOLVED,,A,22107,,1,INTERNATIONAL BL,2,,,B,W,60.0,73RD AV,F,,D,7/30/2024 5:11:44 PM,1/30/2025 9:09:55 AM,,,2,,,,,,,
2923227,20-013384,2,False,0109,3/9/2020 10:07:00 AM,1007,04X,14,109,Oakland,1,True,True,B,SIDE SWIPE,,Monday,,,,,False,False,False,,G,BICYCLE,,0,0,CLEAR,,NO UNUSUAL CONDITIONS - NO UNUSUAL CONDITIONS,,A,DAYLIGHT,,,,,,,A,NO PEDESTRIANS INVOLVED,,A,22517,,1,19TH ST,1,,,A,,,BROADWAY,,,D,7/30/2024 5:11:44 PM,1/30/2025 9:09:55 AM,,,2,,,,,,,
2923226,20-013739,2,False,0109,3/10/2020 10:17:00 PM,2217,11X,14,109,Oakland,1,True,True,D,BROADSIDE,,Tuesday,,,,,False,False,False,,G,BICYCLE,,0,0,CLEAR,,NO UNUSUAL CONDITIONS - NO UNUSUAL CONDITIONS,,C,DARK-STREET LIGHTS,,,,,,,A,NO PEDESTRIANS INVOLVED,,A,21453A,,,MARTIN LUTHER KING JR WY,1,,,A,,,55TH ST,,,A,7/30/2024 5:11:44 PM,1/30/2025 9:09:55 AM,,,2,,,,,,,
2923222,20-013027,2,False,0109,3/7/2020 10:54:00 AM,1054,10Y,14,109,Oakland,1,True,True,H,OTHER,,Saturday,,,,,False,False,False,,E,PARKED MOTOR VEHICLE,,0,0,RAINING,,NO UNUSUAL CONDITIONS - NO UNUSUAL CONDITIONS,,A,DAYLIGHT,,,,,,,A,NO PEDESTRIANS INVOLVED,,A,23152A,,1,MARKET ST,1,,,B,N,121.0,56TH ST,F,,D,7/30/2024 5:11:43 PM,1/30/2025 9:09:54 AM,,,2,,,,,,,
2923219,20-013836,2,False,0109,3/11/2020 11:40:00 AM,1140,19X,14,109,Oakland,1,True,True,D,BROADSIDE,,Wednesday,,,M,,False,False,False,,C,OTHER MOTOR VEHICLE,,0,0,CLEAR,,NO UNUSUAL CONDITIONS - NO UNUSUAL CONDITIONS,,A,DAYLIGHT,,,,,,,A,NO PEDESTRIANS INVOLVED,,A,22450A,,1,16TH AV,1,,,A,,,E 12TH ST,,,A,7/30/2024 5:11:43 PM,1/30/2025 9:09:54 AM,,,2,,,,,,,
2923218,20-015810,2,False,0109,3/23/2020 10:50:00 AM,1050,13X,14,109,Oakland,1,True,True,H,OTHER,,Monday,,,M,,False,False,False,,I,FIXED OBJECT,,0,0,CLOUDY,,NO UNUSUAL CONDITIONS - NO UNUSUAL CONDITIONS,,A,DAYLIGHT,,,,,,,A,NO PEDESTRIANS INVOLVED,,D,,,,MASONIC AV,1,,,A,W,200.0,MORAGA AV,F,,A,7/30/2024 5:11:43 PM,1/30/2025 9:09:54 AM,,,2,,,,,,,
2923143,20-015864,2,False,0109,3/23/2020 4:43:00 PM,1643,08X,14,109,Oakland,1,True,True,A,HEAD-ON,,Monday,,,,,False,False,False,,C,OTHER MOTOR VEHICLE,,0,0,CLEAR,,NO UNUSUAL CONDITIONS - NO UNUSUAL CONDITIONS,,A,DAYLIGHT,,,,,,,A,NO PEDESTRIANS INVOLVED,,A,22106,,1,STANLEY PL,1,,,A,W,50.0,HARRISON ST,F,,A,7/30/2024 5:11:38 PM,1/30/2025 9:09:50 AM,,,2,,,,,,,
2923141,20-014473,2,False,0109,3/14/2020 4:36:00 PM,1636,02X,14,109,Oakland,1,True,True,D,BROADSIDE,,Saturday,,,,,False,False,False,,C,OTHER MOTOR VEHICLE,,0,0,RAINING,,NO UNUSUAL CONDITIONS - NO UNUSUAL CONDITIONS,,A,DAYLIGHT,,,,,,,A,NO PEDESTRIANS INVOLVED,,A,21453A,,1,PERALTA ST,1,,,B,,,14TH ST,,,A,7/30/2024 5:11:38 PM,1/30/2025 9:09:50 AM,,,2,,,,,,,
2923136,20-015697,2,False,0109,3/22/2020 2:45:00 PM,1445,29X,14,109,Oakland,1,True,True,C,REAR END,,Sunday,,,M,,False,False,False,,C,OTHER MOTOR VEHICLE,,0,0,CLOUDY,,NO UNUSUAL CONDITIONS - NO UNUSUAL CONDITIONS,,A,DAYLIGHT,,,,,,,A,NO PEDESTRIANS INVOLVED,,A,22350,,1,FOOTHILL BL,2,,,A,W,30.0,68TH AV,F,,D,7/30/2024 5:11:37 PM,1/30/2025 9:09:50 AM,,,2,,,,,,,
2923132,20-012986,2,False,0109,3/5/2020 9:50:00 PM,2150,30X,14,109,Oakland,1,True,True,B,SIDE SWIPE,,Thursday,,,M,,False,False,False,,E,PARKED MOTOR VEHICLE,,0,0,CLEAR,,NO UNUSUAL CONDITIONS - NO UNUSUAL CONDITIONS,,C,DARK-STREET LIGHTS,,,,,,,A,NO PEDESTRIANS INVOLVED,,A,22107,,1,78TH AV,2,,,A,N,20.0,ARTHUR ST,F,,D,7/30/2024 5:11:37 PM,1/30/2025 9:09:50 AM,,,2,,,,,,,
2923129,20-013686,2,False,0109,3/11/2020 5:35:00 PM,1735,21X,14,109,Oakland,1,True,True,C,REAR END,,Wednesday,,,,,False,False,False,,E,PARKED MOTOR VEHICLE,,0,0,CLEAR,,NO UNUSUAL CONDITIONS - NO UNUSUAL CONDITIONS,,A,DAYLIGHT,,,,,,,A,NO PEDESTRIANS INVOLVED,,A,22107,,1,FOOTHILL BL,1,,,A,E,60.0,AUSTIN AV,F,,A,7/30/2024 5:11:37 PM,1/30/2025 9:09:50 AM,,,2,,,,,,,
2923125,20-014383,2,False,0109,3/14/2020 8:04:00 AM,804,27X,14,109,Oakland,1,True,True,E,HIT OBJECT,,Saturday,,,M,,False,False,False,,I,FIXED OBJECT,,0,0,RAINING,,NO UNUSUAL CONDITIONS - NO UNUSUAL CONDITIONS,,A,DAYLIGHT,,,,,,,A,NO PEDESTRIANS INVOLVED,,A,22107,,1,45TH AV,2,,,B,N,10.0,ELLEN ST,F,,D,7/30/2024 5:11:37 PM,1/30/2025 9:09:50 AM,,,2,,,,,,,
2923121,20-014710,2,False,0109,3/16/2020 8:40:00 AM,840,18X,14,109,Oakland,1,True,True,A,HEAD-ON,,Monday,,,M,,False,False,False,,E,PARKED MOTOR VEHICLE,,0,0,CLOUDY,,NO UNUSUAL CONDITIONS - NO UNUSUAL CONDITIONS,,B,DUSK-DAWN,,,,,,,A,NO PEDESTRIANS INVOLVED,,A,22107,,1,21ST AV,1,,,B,N,20.0,21ST ST,F,,D,7/30/2024 5:11:36 PM,1/30/2025 9:09:49 AM,,,2,,,,,,,
2923117,20-014369,2,False,0109,3/14/2020 2:47:00 AM,247,14X,14,109,Oakland,1,True,True,E,HIT OBJECT,,Saturday,,,,,False,False,True,,I,FIXED OBJECT,,0,0,CLEAR,,NO UNUSUAL CONDITIONS - NO UNUSUAL CONDITIONS,,C,DARK-STREET LIGHTS,,,,,,,A,NO PEDESTRIANS INVOLVED,,A,22350,,1,GRAND AV,1,,,A,N,30.0,EUCLID AV,F,,D,7/30/2024 5:11:36 PM,1/30/2025 9:09:49 AM,,,2,,,,,,,
2922895,20-016489,2,False,0109,3/27/2020 10:59:00 PM,2259,20X,14,109,Oakland,1,True,True,A,HEAD-ON,,Friday,,,M,,False,False,False,,C,OTHER MOTOR VEHICLE,,0,0,CLEAR,,NO UNUSUAL CONDITIONS - NO UNUSUAL CONDITIONS,,D,DARK-NO STREET LIGHTS,,,,,,,A,NO PEDESTRIANS INVOLVED,,A,21751,,1,25TH AVE,1,,,A,E,25.0,15TH ST,F,,D,7/30/2024 5:11:21 PM,1/30/2025 9:09:39 AM,,,2,,,,,,,
2922892,20-016915,2,False,0109,3/30/2020 4:14:00 PM,1614,31X,14,109,Oakland,1,True,True,C,REAR END,,Monday,,,M,,False,False,False,,E,PARKED MOTOR VEHICLE,,0,0,CLEAR,,NO UNUSUAL CONDITIONS - NO UNUSUAL CONDITIONS,,A,DAYLIGHT,,,,,,,A,NO PEDESTRIANS INVOLVED,,A,22107,,1,RAILROAD AV,2,,,A,W,80.0,98TH AVE,F,,A,7/30/2024 5:11:21 PM,1/30/2025 9:09:39 AM,,,2,,,,,,,
2922259,20-000880,2,False,0109,1/6/2020 1:11:00 AM,111,34X,14,109,Oakland,1,True,True,E,HIT OBJECT,,Monday,,,,,False,False,True,,I,FIXED OBJECT,,0,0,CLEAR,,NO UNUSUAL CONDITIONS - NO UNUSUAL CONDITIONS,,C,DARK-STREET LIGHTS,,,,,,,A,NO PEDESTRIANS INVOLVED,,A,23152B,,1,BIRCH ST,2,,,A,W,4.0,83RD AV,F,,A,7/30/2024 5:10:33 PM,1/30/2025 9:09:09 AM,,,2,,,,,,,
2922255,20-002423,2,False,0109,1/13/2020 10:36:00 PM,2236,22X,14,109,Oakland,1,True,True,B,SIDE SWIPE,,Monday,,,,,False,False,False,,E,PARKED MOTOR VEHICLE,,0,0,RAINING,,NO UNUSUAL CONDITIONS - NO UNUSUAL CONDITIONS,,C,DARK-STREET LIGHTS,,,,,,,A,NO PEDESTRIANS INVOLVED,,A,22107,,1,LINCOLN AV,1,,,B,S,60.0,MACARTHUR,F,,D,7/30/2024 5:10:33 PM,1/30/2025 9:09:09 AM,,,2,,,,,,,
2922236,20-05331,2,False,0109,1/28/2020 4:29:00 PM,1629,29X,14,109,Oakland,1,True,True,A,HEAD-ON,,Tuesday,,,,,False,False,False,,C,OTHER MOTOR VEHICLE,,0,0,CLEAR,,NO UNUSUAL CONDITIONS - NO UNUSUAL CONDITIONS,,A,DAYLIGHT,,,,,,,A,NO PEDESTRIANS INVOLVED,,A,22450A,,1,BRANN ST,2,,,A,,,SEMINARY AV,,,A,7/30/2024 5:10:32 PM,1/30/2025 9:09:08 AM,,,2,,,,,,,
2922232,20-000780,2,False,0109,1/5/2020 11:35:00 AM,1135,21X,14,109,Oakland,1,True,True,C,REAR END,,Sunday,,,M,,False,False,False,,C,OTHER MOTOR VEHICLE,,1,0,CLEAR,,NO UNUSUAL CONDITIONS - NO UNUSUAL CONDITIONS,,A,DAYLIGHT,,,,,,,A,NO PEDESTRIANS INVOLVED,,A,22350,,1,25TH AV,1,,,A,,,FOOTHILL BL,,,D,7/30/2024 5:10:31 PM,1/30/2025 9:09:08 AM,,,2,,,,,,,
2922228,20-004810,2,False,0109,1/26/2020 4:40:00 AM,440,02X,14,109,Oakland,1,True,True,D,BROADSIDE,,Sunday,,,,,False,False,True,,C,OTHER MOTOR VEHICLE,,0,0,RAINING,,NO UNUSUAL CONDITIONS - NO UNUSUAL CONDITIONS,,C,DARK-STREET LIGHTS,,,,,,,A,NO PEDESTRIANS INVOLVED,,A,21801A,,1,7TH ST,1,,,B,,,UNION ST,,,A,7/30/2024 5:10:31 PM,1/30/2025 9:09:08 AM,,,2,,,,,,,
2922225,20-004666,2,False,0109,1/25/2020 10:45:00 AM,1045,30X,14,109,Oakland,1,True,True,D,BROADSIDE,,Saturday,,,M,,False,False,False,,C,OTHER MOTOR VEHICLE,,0,0,CLEAR,,NO UNUSUAL CONDITIONS - NO UNUSUAL CONDITIONS,,A,DAYLIGHT,,,,,,,A,NO PEDESTRIANS INVOLVED,,A,21453A,,1,73RD AV,2,,,A,,,ARTHUR ST,,,A,7/30/2024 5:10:31 PM,1/30/2025 9:09:08 AM,,,2,,,,,,,
2922221,20-0008411,2,False,0109,1/5/2020 12:06:00 AM,6,23X,14,109,Oakland,1,True,True,C,REAR END,,Sunday,,,M,,False,False,False,,C,OTHER MOTOR VEHICLE,,0,0,CLEAR,,NO UNUSUAL CONDITIONS - NO UNUSUAL CONDITIONS,,C,DARK-STREET LIGHTS,,,,,,,A,NO PEDESTRIANS INVOLVED,,A,22107,,1,INTERNATIONAL,2,,,A,,,FRUITVALE AV,,,A,7/30/2024 5:10:31 PM,1/30/2025 9:09:07 AM,,,2,,,,,,,
2922181,20-016001,2,False,0109,3/24/2020 2:38:00 PM,1438,10X,14,109,Oakland,1,True,True,B,SIDE SWIPE,,Tuesday,,,M,,False,False,False,,C,OTHER MOTOR VEHICLE,,0,0,CLOUDY,,NO UNUSUAL CONDITIONS - NO UNUSUAL CONDITIONS,,A,DAYLIGHT,,,,,,,A,NO PEDESTRIANS INVOLVED,,A,22107,,1,STANFORD AV,1,,,B,,,LOWELL ST,,,A,7/30/2024 5:10:28 PM,1/30/2025 9:09:06 AM,,,2,,,,,,,
2922176,20-015577,2,False,0109,3/18/2020 3:00:00 PM,1500,26X,14,109,Oakland,1,True,True,B,SIDE SWIPE,,Wednesday,,,M,,False,False,False,,D,MOTOR VEHICLE ON OTHER ROADWAY,,0,0,CLEAR,,NO UNUSUAL CONDITIONS - NO UNUSUAL CONDITIONS,,A,DAYLIGHT,,,,,,,E,IN ROAD - INCLUDES SHOULDER,,A,22100B,,1,INTERNATIONAL BL,2,,,A,W,100.0,HEGENBERGER RD,F,,A,7/30/2024 5:10:28 PM,1/30/2025 9:09:05 AM,,,2,,,,,,,
2922173,20-015000,2,False,0109,3/17/2020 11:01:00 PM,2301,33X,14,109,Oakland,1,True,True,C,REAR END,,Tuesday,,,M,,False,False,False,,E,PARKED MOTOR VEHICLE,,0,0,CLEAR,,NO UNUSUAL CONDITIONS - NO UNUSUAL CONDITIONS,,C,DARK-STREET LIGHTS,,,,,,,A,NO PEDESTRIANS INVOLVED,,A,22107,,1,D ST,2,,,A,E,40.0,87TH AV,F,,D,7/30/2024 5:10:28 PM,1/30/2025 9:09:05 AM,,,2,,,,,,,
2922168,20-014501,2,False,0109,3/14/2020 8:31:00 PM,2031,26Y,14,109,Oakland,1,True,True,G,VEHICLE/PEDESTRAIN,,Saturday,,,M,,False,False,False,,B,PEDESTRIAN,,0,0,RAINING,,NO UNUSUAL CONDITIONS - NO UNUSUAL CONDITIONS,,C,DARK-STREET LIGHTS,,,,,,,B,CROSSING IN CROSS WALK AT INTERSECTION,,A,21950A,,1,81ST AV,2,,,B,,,INTERNATIONAL BL,,,A,7/30/2024 5:10:27 PM,1/30/2025 9:09:05 AM,,,2,,,,,,,
2922164,20-013591,2,False,0109,3/10/2020 11:25:00 AM,1125,25X,14,109,Oakland,1,True,True,C,REAR END,,Tuesday,,,,,False,False,False,,C,OTHER MOTOR VEHICLE,,0,0,CLEAR,,NO UNUSUAL CONDITIONS - NO UNUSUAL CONDITIONS,,A,DAYLIGHT,,,,,,,A,NO PEDESTRIANS INVOLVED,,A,22350,,1,REDWOOD RD,2,,,A,,,MOUNTAIN BL,,,A,7/30/2024 5:10:27 PM,1/30/2025 9:09:05 AM,,,2,,,,,,,
2922161,20-012565,2,False,0109,3/5/2020 12:25:00 AM,25,23X,14,109,Oakland,1,True,True,B,SIDE SWIPE,,Thursday,,,,,False,False,False,,I,FIXED OBJECT,,0,0,CLEAR,,NO UNUSUAL CONDITIONS - NO UNUSUAL CONDITIONS,,C,DARK-STREET LIGHTS,,,,,,,A,NO PEDESTRIANS INVOLVED,,A,,,1,INTERNATIONAL BL,2,,,A,E,20.0,40TH AV,F,,D,7/30/2024 5:10:27 PM,1/30/2025 9:09:05 AM,,,2,,,,,,,
2922158,20-013675,2,False,0109,3/10/2020 4:45:00 PM,1645,19X,14,109,Oakland,1,True,True,B,SIDE SWIPE,,Tuesday,,,,,False,False,False,,C,OTHER MOTOR VEHICLE,,0,0,CLEAR,,NO UNUSUAL CONDITIONS - NO UNUSUAL CONDITIONS,,A,DAYLIGHT,,,,,,,,,,A,21802A,,1,E 15TH ST,1,,,A,,,21ST AV,,,C,7/30/2024 5:10:27 PM,1/30/2025 9:09:04 AM,,,2,,,,,,,
2922152,20-013144,2,False,0109,3/8/2020 3:13:00 AM,313,35X,14,109,Oakland,1,True,True,C,REAR END,,Sunday,,,,,False,False,True,,D,MOTOR VEHICLE ON OTHER ROADWAY,,0,0,CLEAR,,NO UNUSUAL CONDITIONS - NO UNUSUAL CONDITIONS,,C,DARK-STREET LIGHTS,,,,,,,A,NO PEDESTRIANS INVOLVED,,A,21651A,,1,98TH AV,2,,,A,S,10.0,THERMAL ST,F,,D,7/30/2024 5:10:26 PM,1/30/2025 9:09:04 AM,,,2,,,,,,,
2921845,20-016106,2,False,0109,3/25/2020 8:33:00 AM,833,02X,14,109,Oakland,1,True,True,D,BROADSIDE,,Wednesday,,,,,False,False,True,,,,,2,0,CLEAR,,NO UNUSUAL CONDITIONS - NO UNUSUAL CONDITIONS,,A,DAYLIGHT,,,,,,,A,NO PEDESTRIANS INVOLVED,,A,22103,,1,ADELINE ST,1,,,B,,,10TH ST,,,D,7/30/2024 5:10:04 PM,1/30/2025 9:08:46 AM,,,2,,,,,,,
2921841,20-013248,2,False,0109,3/8/2020 8:20:00 PM,2020,31Y,14,109,Oakland,1,True,True,D,BROADSIDE,,Sunday,,,M,,False,False,False,,C,OTHER MOTOR VEHICLE,,1,0,CLEAR,,NO UNUSUAL CONDITIONS - NO UNUSUAL CONDITIONS,,C,DARK-STREET LIGHTS,,,,,,,A,NO PEDESTRIANS INVOLVED,,A,21651B,,1,98TH AV,2,,,A,N,50.0,RAILROAD AV,F,,A,7/30/2024 5:10:04 PM,1/30/2025 9:08:46 AM,,,2,,,,,,,
2921837,20-014320,2,False,0109,3/13/2020 7:45:00 PM,1945,19X,14,109,Oakland,1,True,True,D,BROADSIDE,,Friday,,,M,,False,False,False,,C,OTHER MOTOR VEHICLE,,1,0,CLEAR,,NO UNUSUAL CONDITIONS - NO UNUSUAL CONDITIONS,,C,DARK-STREET LIGHTS,,,,,,,A,NO PEDESTRIANS INVOLVED,,A,22103,,1,FOOTHILL BL,1,,,A,W,30.0,21ST AV,F,,D,7/30/2024 5:10:03 PM,1/30/2025 9:08:46 AM,,,2,,,,,,,
2921833,20-014206,2,False,0109,3/13/2020 8:39:00 AM,839,31X,14,109,Oakland,1,True,True,D,BROADSIDE,,Friday,,,,,False,False,True,,C,OTHER MOTOR VEHICLE,,1,0,CLEAR,,NO UNUSUAL CONDITIONS - NO UNUSUAL CONDITIONS,,A,DAYLIGHT,,,,,,,A,NO PEDESTRIANS INVOLVED,,A,21801A,,1,EDGEWATER DR,2,,,A,,,HASSLER WY,,,A,7/30/2024 5:10:03 PM,1/30/2025 9:08:45 AM,,,2,,,,,,,
2921829,20-013146,2,False,0109,3/8/2020 3:17:00 AM,317,22X,14,109,Oakland,1,True,True,E,HIT OBJECT,,Sunday,,,,,False,False,False,,I,FIXED OBJECT,,1,0,CLEAR,,NO UNUSUAL CONDITIONS - NO UNUSUAL CONDITIONS,,C,DARK-STREET LIGHTS,,,,,,,A,NO PEDESTRIANS INVOLVED,,A,23152A,,1,JOAQUIN MILLER RD,1,,,A,N,50.0,BUTTERS AV,F,,D,7/30/2024 5:10:03 PM,1/30/2025 9:08:45 AM,,,2,,,,,,,
2921825,20-014423,2,False,0109,3/14/2020 11:08:00 AM,1108,22X,14,109,Oakland,1,True,True,C,REAR END,,Saturday,,,M,,False,False,True,,C,OTHER MOTOR VEHICLE,,1,0,RAINING,,NO UNUSUAL CONDITIONS - NO UNUSUAL CONDITIONS,,A,DAYLIGHT,,,,,,,A,NO PEDESTRIANS INVOLVED,,A,22350,,1,REDWOOD RD,1,,,B,,,ATLAS AV,,,A,7/30/2024 5:10:02 PM,1/30/2025 9:08:45 AM,,,2,,,,,,,
2921821,20-016328,2,False,0109,3/26/2020 6:23:00 PM,1823,33X,14,109,Oakland,1,True,True,B,SIDE SWIPE,,Thursday,,,,,False,False,True,,E,PARKED MOTOR VEHICLE,,1,0,CLEAR,,NO UNUSUAL CONDITIONS - NO UNUSUAL CONDITIONS,,B,DUSK-DAWN,,,,,,,A,NO PEDESTRIANS INVOLVED,,A,22107,,1,87TH AV,2,,,A,N,189.0,G ST,F,,D,7/30/2024 5:10:02 PM,1/30/2025 9:08:45 AM,,,2,,,,,,,
2921817,20-016266,2,False,0109,3/26/2020 12:20:00 PM,1220,26X,14,109,Oakland,1,True,True,D,BROADSIDE,,Thursday,,,,,False,False,False,,C,OTHER MOTOR VEHICLE,,3,0,CLEAR,,NO UNUSUAL CONDITIONS - NO UNUSUAL CONDITIONS,,A,DAYLIGHT,,,,,,,A,NO PEDESTRIANS INVOLVED,,A,21802A,,1,COLISEUM WY,2,,,A,,,45TH AV,,,A,7/30/2024 5:10:02 PM,1/30/2025 9:08:45 AM,,,2,,,,,,,
2921761,20-011618,2,False,0109,2/28/2020 10:30:00 PM,2230,20X,14,109,Oakland,1,True,True,C,REAR END,,Friday,,,M,,False,False,True,,E,PARKED MOTOR VEHICLE,,0,0,CLEAR,,NO UNUSUAL CONDITIONS - NO UNUSUAL CONDITIONS,,C,DARK-STREET LIGHTS,,,,,,,A,NO PEDESTRIANS INVOLVED,,A,22107,,1,E 16TH ST,1,,,A,W,39.0,26TH AV,F,,D,7/30/2024 5:09:58 PM,1/30/2025 9:08:42 AM,,,2,,,,,,,
2921758,20-013916,2,False,0109,3/11/2020 5:57:00 PM,1757,10X,14,109,Oakland,1,True,True,H,OTHER,,Wednesday,,,M,,False,False,False,,G,BICYCLE,,1,0,CLEAR,,NO UNUSUAL CONDITIONS - NO UNUSUAL CONDITIONS,,A,DAYLIGHT,,,,,,,A,NO PEDESTRIANS INVOLVED,,A,21750A,,1,STANFORD AV,1,,,A,W,15.0,60TH ST,F,,D,7/30/2024 5:09:57 PM,1/30/2025 9:08:42 AM,,,2,,,,,,,
2921653,20-014440,2,False,0109,3/14/2020 12:45:00 PM,1245,23X,14,109,Oakland,1,True,True,D,BROADSIDE,,Saturday,,,,,False,False,False,,C,OTHER MOTOR VEHICLE,,1,0,RAINING,,NO UNUSUAL CONDITIONS - NO UNUSUAL CONDITIONS,,A,DAYLIGHT,,,,,,,A,NO PEDESTRIANS INVOLVED,,A,21802A,,1,35TH AV,2,,,B,,,E 18TH ST,,,A,7/30/2024 5:09:50 PM,1/30/2025 9:08:37 AM,,,2,,,,,,,
2921646,20-013841,2,False,0109,3/11/2020 11:48:00 AM,1148,31X,14,109,Oakland,1,True,True,D,BROADSIDE,,Wednesday,,,,,False,False,False,,C,OTHER MOTOR VEHICLE,,3,0,CLEAR,,NO UNUSUAL CONDITIONS - NO UNUSUAL CONDITIONS,,C,DARK-STREET LIGHTS,,,,,,,A,NO PEDESTRIANS INVOLVED,,A,21453A,,1,HEGENBERGER RD,2,,,A,,,RT 880,,,A,7/30/2024 5:09:49 PM,1/30/2025 9:08:36 AM,,,2,,,,,,,
2921642,20-014467,2,False,0109,3/14/2020 3:46:00 PM,1546,17X,14,109,Oakland,1,True,True,D,BROADSIDE,,Saturday,,,,,False,False,False,,C,OTHER MOTOR VEHICLE,,2,0,RAINING,,NO UNUSUAL CONDITIONS - NO UNUSUAL CONDITIONS,,A,DAYLIGHT,,,,,,,A,NO PEDESTRIANS INVOLVED,,A,21453A,,1,BEAUMONT AV,1,,,B,,,MACARTHUR BL,,,A,7/30/2024 5:09:49 PM,1/30/2025 9:08:36 AM,,,2,,,,,,,
2921639,20-013189,2,False,0109,3/8/2020 10:58:00 AM,1058,26Y,14,109,Oakland,1,True,True,F,OVERTURNED,,Sunday,,,,,False,False,False,,C,OTHER MOTOR VEHICLE,,1,0,CLEAR,,NO UNUSUAL CONDITIONS - NO UNUSUAL CONDITIONS,,A,DAYLIGHT,,,,,,,A,NO PEDESTRIANS INVOLVED,,A,22350,,1,INTERNATIONAL BL,2,,,A,,,81ST AV,,,A,7/30/2024 5:09:48 PM,1/30/2025 9:08:36 AM,,,2,,,,,,,