collision-id,report-number,report-version,is-preliminary,ncic-code,crash-date-time,crash-time-description,beat,city-id,city-code,city-name,county-code,city-is-active,city-is-incorporated,collision-type-code,collision-type-description,collision-type-other-desc,day-of-week,dispatch-notified,has-photographs,hit-run,is-attachments-mailed,is-deleted,is-highway-related,is-tow-away,judicial-district,motor-vehicle-involved-with-code,motor-vehicle-involved-with-desc,motor-vehicle-involved-with-other-desc,number-injured,number-killed,weather-1,weather-2,road-condition-1,road-condition-2,special-condition-lighting-code,lighting-description,latitude,longitude,milepost-direction,milepost-distance,milepost-marker,milepost-unit-of-measure,pedestrian-action-code,pedestrian-action-desc,prepared-date,primary-collision-factor-code,primary-collision-factor-violation,primary-collision-factor-is-cited,primary-collision-party-number,primary-road,reporting-district,reporting-district-code,reviewed-date,roadway-surface-code,secondary-direction,secondary-distance,secondary-road,secondary-unit-of-measure,sketch-desc,traffic-control-device-code,created-date,modified-date,is-county-road,is-freeway,chp-555-version,is-additonal-object-struck,notification-date,notification-time-description,has-digital-media-files,evidence-number,is-location-refer-to-narrative,is-aoi-one-same-as-location
2921634,20-016138,2,False,0109,3/25/2020 1:09:00 AM,109,31X,14,109,Oakland,1,True,True,D,BROADSIDE,,Wednesday,,,,,False,False,False,,C,OTHER MOTOR VEHICLE,,2,0,CLEAR,,NO UNUSUAL CONDITIONS - NO UNUSUAL CONDITIONS,,A,DAYLIGHT,,,,,,,A,NO PEDESTRIANS INVOLVED,,A,21453A,,,DOOLITTLE DR,2,,,A,,,SWAN WAY,,,A,7/30/2024 5:09:48 PM,1/30/2025 9:08:36 AM,,,2,,,,,,,
2921630,20-015839,2,False,0109,3/23/2020 2:05:00 PM,1405,34X,14,109,Oakland,1,True,True,D,BROADSIDE,,Monday,,,M,,False,False,True,,C,OTHER MOTOR VEHICLE,,2,0,CLEAR,,NO UNUSUAL CONDITIONS - NO UNUSUAL CONDITIONS,,A,DAYLIGHT,,,,,,,A,NO PEDESTRIANS INVOLVED,,A,21802A,,1,88TH AV,2,,,A,,,BANCROFT AV,,,D,7/30/2024 5:09:48 PM,1/30/2025 9:08:36 AM,,,2,,,,,,,
2921627,20-015337,2,False,0109,3/20/2020 12:33:00 AM,33,32Y,14,109,Oakland,1,True,True,E,HIT OBJECT,,Friday,,,,,False,False,True,,I,FIXED OBJECT,,1,0,CLEAR,,NO UNUSUAL CONDITIONS - NO UNUSUAL CONDITIONS,,C,DARK-STREET LIGHTS,,,,,,,A,NO PEDESTRIANS INVOLVED,,A,22107,,1,106TH AV,2,,,A,S,5.0,MACARTHUR BL,F,,A,7/30/2024 5:09:47 PM,1/30/2025 9:08:36 AM,,,2,,,,,,,
2921592,20-015444,2,False,0109,3/20/2020 7:47:00 PM,1947,25X,14,109,Oakland,1,True,True,C,REAR END,,Friday,,,M,,False,False,False,,C,OTHER MOTOR VEHICLE,,1,0,CLOUDY,,NO UNUSUAL CONDITIONS - NO UNUSUAL CONDITIONS,,C,DARK-STREET LIGHTS,,,,,,,A,NO PEDESTRIANS INVOLVED,,A,22350,,1,EDWARDS AV,2,,,A,S,40.0,MOUNTAIN BL,F,,D,7/30/2024 5:09:45 PM,1/30/2025 9:08:34 AM,,,2,,,,,,,
2921589,20-015221,2,False,0109,3/19/2020 10:10:00 AM,1010,23X,14,109,Oakland,1,True,True,D,BROADSIDE,,Thursday,,,M,,False,False,False,,C,OTHER MOTOR VEHICLE,,1,0,CLEAR,,NO UNUSUAL CONDITIONS - NO UNUSUAL CONDITIONS,,A,DAYLIGHT,,,,,,,A,NO PEDESTRIANS INVOLVED,,A,21453A,,1,HIGH ST,2,,,A,,,FOOTHILL BL,,,A,7/30/2024 5:09:44 PM,1/30/2025 9:08:34 AM,,,2,,,,,,,
2921585,20-014469,2,False,0109,3/14/2020 3:57:00 PM,1557,18X,14,109,Oakland,1,True,True,D,BROADSIDE,,Saturday,,,,,False,False,True,,C,OTHER MOTOR VEHICLE,,2,0,CLOUDY,RAINING,NO UNUSUAL CONDITIONS - NO UNUSUAL CONDITIONS,,A,DAYLIGHT,,,,,,,A,NO PEDESTRIANS INVOLVED,,A,22107,,1,E 21ST ST,1,,,B,E,75.0,19TH AV,F,,D,7/30/2024 5:09:44 PM,1/30/2025 9:08:34 AM,,,2,,,,,,,
2921580,20-013562,2,False,0109,3/10/2020 8:08:00 AM,808,06X,14,109,Oakland,1,True,True,C,REAR END,,Tuesday,,,,,False,False,False,,C,OTHER MOTOR VEHICLE,,1,0,CLOUDY,,NO UNUSUAL CONDITIONS - NO UNUSUAL CONDITIONS,,A,DAYLIGHT,,,,,,,A,NO PEDESTRIANS INVOLVED,,A,22350,,1,40TH ST,1,,,A,W,84.0,WEST ST,F,,A,7/30/2024 5:09:44 PM,1/30/2025 9:08:33 AM,,,2,,,,,,,
2921571,20-014162,2,False,0109,3/12/2020 11:40:00 PM,2340,20X,14,109,Oakland,1,True,True,C,REAR END,,Thursday,,,M,,False,False,False,,C,OTHER MOTOR VEHICLE,,1,0,CLEAR,,NO UNUSUAL CONDITIONS - NO UNUSUAL CONDITIONS,,C,DARK-STREET LIGHTS,,,,,,,A,NO PEDESTRIANS INVOLVED,,A,22350,,1,INTERNATIONAL BL,1,,,,W,100.0,29TH AV,F,,A,7/30/2024 5:09:43 PM,1/30/2025 9:08:33 AM,,,2,,,,,,,
2921501,20-013659,2,False,0109,3/10/2020 3:54:00 PM,1554,29X,14,109,Oakland,1,True,True,D,BROADSIDE,,Tuesday,,,M,,False,False,False,,C,OTHER MOTOR VEHICLE,,1,0,CLOUDY,,NO UNUSUAL CONDITIONS - NO UNUSUAL CONDITIONS,,A,DAYLIGHT,,,,,,,A,NO PEDESTRIANS INVOLVED,,A,21453A,,1,SEMINARY AV,2,,,B,,,FOOTHILL BL,,,A,7/30/2024 5:09:38 PM,1/30/2025 9:08:30 AM,,,2,,,,,,,
2921497,20-015823,2,False,0109,3/23/2020 1:10:00 PM,1310,19X,14,109,Oakland,1,True,True,D,BROADSIDE,,Monday,,,,,False,False,False,,C,OTHER MOTOR VEHICLE,,2,0,CLEAR,,NO UNUSUAL CONDITIONS - NO UNUSUAL CONDITIONS,,A,DAYLIGHT,,,,,,,A,NO PEDESTRIANS INVOLVED,,A,21802A,,1,9TH AV,2,,,A,,,E 15TH ST,,,A,7/30/2024 5:09:37 PM,1/30/2025 9:08:30 AM,,,2,,,,,,,
2921493,20-013101,2,False,0109,3/7/2020 6:30:00 PM,1830,32X,14,109,Oakland,1,True,True,C,REAR END,,Saturday,,,,,False,False,False,,C,OTHER MOTOR VEHICLE,,2,0,CLEAR,,NO UNUSUAL CONDITIONS - NO UNUSUAL CONDITIONS,,A,DAYLIGHT,,,,,,,A,NO PEDESTRIANS INVOLVED,,D,,,,MACARTHUR BL,2,,,A,W,10.0,WARNER AV,F,,A,7/30/2024 5:09:37 PM,1/30/2025 9:08:29 AM,,,2,,,,,,,
2921220,20-007255,2,False,0109,2/6/2020 6:00:00 PM,1800,10Y,14,109,Oakland,1,True,True,D,BROADSIDE,,Thursday,,,,,False,False,False,,C,OTHER MOTOR VEHICLE,,1,0,CLEAR,,NO UNUSUAL CONDITIONS - NO UNUSUAL CONDITIONS,,D,DARK-NO STREET LIGHTS,,,,,,,A,NO PEDESTRIANS INVOLVED,,A,21755,,1,MARKET ST,1,,,A,,,54TH ST,,,D,7/30/2024 5:09:16 PM,1/30/2025 9:08:16 AM,,,2,,,,,,,
2921216,20-007179,2,False,0109,2/6/2020 10:40:00 AM,1040,27X,14,109,Oakland,1,True,True,B,SIDE SWIPE,,Thursday,,,,,False,False,False,,C,OTHER MOTOR VEHICLE,,1,0,CLEAR,,NO UNUSUAL CONDITIONS - NO UNUSUAL CONDITIONS,,A,DAYLIGHT,,,,,,,A,NO PEDESTRIANS INVOLVED,,A,22517,,1,INTERNATIONAL BL,2,,,A,E,30.0,45TH AV,F,,A,7/30/2024 5:09:16 PM,1/30/2025 9:08:16 AM,,,2,,,,,,,
2921212,20-010799,2,False,0109,2/25/2020 7:00:00 AM,700,27X,14,109,Oakland,1,True,True,D,BROADSIDE,,Tuesday,,,,,False,False,False,,C,OTHER MOTOR VEHICLE,,1,0,CLEAR,,NO UNUSUAL CONDITIONS - NO UNUSUAL CONDITIONS,,A,DAYLIGHT,,,,,,,A,NO PEDESTRIANS INVOLVED,,A,22106,,1,HIGH ST,2,,,A,S,100.0,BROOKDALE AV,F,,D,7/30/2024 5:09:16 PM,1/30/2025 9:08:16 AM,,,2,,,,,,,
2920615,20-010864,2,False,0109,2/25/2020 12:30:00 PM,1230,26X,14,109,Oakland,1,True,True,E,HIT OBJECT,,Tuesday,,,,,False,False,False,,I,FIXED OBJECT,,0,0,CLEAR,,NO UNUSUAL CONDITIONS - NO UNUSUAL CONDITIONS,,A,DAYLIGHT,,,,,,,A,NO PEDESTRIANS INVOLVED,,A,21801A,,1,SAN LEANDRO ST,2,,,A,,,47TH AV,,,A,7/30/2024 5:08:35 PM,1/30/2025 9:07:48 AM,,,2,,,,,,,
2920611,20-015980,2,False,0109,3/24/2020 11:55:00 AM,1155,25X,14,109,Oakland,1,True,True,B,SIDE SWIPE,,Tuesday,,,,,False,False,False,,C,OTHER MOTOR VEHICLE,,0,0,CLEAR,,NO UNUSUAL CONDITIONS - NO UNUSUAL CONDITIONS,,A,DAYLIGHT,,,,,,,A,NO PEDESTRIANS INVOLVED,,A,22517,,1,MACARTHUR BL,2,,,A,W,150.0,40TH AV,F,,A,7/30/2024 5:08:35 PM,1/30/2025 9:07:48 AM,,,2,,,,,,,
2920602,20-015439,2,False,0109,3/20/2020 6:48:00 PM,1848,08X,14,109,Oakland,1,True,True,C,REAR END,,Friday,,,M,,False,False,False,,C,OTHER MOTOR VEHICLE,,1,0,CLEAR,,NO UNUSUAL CONDITIONS - NO UNUSUAL CONDITIONS,,B,DUSK-DAWN,,,,,,,A,NO PEDESTRIANS INVOLVED,,A,22350,,1,40TH ST,1,,,A,W,30.0,TELEGRAPH AV,F,,A,7/30/2024 5:08:34 PM,1/30/2025 9:07:47 AM,,,2,,,,,,,
2920579,20-010820,2,False,0109,2/25/2020 8:26:00 AM,826,04X,14,109,Oakland,1,True,True,B,SIDE SWIPE,,Tuesday,,,,,False,False,False,,C,OTHER MOTOR VEHICLE,,0,0,CLEAR,,NO UNUSUAL CONDITIONS - NO UNUSUAL CONDITIONS,,A,DAYLIGHT,,,,,,,A,NO PEDESTRIANS INVOLVED,,A,22107,,1,TELEGRAPH AV,1,,,A,S,100.0,THOMAS L BERKLEY WY,F,,A,7/30/2024 5:08:33 PM,1/30/2025 9:07:46 AM,,,2,,,,,,,
2920575,20-010294,2,False,0109,2/22/2020 11:06:00 AM,1106,12X,14,109,Oakland,1,True,True,D,BROADSIDE,,Saturday,,,,,False,False,False,,C,OTHER MOTOR VEHICLE,,3,0,CLEAR,,NO UNUSUAL CONDITIONS - NO UNUSUAL CONDITIONS,,A,DAYLIGHT,,,,,,,A,NO PEDESTRIANS INVOLVED,,A,21453A,,1,BROADWAY,1,,,A,,,COLLEGE AV,,,A,7/30/2024 5:08:32 PM,1/30/2025 9:07:46 AM,,,2,,,,,,,
2920567,20-015517,2,False,0109,3/21/2020 9:04:00 AM,904,30X,14,109,Oakland,1,True,True,D,BROADSIDE,,Saturday,,,,,False,False,True,,C,OTHER MOTOR VEHICLE,,0,0,CLEAR,,NO UNUSUAL CONDITIONS - NO UNUSUAL CONDITIONS,,A,DAYLIGHT,,,,,,,A,NO PEDESTRIANS INVOLVED,,A,21802A,,1,74TH AV,2,,,A,,,GARFIELD AV,,,A,7/30/2024 5:08:31 PM,1/30/2025 9:07:46 AM,,,2,,,,,,,
2920523,20-015451,2,False,0109,3/20/2020 8:57:00 PM,2057,21Y,14,109,Oakland,1,True,True,B,SIDE SWIPE,,Friday,,,M,,False,False,True,,E,PARKED MOTOR VEHICLE,,0,0,CLOUDY,,NO UNUSUAL CONDITIONS - NO UNUSUAL CONDITIONS,,C,DARK-STREET LIGHTS,,,,,,,A,NO PEDESTRIANS INVOLVED,,A,22107,,1,FRUITVALE AV,1,,,A,N,75.0,NICOL AV,F,,D,7/30/2024 5:08:28 PM,1/30/2025 9:07:44 AM,,,2,,,,,,,
2920518,20-015653,2,False,0109,3/21/2020 3:27:00 PM,1527,28X,14,109,Oakland,1,True,True,B,SIDE SWIPE,,Saturday,,,M,,False,False,True,,E,PARKED MOTOR VEHICLE,,0,0,CLEAR,,NO UNUSUAL CONDITIONS - NO UNUSUAL CONDITIONS,,A,DAYLIGHT,,,,,,,A,NO PEDESTRIANS INVOLVED,,A,22350,,1,COURTLAND AV,2,,,A,N,125.0,VIRGINIA AV,F,,D,7/30/2024 5:08:28 PM,1/30/2025 9:07:44 AM,,,2,,,,,,,
2920514,20-010467,2,False,0109,2/23/2020 2:07:00 AM,207,30X,14,109,Oakland,1,True,True,B,SIDE SWIPE,,Sunday,,,M,,False,False,False,,E,PARKED MOTOR VEHICLE,,0,0,CLEAR,,NO UNUSUAL CONDITIONS - NO UNUSUAL CONDITIONS,,C,DARK-STREET LIGHTS,,,,,,,A,NO PEDESTRIANS INVOLVED,,A,22107,,1,HOLLY ST,2,,,A,W,70.0,84TH AV,F,,D,7/30/2024 5:08:28 PM,1/30/2025 9:07:44 AM,,,2,,,,,,,
2920510,20-009603,2,False,0109,2/18/2020 3:38:00 PM,1538,30X,14,109,Oakland,1,True,True,C,REAR END,,Tuesday,,,M,,False,False,False,,E,PARKED MOTOR VEHICLE,,0,0,CLEAR,,NO UNUSUAL CONDITIONS - NO UNUSUAL CONDITIONS,,A,DAYLIGHT,,,,,,,A,NO PEDESTRIANS INVOLVED,,A,22107,,1,74TH AV,2,,,A,S,150.0,HOLLY ST,F,,A,7/30/2024 5:08:28 PM,1/30/2025 9:07:43 AM,,,2,,,,,,,
2920492,20-000612,2,False,0109,1/4/2020 11:33:00 AM,1133,3,14,109,Oakland,1,True,True,B,SIDE SWIPE,,Saturday,,,,,False,False,False,,C,OTHER MOTOR VEHICLE,,2,0,CLOUDY,,NO UNUSUAL CONDITIONS - NO UNUSUAL CONDITIONS,,A,DAYLIGHT,,,,,,,A,NO PEDESTRIANS INVOLVED,,A,22350,,1,LAKE MERRITT BL,1,,,A,N,4.0,13TH ST,F,,A,7/30/2024 5:08:26 PM,1/30/2025 9:07:43 AM,,,2,,,,,,,
2919427,20-015125,2,False,0109,3/18/2020 11:54:00 AM,1154,30X,14,109,Oakland,1,True,True,A,HEAD-ON,,Wednesday,,,M,,False,False,False,,I,FIXED OBJECT,,0,0,CLEAR,,NO UNUSUAL CONDITIONS - NO UNUSUAL CONDITIONS,,A,DAYLIGHT,,,,,,,A,NO PEDESTRIANS INVOLVED,,A,22107,,1,WELD ST,2,,,A,E,25.0,69TH AV,F,,A,7/30/2024 5:07:03 PM,1/30/2025 9:06:49 AM,,,2,,,,,,,
2919424,20-014850,2,False,0109,3/16/2020 10:07:00 PM,2207,34X,14,109,Oakland,1,True,True,B,SIDE SWIPE,,Monday,,,M,,False,False,True,,C,OTHER MOTOR VEHICLE,,0,0,CLEAR,,NO UNUSUAL CONDITIONS - NO UNUSUAL CONDITIONS,,C,DARK-STREET LIGHTS,,,,,,,A,NO PEDESTRIANS INVOLVED,,A,22107,,1,BIRCH ST,2,,,A,,,90TH AV,,,A,7/30/2024 5:07:03 PM,1/30/2025 9:06:49 AM,,,2,,,,,,,
2919419,20-014816,2,False,0109,3/16/2020 6:10:00 PM,1810,30X,14,109,Oakland,1,True,True,D,BROADSIDE,,Monday,,,,,False,False,False,,C,OTHER MOTOR VEHICLE,,0,0,CLOUDY,,NO UNUSUAL CONDITIONS - NO UNUSUAL CONDITIONS,,A,DAYLIGHT,,,,,,,A,NO PEDESTRIANS INVOLVED,,A,22107,,1,KRAUSE AV,2,,,A,E,105.0,MAYWOOD AV,F,,D,7/30/2024 5:07:03 PM,1/30/2025 9:06:48 AM,,,2,,,,,,,
2919415,20-014689,2,False,0109,3/16/2020 1:46:00 AM,146,13X,14,109,Oakland,1,True,True,E,HIT OBJECT,,Monday,,,,,False,False,False,,I,FIXED OBJECT,,0,0,RAINING,,NO UNUSUAL CONDITIONS - NO UNUSUAL CONDITIONS,,D,DARK-NO STREET LIGHTS,,,,,,,A,NO PEDESTRIANS INVOLVED,,A,22107,,1,SHEPHERD CANYON RD,1,,,B,,,TIFFANY LN,,,D,7/30/2024 5:07:02 PM,1/30/2025 9:06:48 AM,,,2,,,,,,,
2919411,20-012209,2,False,0109,3/3/2020 9:13:00 AM,913,31Y,14,109,Oakland,1,True,True,C,REAR END,,Tuesday,,,,,False,False,False,,E,PARKED MOTOR VEHICLE,,0,0,CLEAR,,NO UNUSUAL CONDITIONS - NO UNUSUAL CONDITIONS,,A,DAYLIGHT,,,,,,,A,NO PEDESTRIANS INVOLVED,,A,22107,,1,PEARMAIN ST,2,,,A,W,1.0,100TH AV,F,,D,7/30/2024 5:07:02 PM,1/30/2025 9:06:48 AM,,,2,,,,,,,
2919408,20-014661,2,False,0109,3/15/2020 9:22:00 PM,2122,18Y,14,109,Oakland,1,True,True,C,REAR END,,Sunday,,,,,False,False,False,,E,PARKED MOTOR VEHICLE,,0,0,RAINING,,,,C,DARK-STREET LIGHTS,,,,,,,A,NO PEDESTRIANS INVOLVED,,A,22107,,1,E 15TH ST,1,,,B,E,50.0,12TH AV,F,,D,7/30/2024 5:07:02 PM,1/30/2025 9:06:48 AM,,,2,,,,,,,
2919404,20-015038,2,False,0109,3/18/2020 8:10:00 AM,810,35X,14,109,Oakland,1,True,True,F,OVERTURNED,,Wednesday,,,,,False,False,True,,C,OTHER MOTOR VEHICLE,,0,0,RAINING,,NO UNUSUAL CONDITIONS - NO UNUSUAL CONDITIONS,,A,DAYLIGHT,,,,,,,A,NO PEDESTRIANS INVOLVED,,A,22350,,1,GOLF LINKS RD,2,,,B,N,150.0,MOUNTAIN BL,F,,A,7/30/2024 5:07:02 PM,1/30/2025 9:06:48 AM,,,2,,,,,,,
2919400,20-014675,2,False,0109,3/16/2020 12:18:00 AM,18,04X,14,109,Oakland,1,True,True,D,BROADSIDE,,Monday,,,M,,False,False,False,,C,OTHER MOTOR VEHICLE,,0,0,RAINING,,NO UNUSUAL CONDITIONS - NO UNUSUAL CONDITIONS,,C,DARK-STREET LIGHTS,,,,,,,A,NO PEDESTRIANS INVOLVED,,A,21453A,,1,14TH ST,1,,,B,,,HARRISON ST,,,A,7/30/2024 5:07:01 PM,1/30/2025 9:06:48 AM,,,2,,,,,,,
2919396,20-012332,2,False,0109,3/3/2020 10:34:00 PM,2234,24X,14,109,Oakland,1,True,True,B,SIDE SWIPE,,Tuesday,,,,,False,False,True,,E,PARKED MOTOR VEHICLE,,0,0,CLEAR,,NO UNUSUAL CONDITIONS - NO UNUSUAL CONDITIONS,,C,DARK-STREET LIGHTS,,,,,,,A,NO PEDESTRIANS INVOLVED,,A,23152A,,1,HIGH ST,2,,,A,N,30.0,VIRGINIA AV,F,,A,7/30/2024 5:07:01 PM,1/30/2025 9:06:47 AM,,,2,,,,,,,
2919360,20-015231,2,False,0109,3/19/2020 11:34:00 AM,1134,31X,14,109,Oakland,1,True,True,E,HIT OBJECT,,Thursday,,,M,,False,False,False,,I,FIXED OBJECT,,0,0,CLOUDY,,NO UNUSUAL CONDITIONS - NO UNUSUAL CONDITIONS,,A,DAYLIGHT,,,,,,,A,NO PEDESTRIANS INVOLVED,,A,22350,,1,EDES AV,2,,,B,W,250.0,85TH AV,F,,A,7/30/2024 5:06:59 PM,1/30/2025 9:06:46 AM,,,2,,,,,,,
2919356,20-012549,2,False,0109,3/4/2020 9:34:00 PM,2134,26Y,14,109,Oakland,1,True,True,C,REAR END,,Wednesday,,,M,,False,False,False,,E,PARKED MOTOR VEHICLE,,0,0,CLEAR,,NO UNUSUAL CONDITIONS - NO UNUSUAL CONDITIONS,,C,DARK-STREET LIGHTS,,,,,,,A,NO PEDESTRIANS INVOLVED,,A,22350,,1,70TH AV,2,,,A,S,70.0,LION WY,F,,D,7/30/2024 5:06:58 PM,1/30/2025 9:06:46 AM,,,2,,,,,,,
2919354,20-012377,2,False,0109,3/4/2020 8:40:00 AM,840,17Y,14,109,Oakland,1,True,True,F,OVERTURNED,,Wednesday,,,,,False,False,False,,C,OTHER MOTOR VEHICLE,,0,0,CLEAR,,NO UNUSUAL CONDITIONS - NO UNUSUAL CONDITIONS,,A,DAYLIGHT,,,,,,,A,NO PEDESTRIANS INVOLVED,,A,22450A,,1,12TH AV,1,,,A,,,24TH ST,,,A,7/30/2024 5:06:58 PM,1/30/2025 9:06:45 AM,,,2,,,,,,,
2919348,20-012761,2,False,0109,3/5/2020 11:11:00 PM,2311,30X,14,109,Oakland,1,True,True,B,SIDE SWIPE,,Thursday,,,M,,False,False,False,,E,PARKED MOTOR VEHICLE,,0,0,CLEAR,,NO UNUSUAL CONDITIONS - NO UNUSUAL CONDITIONS,,C,DARK-STREET LIGHTS,,,,,,,A,NO PEDESTRIANS INVOLVED,,A,22107,,1,HOLLY ST,2,,,A,E,50.0,82ND AV,F,,D,7/30/2024 5:06:58 PM,1/30/2025 9:06:45 AM,,,2,,,,,,,
2919344,20-014669,2,False,0109,3/15/2020 12:06:00 AM,6,21Y,14,109,Oakland,1,True,True,B,SIDE SWIPE,,Sunday,,,,,False,False,False,,E,PARKED MOTOR VEHICLE,,0,0,RAINING,,NO UNUSUAL CONDITIONS - NO UNUSUAL CONDITIONS,,C,DARK-STREET LIGHTS,,,,,,,A,NO PEDESTRIANS INVOLVED,,A,23152A,,1,COOLIDGE AV,1,,,B,N,50.0,HYDE ST,F,,D,7/30/2024 5:06:58 PM,1/30/2025 9:06:45 AM,,,2,,,,,,,
2919340,20-012262,2,False,0109,3/3/2020 1:20:00 PM,1320,17X,14,109,Oakland,1,True,True,A,HEAD-ON,,Tuesday,,,,,False,False,True,,C,OTHER MOTOR VEHICLE,,0,0,CLEAR,,NO UNUSUAL CONDITIONS - NO UNUSUAL CONDITIONS,,A,DAYLIGHT,,,,,,,A,NO PEDESTRIANS INVOLVED,,A,21801A,,1,14TH AV,1,,,A,,,E 21ST ST,,,A,7/30/2024 5:06:57 PM,1/30/2025 9:06:45 AM,,,2,,,,,,,
2919336,20-015010,2,False,0109,3/15/2020 3:46:00 PM,1546,26Y,14,109,Oakland,1,True,True,A,HEAD-ON,,Sunday,,,M,,False,False,True,,I,FIXED OBJECT,,0,0,CLEAR,,NO UNUSUAL CONDITIONS - NO UNUSUAL CONDITIONS,,A,DAYLIGHT,,,,,,,A,NO PEDESTRIANS INVOLVED,,A,22107,,1,INTERNATIONAL BL,2,,,B,W,30.0,71ST AV,F,,D,7/30/2024 5:06:57 PM,1/30/2025 9:06:45 AM,,,2,,,,,,,
2919333,20-015183,2,False,0109,3/19/2020 1:21:00 AM,121,28X,14,109,Oakland,1,True,True,D,BROADSIDE,,Thursday,,,M,,False,False,False,,E,PARKED MOTOR VEHICLE,,0,0,CLEAR,,NO UNUSUAL CONDITIONS - NO UNUSUAL CONDITIONS,,C,DARK-STREET LIGHTS,,,,,,,A,NO PEDESTRIANS INVOLVED,,A,22450A,,1,ALLENDALE AV,2,,,A,,,LILAC ST,,,A,7/30/2024 5:06:57 PM,1/30/2025 9:06:45 AM,,,2,,,,,,,
2919305,20-012879,2,False,0109,3/6/2020 2:20:00 PM,1420,33X,14,109,Oakland,1,True,True,C,REAR END,,Friday,,,M,,False,False,False,,C,OTHER MOTOR VEHICLE,,0,0,CLOUDY,,NO UNUSUAL CONDITIONS - NO UNUSUAL CONDITIONS,,A,DAYLIGHT,,,,,,,A,NO PEDESTRIANS INVOLVED,,A,21453A,,1,85TH AV,2,,,A,,,INTERNATIONAL BL,,,A,7/30/2024 5:06:55 PM,1/30/2025 9:06:43 AM,,,2,,,,,,,
2918476,20-012441,2,False,0109,3/4/2020 1:09:00 PM,1309,03,14,109,Oakland,1,True,True,D,BROADSIDE,,Wednesday,,,M,,False,False,False,,C,OTHER MOTOR VEHICLE,,1,0,CLEAR,,OBSTRUCTION ON ROADWAY* - OBSTRUCTION ON ROADWAY*,,A,DAYLIGHT,,,,,,,A,NO PEDESTRIANS INVOLVED,,A,21453A,,1,12THST,1,,,A,,,HARRISON ST,,,A,7/30/2024 5:05:57 PM,1/30/2025 9:06:05 AM,,,2,,,,,,,
2918472,20-013216,2,False,0109,3/8/2020 3:04:00 PM,1504,08,14,109,Oakland,1,True,True,B,SIDE SWIPE,,Sunday,,,,,False,False,False,,C,OTHER MOTOR VEHICLE,,1,0,CLEAR,,NO UNUSUAL CONDITIONS - NO UNUSUAL CONDITIONS,,A,DAYLIGHT,,,,,,,A,NO PEDESTRIANS INVOLVED,,A,21802,,1,BROADWAY,1,,,,,,24TH ST,,,A,7/30/2024 5:05:57 PM,1/30/2025 9:06:05 AM,,,2,,,,,,,
2918468,20-014606,2,False,0109,3/15/2020 4:01:00 PM,1601,35,14,109,Oakland,1,True,True,A,HEAD-ON,,Sunday,,,,,False,False,False,,C,OTHER MOTOR VEHICLE,,1,0,CLOUDY,RAINING,NO UNUSUAL CONDITIONS - NO UNUSUAL CONDITIONS,,A,DAYLIGHT,,,,,,,A,NO PEDESTRIANS INVOLVED,,A,22350,,1,GOLF LINKS RD,2,,,B,N,75.0,CALAFIA AV,F,,D,7/30/2024 5:05:57 PM,1/30/2025 9:06:05 AM,,,2,,,,,,,
2918465,20-014763,2,False,0109,3/16/2020 12:22:00 PM,1222,26,14,109,Oakland,1,True,True,C,REAR END,,Monday,,,,,False,False,False,,,,,1,0,CLOUDY,,NO UNUSUAL CONDITIONS - NO UNUSUAL CONDITIONS,,A,DAYLIGHT,,,,,,,A,NO PEDESTRIANS INVOLVED,,A,22350,,1,66TH H ST,2,,,,S,250.0,SAN LEANDRO ST,F,,A,7/30/2024 5:05:56 PM,1/30/2025 9:06:05 AM,,,2,,,,,,,
2918461,20-013448,2,False,0109,3/9/2020 2:13:00 PM,1413,27,14,109,Oakland,1,True,True,C,REAR END,,Monday,,,,,False,False,False,,E,PARKED MOTOR VEHICLE,,1,0,CLEAR,,NO UNUSUAL CONDITIONS - NO UNUSUAL CONDITIONS,,A,DAYLIGHT,,,,,,,A,NO PEDESTRIANS INVOLVED,,C,,,,FOOTHILL BL,2,,,A,E,163.0,FAIRFAX AV,F,,D,7/30/2024 5:05:56 PM,1/30/2025 9:06:05 AM,,,2,,,,,,,
2918457,20-014942,2,False,0109,3/17/2020 3:50:00 PM,1550,08,14,109,Oakland,1,True,True,D,BROADSIDE,,Tuesday,,,M,,False,False,True,,C,OTHER MOTOR VEHICLE,,1,0,CLEAR,,NO UNUSUAL CONDITIONS - NO UNUSUAL CONDITIONS,,A,DAYLIGHT,,,,,,,A,NO PEDESTRIANS INVOLVED,,A,21453A,,1,TELEGRAPH AV,1,,,A,,,23RD ST,,,A,7/30/2024 5:05:56 PM,1/30/2025 9:06:05 AM,,,2,,,,,,,
2918452,20-013216,2,False,0109,3/6/2020 3:04:00 PM,1504,08,14,109,Oakland,1,True,True,B,SIDE SWIPE,,Friday,,,,,False,False,False,,C,OTHER MOTOR VEHICLE,,1,0,CLEAR,,NO UNUSUAL CONDITIONS - NO UNUSUAL CONDITIONS,,A,DAYLIGHT,,,,,,,A,NO PEDESTRIANS INVOLVED,,A,21802A,,1,BROADWAY,1,,,A,,,24TH S T,,,A,7/30/2024 5:05:55 PM,1/30/2025 9:06:04 AM,,,2,,,,,,,
2918410,20-010697,2,False,0109,2/24/2020 2:25:00 PM,1425,04X,14,109,Oakland,1,True,True,D,BROADSIDE,,Monday,,,,,False,False,False,,C,OTHER MOTOR VEHICLE,,1,0,CLEAR,,NO UNUSUAL CONDITIONS - NO UNUSUAL CONDITIONS,,A,DAYLIGHT,,,,,,,A,NO PEDESTRIANS INVOLVED,,A,21453A,,1,22ND ST,1,,,A,,,BROADWAY,,,A,7/30/2024 5:05:52 PM,1/30/2025 9:06:02 AM,,,2,,,,,,,
2918271,20-003414,2,False,0109,1/19/2020 2:14:00 AM,214,30X,14,109,Oakland,1,True,True,B,SIDE SWIPE,,Sunday,,,M,,False,False,True,,E,PARKED MOTOR VEHICLE,,0,0,CLEAR,,NO UNUSUAL CONDITIONS - NO UNUSUAL CONDITIONS,,D,DARK-NO STREET LIGHTS,,,,,,,A,NO PEDESTRIANS INVOLVED,,A,22107,,1,CHURCH ST,2,,,A,S,200.0,FRESNO ST,F,,D,7/30/2024 5:05:43 PM,1/30/2025 9:05:55 AM,,,2,,,,,,,