collision-id,report-number,report-version,is-preliminary,ncic-code,crash-date-time,crash-time-description,beat,city-id,city-code,city-name,county-code,city-is-active,city-is-incorporated,collision-type-code,collision-type-description,collision-type-other-desc,day-of-week,dispatch-notified,has-photographs,hit-run,is-attachments-mailed,is-deleted,is-highway-related,is-tow-away,judicial-district,motor-vehicle-involved-with-code,motor-vehicle-involved-with-desc,motor-vehicle-involved-with-other-desc,number-injured,number-killed,weather-1,weather-2,road-condition-1,road-condition-2,special-condition-lighting-code,lighting-description,latitude,longitude,milepost-direction,milepost-distance,milepost-marker,milepost-unit-of-measure,pedestrian-action-code,pedestrian-action-desc,prepared-date,primary-collision-factor-code,primary-collision-factor-violation,primary-collision-factor-is-cited,primary-collision-party-number,primary-road,reporting-district,reporting-district-code,reviewed-date,roadway-surface-code,secondary-direction,secondary-distance,secondary-road,secondary-unit-of-measure,sketch-desc,traffic-control-device-code,created-date,modified-date,is-county-road,is-freeway,chp-555-version,is-additonal-object-struck,notification-date,notification-time-description,has-digital-media-files,evidence-number,is-location-refer-to-narrative,is-aoi-one-same-as-location
2930770,20-001013,2,False,0109,1/6/2020 6:10:00 PM,1810,23X,14,109,Oakland,1,True,True,D,BROADSIDE,,Monday,,,M,,False,False,True,,C,OTHER MOTOR VEHICLE,,0,0,CLEAR,,NO UNUSUAL CONDITIONS - NO UNUSUAL CONDITIONS,,B,DUSK-DAWN,,,,,,,A,NO PEDESTRIANS INVOLVED,,A,22107,,1,BANCROFT AV,2,,,A,E,100.0,42ND AV,F,,D,7/30/2024 5:21:48 PM,1/30/2025 9:16:20 AM,,,2,,,,,,,
2930764,20-003895,2,False,0109,1/21/2020 1:36:00 PM,1336,10X,14,109,Oakland,1,True,True,A,HEAD-ON,,Tuesday,,,,,False,False,True,,C,OTHER MOTOR VEHICLE,,0,0,RAINING,,NO UNUSUAL CONDITIONS - NO UNUSUAL CONDITIONS,,A,DAYLIGHT,,,,,,,A,NO PEDESTRIANS INVOLVED,,A,21453A,,1,SAN PABLO AV,1,,,B,,,STANFORD AV,,,A,7/30/2024 5:21:47 PM,1/30/2025 9:16:20 AM,,,2,,,,,,,
2930762,20-000352,2,False,0109,1/2/2020 9:36:00 PM,2136,04X,14,109,Oakland,1,True,True,D,BROADSIDE,,Thursday,,,,,False,False,False,,E,PARKED MOTOR VEHICLE,,0,0,CLEAR,,,,C,DARK-STREET LIGHTS,,,,,,,A,NO PEDESTRIANS INVOLVED,,A,22100B,,1,17TH ST,1,,,A,,,MARTIN LUTHER KING WY,,,A,7/30/2024 5:21:47 PM,1/30/2025 9:16:20 AM,,,2,,,,,,,
2930758,20-000222,2,False,0109,1/2/2020 8:33:00 AM,833,12X,14,109,Oakland,1,True,True,D,BROADSIDE,,Thursday,,,M,,False,False,False,,C,OTHER MOTOR VEHICLE,,0,0,CLEAR,,HOLES- DEEPRUT* - HOLES- DEEPRUT*,NO UNUSUAL CONDITIONS - NO UNUSUAL CONDITIONS,A,DAYLIGHT,,,,,,,A,NO PEDESTRIANS INVOLVED,,A,21453A,,1,CLAREMONT AV,1,,,,W,75.0,HUDSON ST,F,,A,7/30/2024 5:21:47 PM,1/30/2025 9:16:20 AM,,,2,,,,,,,
2930757,20-000179,2,False,0109,1/1/2020 11:22:00 PM,2322,22X,14,109,Oakland,1,True,True,B,SIDE SWIPE,,Wednesday,,,M,,False,False,False,,E,PARKED MOTOR VEHICLE,,0,0,CLOUDY,,NO UNUSUAL CONDITIONS - NO UNUSUAL CONDITIONS,,C,DARK-STREET LIGHTS,,,,,,,A,NO PEDESTRIANS INVOLVED,,A,22107,,1,MADELINE ST,1,,,A,W,50.0,COOLIDGE AV,F,,D,7/30/2024 5:21:47 PM,1/30/2025 9:16:20 AM,,,2,,,,,,,
2930756,20-000747,2,False,0109,1/5/2020 12:49:00 AM,49,29X,14,109,Oakland,1,True,True,B,SIDE SWIPE,,Sunday,,,M,,False,False,False,,E,PARKED MOTOR VEHICLE,,0,0,CLEAR,,NO UNUSUAL CONDITIONS - NO UNUSUAL CONDITIONS,,A,DAYLIGHT,,,,,,,A,NO PEDESTRIANS INVOLVED,,A,22350,,1,DELMONT AV,2,,,A,S,15.0,MOKELUMNE AV,F,,D,7/30/2024 5:21:47 PM,1/30/2025 9:16:20 AM,,,2,,,,,,,
2930755,20-000481,2,False,0109,1/3/2020 4:00:00 PM,1600,19X,14,109,Oakland,1,True,True,D,BROADSIDE,,Friday,,,M,,False,False,False,,C,OTHER MOTOR VEHICLE,,0,0,CLEAR,,NO UNUSUAL CONDITIONS - NO UNUSUAL CONDITIONS,,A,DAYLIGHT,,,,,,,A,NO PEDESTRIANS INVOLVED,,A,21453A,,1,16TH AV,1,,,A,,,INTERNATIONAL BL,,,A,7/30/2024 5:21:47 PM,1/30/2025 9:16:20 AM,,,2,,,,,,,
2930751,20-000711,2,False,0109,1/5/2020 12:11:00 AM,11,25X,14,109,Oakland,1,True,True,C,REAR END,,Sunday,,,,,False,False,False,,C,OTHER MOTOR VEHICLE,,1,0,CLEAR,,NO UNUSUAL CONDITIONS - NO UNUSUAL CONDITIONS,,C,DARK-STREET LIGHTS,,,,,,,A,NO PEDESTRIANS INVOLVED,,A,22350,,1,MACARTHUR BL,2,,,A,W,14.0,HIGH ST,F,,A,7/30/2024 5:21:46 PM,1/30/2025 9:16:19 AM,,,2,,,,,,,
2930711,20-020432,2,False,0109,4/22/2020 12:15:00 PM,1215,02Y,14,109,Oakland,1,True,True,C,REAR END,,Wednesday,,,M,,False,False,False,,C,OTHER MOTOR VEHICLE,,0,0,CLEAR,,NO UNUSUAL CONDITIONS - NO UNUSUAL CONDITIONS,,A,DAYLIGHT,,,,,,,A,NO PEDESTRIANS INVOLVED,,A,22350,,1,14TH ST,1,,,A,W,5.0,MANDELA PKWY,F,,A,7/30/2024 5:21:43 PM,1/30/2025 9:16:18 AM,,,2,,,,,,,
2930710,20-020437,2,False,0109,4/22/2020 1:28:00 PM,1328,19X,14,109,Oakland,1,True,True,B,SIDE SWIPE,,Wednesday,,,M,,False,False,False,,G,BICYCLE,,0,0,CLEAR,,NO UNUSUAL CONDITIONS - NO UNUSUAL CONDITIONS,,A,DAYLIGHT,,,,,,,A,NO PEDESTRIANS INVOLVED,,A,21703,,1,LAKE MERRITT BL,1,,,A,S,250.0,E 12TH ST,F,,D,7/30/2024 5:21:43 PM,1/30/2025 9:16:17 AM,,,2,,,,,,,
2930709,20-019907,2,False,0109,4/19/2020 9:13:00 AM,913,35X,14,109,Oakland,1,True,True,A,HEAD-ON,,Sunday,,,,,False,False,False,,I,FIXED OBJECT,,0,0,CLEAR,,NO UNUSUAL CONDITIONS - NO UNUSUAL CONDITIONS,,A,DAYLIGHT,,,,,,,A,NO PEDESTRIANS INVOLVED,,A,22107,,1,MACARTHUR BL,2,,,A,E,10.0,ALVINGROOM CT,F,,D,7/30/2024 5:21:43 PM,1/30/2025 9:16:17 AM,,,2,,,,,,,
2930708,20-018940,2,False,0109,4/12/2020 9:39:00 PM,2139,24X,14,109,Oakland,1,True,True,A,HEAD-ON,,Sunday,,,,,False,False,False,,C,OTHER MOTOR VEHICLE,,0,0,CLEAR,,NO UNUSUAL CONDITIONS - NO UNUSUAL CONDITIONS,,C,DARK-STREET LIGHTS,,,,,,,A,NO PEDESTRIANS INVOLVED,,A,22107,,1,FAIRFAX AV,2,,,A,S,150.0,MONTICELLO AV,F,,D,7/30/2024 5:21:43 PM,1/30/2025 9:16:17 AM,,,2,,,,,,,
2930707,20-020479,2,False,0109,4/23/2020 3:13:00 PM,1513,31Z,14,109,Oakland,1,True,True,A,HEAD-ON,,Thursday,,,,,False,False,False,,D,MOTOR VEHICLE ON OTHER ROADWAY,,0,0,CLEAR,,REDUCED ROADWAY WIDTH - REDUCED ROADWAY WIDTH,,A,DAYLIGHT,,,,,,,A,NO PEDESTRIANS INVOLVED,,A,21801A,,1,82ND AV,1,,,A,S,200.0,PLYMOUTH ST,F,,D,7/30/2024 5:21:43 PM,1/30/2025 9:16:17 AM,,,2,,,,,,,
2930706,20-020795,2,False,0109,4/24/2020 3:14:00 PM,1514,28X,14,109,Oakland,1,True,True,E,HIT OBJECT,,Friday,,,,,False,False,True,,I,FIXED OBJECT,,0,0,CLEAR,,NO UNUSUAL CONDITIONS - NO UNUSUAL CONDITIONS,,A,DAYLIGHT,,,,,,,A,NO PEDESTRIANS INVOLVED,,A,22350,,1,REDDING ST,2,,,A,E,40.0,STORER AV,F,,D,7/30/2024 5:21:42 PM,1/30/2025 9:16:17 AM,,,2,,,,,,,
2930705,20-019471,2,False,0109,4/16/2020 9:30:00 AM,930,28X,14,109,Oakland,1,True,True,B,SIDE SWIPE,,Thursday,,,,,False,False,False,,C,OTHER MOTOR VEHICLE,,0,0,CLOUDY,,NO UNUSUAL CONDITIONS - NO UNUSUAL CONDITIONS,,A,DAYLIGHT,,,,,,,A,NO PEDESTRIANS INVOLVED,,A,21460A,,1,55TH AV,2,,,A,,,BROOKDALE AV,,,A,7/30/2024 5:21:42 PM,1/30/2025 9:16:17 AM,,,2,,,,,,,
2930704,20-021204,2,False,0109,4/27/2020 9:30:00 AM,930,04X,14,109,Oakland,1,True,True,D,BROADSIDE,,Monday,,,,,False,False,False,,C,OTHER MOTOR VEHICLE,,0,0,CLEAR,,NO UNUSUAL CONDITIONS - NO UNUSUAL CONDITIONS,,A,DAYLIGHT,,,,,,,A,NO PEDESTRIANS INVOLVED,,A,21453A,,,HARRISON ST,1,,,A,,,GRAND AV,,,A,7/30/2024 5:21:42 PM,1/30/2025 9:16:17 AM,,,2,,,,,,,
2930557,20-020672,2,False,0109,4/23/2020 8:00:00 PM,2000,01X,14,109,Oakland,1,True,True,D,BROADSIDE,,Thursday,,,F,,False,False,False,,C,OTHER MOTOR VEHICLE,,0,0,CLEAR,,NO UNUSUAL CONDITIONS - NO UNUSUAL CONDITIONS,,C,DARK-STREET LIGHTS,,,,,,,A,NO PEDESTRIANS INVOLVED,,A,21453A,,1,HAVENSCOURT BL,2,,,A,,,BANCROFT,,,A,7/30/2024 5:21:30 PM,1/30/2025 9:16:10 AM,,,2,,,,,,,
2930369,20-014779,2,False,0109,3/16/2020 1:15:00 PM,1315,31X,14,109,Oakland,1,True,True,C,REAR END,,Monday,,,,,False,False,False,,C,OTHER MOTOR VEHICLE,,0,0,CLEAR,,NO UNUSUAL CONDITIONS - NO UNUSUAL CONDITIONS,,A,DAYLIGHT,,,,,,,A,NO PEDESTRIANS INVOLVED,,A,22350,,1,RT 880,2,,,A,W,29.0,HEGENBERGER,F,,A,7/30/2024 5:21:13 PM,1/30/2025 9:16:01 AM,,,2,,,,,,,
2930294,20-019704,2,False,0109,4/17/2020 9:15:00 PM,2115,20X,14,109,Oakland,1,True,True,C,REAR END,,Friday,,,,,False,False,False,,C,OTHER MOTOR VEHICLE,,0,0,CLOUDY,,NO UNUSUAL CONDITIONS - NO UNUSUAL CONDITIONS,,C,DARK-STREET LIGHTS,,,,,,,A,NO PEDESTRIANS INVOLVED,,A,22350,,1,29TH AV,1,,,A,,,12TH ST,,,A,7/30/2024 5:21:06 PM,1/30/2025 9:15:57 AM,,,2,,,,,,,
2930258,2020-00007062,2,False,0109,2/5/2020 6:12:00 PM,1812,,14,109,Oakland,1,True,True,A,HEAD-ON,,Wednesday,,,,,False,False,False,,C,OTHER MOTOR VEHICLE,,0,0,CLEAR,,NO UNUSUAL CONDITIONS - NO UNUSUAL CONDITIONS,,,,37.850314,122.252983,,,,,A,NO PEDESTRIANS INVOLVED,,A,21801A,,1,63RD AV,,,,A,W,123.0,COLLEGE AV,F,,D,7/30/2024 5:21:03 PM,1/30/2025 9:15:55 AM,,,2,,,,,,,
2930027,20-027456,2,False,0109,6/4/2020 8:07:00 AM,807,32Y,14,109,Oakland,1,True,True,H,OTHER,,Thursday,,,M,,False,False,False,,C,OTHER MOTOR VEHICLE,,0,0,CLEAR,,NO UNUSUAL CONDITIONS - NO UNUSUAL CONDITIONS,,A,DAYLIGHT,,,,,,,A,NO PEDESTRIANS INVOLVED,,A,22106,,1,SUNNYSIDE ST,2,,,A,E,25.0,98TH AV,F,,D,7/30/2024 5:20:42 PM,1/30/2025 9:15:43 AM,,,2,,,,,,,
2930001,20-022176,2,False,0109,5/3/2020 1:40:00 AM,140,22X,14,109,Oakland,1,True,True,A,HEAD-ON,,Sunday,,,M,,False,False,False,,E,PARKED MOTOR VEHICLE,,0,0,CLEAR,,NO UNUSUAL CONDITIONS - NO UNUSUAL CONDITIONS,,C,DARK-STREET LIGHTS,,,,,,,A,NO PEDESTRIANS INVOLVED,,A,23152A,,1,WATERHOUSE RD,1,,,A,N,500.0,CASTLELINE RD,F,,D,7/30/2024 5:20:40 PM,1/30/2025 9:15:42 AM,,,2,,,,,,,
2929973,20-016009,2,False,0109,3/24/2020 3:23:00 PM,1523,24X,14,109,Oakland,1,True,True,B,SIDE SWIPE,,Tuesday,,,,,False,False,False,,E,PARKED MOTOR VEHICLE,,0,0,CLEAR,,NO UNUSUAL CONDITIONS - NO UNUSUAL CONDITIONS,,A,DAYLIGHT,,,,,,,A,NO PEDESTRIANS INVOLVED,,C,,,,LYON AVE,2,,,,E,50.0,35TH AVE,F,,D,7/30/2024 5:20:37 PM,1/30/2025 9:15:41 AM,,,2,,,,,,,
2929689,20-017717,2,False,0109,4/4/2020 8:00:00 AM,800,17X,14,109,Oakland,1,True,True,B,SIDE SWIPE,,Saturday,,,M,,False,False,False,,E,PARKED MOTOR VEHICLE,,0,0,CLOUDY,,NO UNUSUAL CONDITIONS - NO UNUSUAL CONDITIONS,,A,DAYLIGHT,,,,,,,A,NO PEDESTRIANS INVOLVED,,D,,,,E 27TH ST,1,,,A,E,0.3,13TH ST,M,,D,7/30/2024 5:20:16 PM,1/30/2025 9:15:27 AM,,,2,,,,,,,
2929688,20-017752,2,False,0109,4/4/2020 8:24:00 PM,2024,28X,14,109,Oakland,1,True,True,A,HEAD-ON,,Saturday,,,M,,False,False,False,,I,FIXED OBJECT,,0,0,CLOUDY,RAINING,NO UNUSUAL CONDITIONS - NO UNUSUAL CONDITIONS,,D,DARK-NO STREET LIGHTS,,,,,,,A,NO PEDESTRIANS INVOLVED,,A,22350,,1,HIGH ST,2,,,B,,,FLEMING AV,,,D,7/30/2024 5:20:16 PM,1/30/2025 9:15:28 AM,,,2,,,,,,,
2929687,20-018104,2,False,0109,4/7/2020 9:25:00 AM,925,24X,14,109,Oakland,1,True,True,B,SIDE SWIPE,,Tuesday,,,M,,False,False,False,,E,PARKED MOTOR VEHICLE,,0,0,CLEAR,,NO UNUSUAL CONDITIONS - NO UNUSUAL CONDITIONS,,A,DAYLIGHT,,,,,,,A,NO PEDESTRIANS INVOLVED,,A,22107,,1,HARPER ST,2,,,A,W,100.0,35TH AV,F,,A,7/30/2024 5:20:15 PM,1/30/2025 9:15:27 AM,,,2,,,,,,,
2929686,20-018524,2,False,0109,4/10/2020 1:36:00 AM,136,29X,14,109,Oakland,1,True,True,H,OTHER,,Friday,,,F,,False,False,False,,I,FIXED OBJECT,,0,0,CLEAR,,NO UNUSUAL CONDITIONS - NO UNUSUAL CONDITIONS,,C,DARK-STREET LIGHTS,,,,,,,A,NO PEDESTRIANS INVOLVED,,A,22107,,1,HAVENSCOURT BL,2,,,A,N,30.0,FOOTHILL BL,F,,D,7/30/2024 5:20:15 PM,1/30/2025 9:15:27 AM,,,2,,,,,,,
2929685,20-018202,2,False,0109,4/7/2020 7:45:00 PM,1945,06X,14,109,Oakland,1,True,True,B,SIDE SWIPE,,Tuesday,,,M,,False,False,False,,C,OTHER MOTOR VEHICLE,,0,0,CLEAR,,NO UNUSUAL CONDITIONS - NO UNUSUAL CONDITIONS,,B,DUSK-DAWN,,,,,,,A,NO PEDESTRIANS INVOLVED,,A,22107,,1,SAN PABLO AV,1,,,A,,,24TH ST,,,A,7/30/2024 5:20:15 PM,1/30/2025 9:15:27 AM,,,2,,,,,,,
2929684,20-018369,2,False,0109,4/8/2020 9:54:00 PM,2154,31X,14,109,Oakland,1,True,True,A,HEAD-ON,,Wednesday,,,M,,False,False,False,,C,OTHER MOTOR VEHICLE,,0,0,CLEAR,,NO UNUSUAL CONDITIONS - NO UNUSUAL CONDITIONS,,C,DARK-STREET LIGHTS,,,,,,,A,NO PEDESTRIANS INVOLVED,,A,22106,,1,98TH AV,2,,,A,,,BIGGE ST,,,A,7/30/2024 5:20:15 PM,1/30/2025 9:15:27 AM,,,2,,,,,,,
2929683,20-01825,2,False,0109,4/8/2020 11:45:00 AM,1145,23X,14,109,Oakland,1,True,True,B,SIDE SWIPE,,Wednesday,,,,,False,False,False,,C,OTHER MOTOR VEHICLE,,0,0,CLEAR,,NO UNUSUAL CONDITIONS - NO UNUSUAL CONDITIONS,,A,DAYLIGHT,,,,,,,A,NO PEDESTRIANS INVOLVED,,A,21460A,,1,ALAMEDA AV,2,,,A,E,300.0,FRUITVALE AV,F,,A,7/30/2024 5:20:15 PM,1/30/2025 9:15:27 AM,,,2,,,,,,,
2929682,20-017436,2,False,0109,4/2/2020 6:15:00 PM,1815,23X,14,109,Oakland,1,True,True,D,BROADSIDE,,Thursday,,,M,,False,False,False,,C,OTHER MOTOR VEHICLE,,0,0,CLEAR,,NO UNUSUAL CONDITIONS - NO UNUSUAL CONDITIONS,,A,DAYLIGHT,,,,,,,A,NO PEDESTRIANS INVOLVED,,A,21453A,,1,FOOTHILL BL,2,,,A,,,38TH AV,,,A,7/30/2024 5:20:15 PM,1/30/2025 9:15:27 AM,,,2,,,,,,,
2929681,20-019150,2,False,0109,4/14/2020 8:56:00 AM,856,34X,14,109,Oakland,1,True,True,B,SIDE SWIPE,,Tuesday,,,,,False,False,True,,C,OTHER MOTOR VEHICLE,,0,0,CLEAR,,NO UNUSUAL CONDITIONS - NO UNUSUAL CONDITIONS,,A,DAYLIGHT,,,,,,,A,NO PEDESTRIANS INVOLVED,,A,21802A,,1,96TH AV,2,,,A,,,HOLLY ST,,,A,7/30/2024 5:20:15 PM,1/30/2025 9:15:27 AM,,,2,,,,,,,
2929680,20-017501,2,False,0109,4/3/2020 6:47:00 AM,647,13X,14,109,Oakland,1,True,True,B,SIDE SWIPE,,Friday,,,,,False,False,False,,,,,0,0,CLEAR,,NO UNUSUAL CONDITIONS - NO UNUSUAL CONDITIONS,,A,DAYLIGHT,,,,,,,A,NO PEDESTRIANS INVOLVED,,A,21755,,1,BROADWAY,1,,,A,,,TAFT AV,,,A,7/30/2024 5:20:15 PM,1/30/2025 9:15:27 AM,,,2,,,,,,,
2929654,20-017660,2,False,0109,4/3/2020 11:25:00 PM,2325,29X,14,109,Oakland,1,True,True,C,REAR END,,Friday,,,M,,False,False,False,,E,PARKED MOTOR VEHICLE,,0,0,CLOUDY,,NO UNUSUAL CONDITIONS - NO UNUSUAL CONDITIONS,,A,DAYLIGHT,,,,,,,A,NO PEDESTRIANS INVOLVED,,A,22107,,1,FOOTHILL BL,2,,,A,W,35.0,HAVENSCOURT BL,F,,D,7/30/2024 5:20:13 PM,1/30/2025 9:15:26 AM,,,2,,,,,,,
2929653,20-018547,2,False,0109,4/10/2020 6:00:00 AM,600,24X,14,109,Oakland,1,True,True,C,REAR END,,Friday,,,M,,False,False,True,,E,PARKED MOTOR VEHICLE,,0,0,CLEAR,,NO UNUSUAL CONDITIONS - NO UNUSUAL CONDITIONS,,C,DARK-STREET LIGHTS,,,,,,,A,NO PEDESTRIANS INVOLVED,,A,22107,,1,FOOTHILL BL,2,,,A,W,75.0,BRIDGE AV,F,,D,7/30/2024 5:20:13 PM,1/30/2025 9:15:26 AM,,,2,,,,,,,
2929634,20-018293,2,False,0109,4/8/2020 11:26:00 AM,1126,18X,14,109,Oakland,1,True,True,D,BROADSIDE,,Wednesday,,,,,False,False,False,,C,OTHER MOTOR VEHICLE,,1,0,CLOUDY,,NO UNUSUAL CONDITIONS - NO UNUSUAL CONDITIONS,,A,DAYLIGHT,,,,,,,A,NO PEDESTRIANS INVOLVED,,A,21801A,,1,E 19TH ST,1,,,A,,,21ST AV,,,A,7/30/2024 5:20:11 PM,1/30/2025 9:15:25 AM,,,2,,,,,,,
2929633,20-018990,2,False,0109,4/13/2020 9:16:00 AM,916,31X,14,109,Oakland,1,True,True,B,SIDE SWIPE,,Monday,,,M,,False,False,False,,C,OTHER MOTOR VEHICLE,,1,0,,,NO UNUSUAL CONDITIONS - NO UNUSUAL CONDITIONS,,A,DAYLIGHT,,,,,,,A,NO PEDESTRIANS INVOLVED,,A,22107,,1,SAN LEANDRO ST,2,,,A,W,0.1,105TH AV,M,,D,7/30/2024 5:20:11 PM,1/30/2025 9:15:25 AM,,,2,,,,,,,
2929632,20-017380,2,False,0109,4/2/2020 12:27:00 PM,1227,30X,14,109,Oakland,1,True,True,A,HEAD-ON,,Thursday,,,,,False,False,False,,C,OTHER MOTOR VEHICLE,,1,0,CLEAR,,NO UNUSUAL CONDITIONS - NO UNUSUAL CONDITIONS,,A,DAYLIGHT,,,,,,,A,NO PEDESTRIANS INVOLVED,,A,21801A,,1,73RD AV,2,,,A,,,ARTHUR ST,,,A,7/30/2024 5:20:11 PM,1/30/2025 9:15:25 AM,,,2,,,,,,,
2929469,20-015355,2,False,0109,3/20/2020 7:30:00 AM,730,26Y,14,109,Oakland,1,True,True,C,REAR END,,Friday,,,M,,False,False,False,,C,OTHER MOTOR VEHICLE,,1,0,CLEAR,,NO UNUSUAL CONDITIONS - NO UNUSUAL CONDITIONS,,A,DAYLIGHT,,,,,,,A,NO PEDESTRIANS INVOLVED,,A,22350,,1,INTERNATIONAL BL,2,,,A,W,15.0,78TH AV,F,,A,7/30/2024 5:19:56 PM,1/30/2025 9:15:16 AM,,,2,,,,,,,
2929468,20-015607,2,False,0109,3/21/2020 9:24:00 PM,2124,35X,14,109,Oakland,1,True,True,E,HIT OBJECT,,Saturday,,,,,False,False,False,,I,FIXED OBJECT,,1,0,CLEAR,,NO UNUSUAL CONDITIONS - NO UNUSUAL CONDITIONS,,C,DARK-STREET LIGHTS,,,,,,,A,NO PEDESTRIANS INVOLVED,,A,22350,,1,MACARTHUR BL,2,,,A,W,0.2,88TH AV,M,,D,7/30/2024 5:19:56 PM,1/30/2025 9:15:16 AM,,,2,,,,,,,
2929467,20-016139,2,False,0109,3/25/2020 1:12:00 PM,1312,06X,14,109,Oakland,1,True,True,D,BROADSIDE,,Wednesday,,,,,False,False,False,,C,OTHER MOTOR VEHICLE,,1,0,CLEAR,,NO UNUSUAL CONDITIONS - NO UNUSUAL CONDITIONS,,A,DAYLIGHT,,,,,,,A,NO PEDESTRIANS INVOLVED,,A,21453A,,1,27TH ST,1,,,A,,,NORTHGATE AV,,,A,7/30/2024 5:19:56 PM,1/30/2025 9:15:16 AM,,,2,,,,,,,
2929414,20-014504,2,False,0109,3/14/2020 9:14:00 PM,2114,27Y,14,109,Oakland,1,True,True,A,HEAD-ON,,Saturday,,,M,,False,False,True,,C,OTHER MOTOR VEHICLE,,0,0,RAINING,,NO UNUSUAL CONDITIONS - NO UNUSUAL CONDITIONS,,C,DARK-STREET LIGHTS,,,,,,,A,NO PEDESTRIANS INVOLVED,,A,22107,,1,62ND AV,2,,,B,,,HOLWAY ST,,,D,7/30/2024 5:19:52 PM,1/30/2025 9:15:13 AM,,,2,,,,,,,
2929413,20-016268,2,False,0109,3/26/2020 12:30:00 PM,1230,34,14,109,Oakland,1,True,True,B,SIDE SWIPE,,Thursday,,,M,,False,False,False,,E,PARKED MOTOR VEHICLE,,0,0,CLEAR,,NO UNUSUAL CONDITIONS - NO UNUSUAL CONDITIONS,,A,DAYLIGHT,,,,,,,A,NO PEDESTRIANS INVOLVED,,A,22107,,1,BANCROFT AV,1,,,A,E,50.0,82ND AV,F,,A,7/30/2024 5:19:52 PM,1/30/2025 9:15:13 AM,,,2,,,,,,,
2929412,20-016694,2,False,0109,3/29/2020 10:01:00 AM,1001,30,14,109,Oakland,1,True,True,B,SIDE SWIPE,,Sunday,,,M,,False,False,False,,E,PARKED MOTOR VEHICLE,,0,0,CLOUDY,,NO UNUSUAL CONDITIONS - NO UNUSUAL CONDITIONS,,A,DAYLIGHT,,,,,,,A,NO PEDESTRIANS INVOLVED,,A,22107,,1,MACARTHUR BL,2,,,,E,100.0,RITCHIE ST,F,,D,7/30/2024 5:19:51 PM,1/30/2025 9:15:13 AM,,,2,,,,,,,
2929411,20-016391,2,False,0109,3/27/2020 6:30:00 AM,630,30,14,109,Oakland,1,True,True,E,HIT OBJECT,,Friday,,,,,False,False,False,,I,FIXED OBJECT,,1,0,CLEAR,,NO UNUSUAL CONDITIONS - NO UNUSUAL CONDITIONS,,A,DAYLIGHT,,,,,,,A,NO PEDESTRIANS INVOLVED,,A,22107,,1,INTERNATIONAL BL,2,,,A,E,10.0,77TH AV,F,,A,7/30/2024 5:19:51 PM,1/30/2025 9:15:13 AM,,,2,,,,,,,
2929410,20-016812,2,False,0109,3/20/2020 5:47:00 AM,547,26,14,109,Oakland,1,True,True,H,OTHER,,Friday,,,,,False,False,False,,I,FIXED OBJECT,,0,0,CLEAR,,NO UNUSUAL CONDITIONS - NO UNUSUAL CONDITIONS,,C,DARK-STREET LIGHTS,,,,,,,A,NO PEDESTRIANS INVOLVED,,D,,,,HEGENBERGER RD,2,,,A,S,20.0,HAMILTON ST,F,,B,7/30/2024 5:19:51 PM,1/30/2025 9:15:13 AM,,,2,,,,,,,
2929409,20-016620,2,False,0109,3/28/2020 7:47:00 PM,1947,30,14,109,Oakland,1,True,True,D,BROADSIDE,,Saturday,,,,,False,False,True,,C,OTHER MOTOR VEHICLE,,0,0,RAINING,,NO UNUSUAL CONDITIONS - NO UNUSUAL CONDITIONS,,C,DARK-STREET LIGHTS,,,,,,,A,NO PEDESTRIANS INVOLVED,,A,22103,,1,73RD AV,2,,,B,,,MACARTHUR BL,,,D,7/30/2024 5:19:51 PM,1/30/2025 9:15:13 AM,,,2,,,,,,,
2929408,20-013394,2,False,0109,3/9/2020 9:58:00 AM,958,32,14,109,Oakland,1,True,True,D,BROADSIDE,,Monday,,,,,False,False,False,,C,OTHER MOTOR VEHICLE,,0,0,CLEAR,,NO UNUSUAL CONDITIONS - NO UNUSUAL CONDITIONS,,A,DAYLIGHT,,,,,,,A,NO PEDESTRIANS INVOLVED,,A,22107,,,96TH AV,2,,,A,N,25.0,INTERNATIONAL BL,F,,D,7/30/2024 5:19:51 PM,1/30/2025 9:15:13 AM,,,2,,,,,,,
2929407,20-012794,2,False,0109,3/6/2020 5:35:00 AM,535,28,14,109,Oakland,1,True,True,A,HEAD-ON,,Friday,,,M,,False,False,False,,E,PARKED MOTOR VEHICLE,,0,0,CLEAR,,NO UNUSUAL CONDITIONS - NO UNUSUAL CONDITIONS,,C,DARK-STREET LIGHTS,,,,,,,A,NO PEDESTRIANS INVOLVED,,A,22350,,1,CAMDEN ST,2,,,A,S,30.0,MILLSVIEW AV,F,,A,7/30/2024 5:19:51 PM,1/30/2025 9:15:13 AM,,,2,,,,,,,
2929397,20-016450,2,False,0109,3/27/2020 3:35:00 PM,1535,30,14,109,Oakland,1,True,True,A,HEAD-ON,,Friday,,,M,,False,False,False,,C,OTHER MOTOR VEHICLE,,0,0,CLEAR,,NO UNUSUAL CONDITIONS - NO UNUSUAL CONDITIONS,,A,DAYLIGHT,,,,,,,A,NO PEDESTRIANS INVOLVED,,A,22107,,1,OLIVE ST,2,,,,E,100.0,80TH AV,F,,D,7/30/2024 5:19:50 PM,1/30/2025 9:15:12 AM,,,2,,,,,,,
2929396,20-014688,2,False,0109,3/16/2020 12:43:00 AM,43,02,14,109,Oakland,1,True,True,B,SIDE SWIPE,,Monday,,,,,False,False,False,,E,PARKED MOTOR VEHICLE,,0,0,RAINING,,NO UNUSUAL CONDITIONS - NO UNUSUAL CONDITIONS,,C,DARK-STREET LIGHTS,,,,,,,A,NO PEDESTRIANS INVOLVED,,A,23152A,,1,8TH ST,1,,,B,E,460.0,ADELINE ST,F,,C,7/30/2024 5:19:50 PM,1/30/2025 9:15:12 AM,,,2,,,,,,,
2929395,20-014653,2,False,0109,3/15/2020 9:09:00 PM,2109,19,14,109,Oakland,1,True,True,E,HIT OBJECT,,Sunday,,,,,False,True,True,,I,FIXED OBJECT,,0,0,RAINING,,NO UNUSUAL CONDITIONS - NO UNUSUAL CONDITIONS,,C,DARK-STREET LIGHTS,,,,,,,,,,A,23152A,,1,EMBARCADERO,1,,,B,S,20.0,RT 880,F,,C,7/30/2024 5:19:50 PM,1/30/2025 9:15:12 AM,,,2,,,,,,,