collision-id,report-number,report-version,is-preliminary,ncic-code,crash-date-time,crash-time-description,beat,city-id,city-code,city-name,county-code,city-is-active,city-is-incorporated,collision-type-code,collision-type-description,collision-type-other-desc,day-of-week,dispatch-notified,has-photographs,hit-run,is-attachments-mailed,is-deleted,is-highway-related,is-tow-away,judicial-district,motor-vehicle-involved-with-code,motor-vehicle-involved-with-desc,motor-vehicle-involved-with-other-desc,number-injured,number-killed,weather-1,weather-2,road-condition-1,road-condition-2,special-condition-lighting-code,lighting-description,latitude,longitude,milepost-direction,milepost-distance,milepost-marker,milepost-unit-of-measure,pedestrian-action-code,pedestrian-action-desc,prepared-date,primary-collision-factor-code,primary-collision-factor-violation,primary-collision-factor-is-cited,primary-collision-party-number,primary-road,reporting-district,reporting-district-code,reviewed-date,roadway-surface-code,secondary-direction,secondary-distance,secondary-road,secondary-unit-of-measure,sketch-desc,traffic-control-device-code,created-date,modified-date,is-county-road,is-freeway,chp-555-version,is-additonal-object-struck,notification-date,notification-time-description,has-digital-media-files,evidence-number,is-location-refer-to-narrative,is-aoi-one-same-as-location
2925682,20-024958,2,False,0109,5/19/2020 4:48:00 PM,1648,34X,14,109,Oakland,1,True,True,B,SIDE SWIPE,,Tuesday,,,M,,False,False,True,,E,PARKED MOTOR VEHICLE,,0,0,CLEAR,,NO UNUSUAL CONDITIONS - NO UNUSUAL CONDITIONS,,C,DARK-STREET LIGHTS,,,,,,,A,NO PEDESTRIANS INVOLVED,,A,22107,,1,HOLLY ST,2,,,A,E,50.0,90TH AV,F,,D,7/30/2024 5:14:44 PM,1/30/2025 9:12:02 AM,,,2,,,,,,,
2925678,20-000476,2,False,0109,1/3/2020 3:00:00 PM,1500,28,14,109,Oakland,1,True,True,B,SIDE SWIPE,,Friday,,,,,False,False,False,,E,PARKED MOTOR VEHICLE,,0,0,CLEAR,,NO UNUSUAL CONDITIONS - NO UNUSUAL CONDITIONS,,A,DAYLIGHT,,,,,,,A,NO PEDESTRIANS INVOLVED,,A,22107,,1,FLEMING AV,2,,,A,,,COURTLAND AV,,,D,7/30/2024 5:14:44 PM,1/30/2025 9:12:02 AM,,,2,,,,,,,
2925674,20-024891,2,False,0109,5/19/2020 3:21:00 PM,1521,24Y,14,109,Oakland,1,True,True,C,REAR END,,Tuesday,,,,,False,False,False,,C,OTHER MOTOR VEHICLE,,1,0,CLEAR,,NO UNUSUAL CONDITIONS - NO UNUSUAL CONDITIONS,,A,DAYLIGHT,,,,,,,A,NO PEDESTRIANS INVOLVED,,A,21703,,1,35TH AV,2,,,A,S,25.0,HAGEMAN AV,F,,A,7/30/2024 5:14:44 PM,1/30/2025 9:12:02 AM,,,2,,,,,,,
2925671,20-024817,2,False,0109,5/19/2020 9:49:00 AM,949,26X,14,109,Oakland,1,True,True,D,BROADSIDE,,Tuesday,,,,,False,False,False,,C,OTHER MOTOR VEHICLE,,1,0,CLOUDY,,CONSTRUCTION-REPAIR ZONE - CONSTRUCTION-REPAIR ZONE,,A,DAYLIGHT,,,,,,,A,NO PEDESTRIANS INVOLVED,,A,21453A,,1,INTERNATIONAL BL,2,,,A,,,SEMINARY AV,,,A,7/30/2024 5:14:43 PM,1/30/2025 9:12:02 AM,,,2,,,,,,,
2925610,20-020852,2,False,0109,4/25/2020 11:45:00 PM,2345,16Y,14,109,Oakland,1,True,True,C,REAR END,,Saturday,,,,,False,False,True,,C,OTHER MOTOR VEHICLE,,0,0,CLEAR,,NO UNUSUAL CONDITIONS - NO UNUSUAL CONDITIONS,,C,DARK-STREET LIGHTS,,,,,,,A,NO PEDESTRIANS INVOLVED,,A,22106,,1,EXCELSIOR AV,1,,,A,,,WOODRUFF AV,,,D,7/30/2024 5:14:39 PM,1/30/2025 9:11:59 AM,,,2,,,,,,,
2925557,20-011896,2,False,0109,3/1/2020 6:36:00 PM,1836,26Y,14,109,Oakland,1,True,True,H,OTHER,,Sunday,,,M,,False,False,False,,E,PARKED MOTOR VEHICLE,,1,0,CLEAR,,NO UNUSUAL CONDITIONS - NO UNUSUAL CONDITIONS,,A,DAYLIGHT,,,,,,,A,NO PEDESTRIANS INVOLVED,,A,22107,,1,75TH AV,2,,,A,N,150.0,HAWLEY ST,F,,D,7/30/2024 5:14:34 PM,1/30/2025 9:11:56 AM,,,2,,,,,,,
2925556,20-013153,2,False,0109,3/8/2020 4:19:00 AM,419,04X,14,109,Oakland,1,True,True,D,BROADSIDE,,Sunday,,,F,,False,False,False,,C,OTHER MOTOR VEHICLE,,1,0,OTHER,,NO UNUSUAL CONDITIONS - NO UNUSUAL CONDITIONS,,C,DARK-STREET LIGHTS,,,,,,,D,CROSSING - NOT IN CROSSWALK,,A,21801A,,1,SAN PABLO AV,1,,,A,,,19TH ST,,,A,7/30/2024 5:14:34 PM,1/30/2025 9:11:56 AM,,,2,,,,,,,
2925555,20-013505,2,False,0109,3/9/2020 8:11:00 PM,2011,23X,14,109,Oakland,1,True,True,D,BROADSIDE,,Monday,,,,,False,False,False,,C,OTHER MOTOR VEHICLE,,1,0,CLEAR,,NO UNUSUAL CONDITIONS - NO UNUSUAL CONDITIONS,,C,DARK-STREET LIGHTS,,,,,,,A,NO PEDESTRIANS INVOLVED,,A,21802A,,1,INTERNATIONAL BL,2,,,A,S,15.0,41ST AV,F,,A,7/30/2024 5:14:34 PM,1/30/2025 9:11:56 AM,,,2,,,,,,,
2925554,20-016612,2,False,0109,3/28/2020 6:22:00 PM,1822,25X,14,109,Oakland,1,True,True,C,REAR END,,Saturday,,,,,False,False,True,,C,OTHER MOTOR VEHICLE,,4,0,CLOUDY,,NO UNUSUAL CONDITIONS - NO UNUSUAL CONDITIONS,,A,DAYLIGHT,,,,,,,A,NO PEDESTRIANS INVOLVED,,A,22350,,1,KELLER AV,2,,,A,,,CAMPUS DR,,,D,7/30/2024 5:14:34 PM,1/30/2025 9:11:56 AM,,,2,,,,,,,
2925456,20-002585,2,False,0109,1/14/2020 5:02:00 PM,1702,32X,14,109,Oakland,1,True,True,D,BROADSIDE,,Tuesday,,,M,,False,False,True,,C,OTHER MOTOR VEHICLE,,0,0,CLEAR,,NO UNUSUAL CONDITIONS - NO UNUSUAL CONDITIONS,,A,DAYLIGHT,,,,,,,A,NO PEDESTRIANS INVOLVED,,A,22450A,,1,100TH AV,2,,,A,,,A ST,,,D,7/30/2024 5:14:26 PM,1/30/2025 9:11:51 AM,,,2,,,,,,,
2925455,20-004515,2,False,0109,1/24/2020 4:47:00 PM,1647,31X,14,109,Oakland,1,True,True,D,BROADSIDE,,Friday,,,M,,False,False,False,,C,OTHER MOTOR VEHICLE,,0,0,CLEAR,,NO UNUSUAL CONDITIONS - NO UNUSUAL CONDITIONS,,A,DAYLIGHT,,,,,,,A,NO PEDESTRIANS INVOLVED,,A,22107,,1,85TH AV,2,,,A,N,202.0,ENTERPRISE WY,F,,D,7/30/2024 5:14:26 PM,1/30/2025 9:11:51 AM,,,2,,,,,,,
2925431,20-017530,2,False,0109,4/2/2020 8:50:00 AM,850,34X,14,109,Oakland,1,True,True,G,VEHICLE/PEDESTRAIN,,Thursday,,,M,,False,False,False,,B,PEDESTRIAN,,1,0,CLEAR,,NO UNUSUAL CONDITIONS - NO UNUSUAL CONDITIONS,,A,DAYLIGHT,,,,,,,F,NOT IN ROAD,,A,22106,,1,90TH AV,2,,,A,S,70.0,HOLLY ST,F,,D,7/30/2024 5:14:24 PM,1/30/2025 9:11:50 AM,,,2,,,,,,,
2925430,20-017898,2,False,0109,4/5/2020 10:12:00 PM,2212,21X,14,109,Oakland,1,True,True,A,HEAD-ON,,Sunday,,,,,False,False,False,,C,OTHER MOTOR VEHICLE,,1,0,CLEAR,,NO UNUSUAL CONDITIONS - NO UNUSUAL CONDITIONS,,C,DARK-STREET LIGHTS,,,,,,,A,NO PEDESTRIANS INVOLVED,,A,21453A,,1,FOOTHILL BL,1,,,A,,,FRUITVALE AV,,,A,7/30/2024 5:14:24 PM,1/30/2025 9:11:50 AM,,,2,,,,,,,
2925429,20-017691,2,False,0109,4/4/2020 11:21:00 AM,1121,35X,14,109,Oakland,1,True,True,D,BROADSIDE,,Saturday,,,,,False,False,False,,C,OTHER MOTOR VEHICLE,,2,0,CLOUDY,,NO UNUSUAL CONDITIONS - NO UNUSUAL CONDITIONS,,A,DAYLIGHT,,,,,,,A,NO PEDESTRIANS INVOLVED,,A,21453A,,1,98TH AV,2,,,B,,,BANCROFT AV,,,A,7/30/2024 5:14:24 PM,1/30/2025 9:11:50 AM,,,2,,,,,,,
2925427,20-018349,2,False,0109,4/8/2020 6:20:00 PM,1820,17X,14,109,Oakland,1,True,True,D,BROADSIDE,,Wednesday,,,M,,False,False,True,,C,OTHER MOTOR VEHICLE,,1,0,CLEAR,,NO UNUSUAL CONDITIONS - NO UNUSUAL CONDITIONS,,A,DAYLIGHT,,,,,,,A,NO PEDESTRIANS INVOLVED,,A,21453A,,1,BEAUMONT AV,1,,,A,,,MACARTHUR BL,,,A,7/30/2024 5:14:24 PM,1/30/2025 9:11:50 AM,,,2,,,,,,,
2925411,20-014394,2,False,0109,3/13/2020 3:00:00 PM,1500,20X,14,109,Oakland,1,True,True,G,VEHICLE/PEDESTRAIN,,Friday,,,M,,False,False,False,,B,PEDESTRIAN,,1,0,CLEAR,,NO UNUSUAL CONDITIONS - NO UNUSUAL CONDITIONS,,A,DAYLIGHT,,,,,,,D,CROSSING - NOT IN CROSSWALK,,A,21954A,,1,28TH AV,1,,,A,S,325.0,FOOTHILL AV,F,,D,7/30/2024 5:14:23 PM,1/30/2025 9:11:49 AM,,,2,,,,,,,
2925410,20-016568,2,False,0109,3/28/2020 2:02:00 PM,1402,28X,14,109,Oakland,1,True,True,E,HIT OBJECT,,Saturday,,,M,,False,False,False,,I,FIXED OBJECT,,1,0,CLOUDY,,NO UNUSUAL CONDITIONS - NO UNUSUAL CONDITIONS,,A,DAYLIGHT,,,,,,,A,NO PEDESTRIANS INVOLVED,,A,22350,,1,MACARTHUR,2,,,A,S,140.0,MILLSVIEW AV,F,,D,7/30/2024 5:14:22 PM,1/30/2025 9:11:49 AM,,,2,,,,,,,
2925409,20-011857,2,False,0109,3/1/2020 3:04:00 PM,1504,20X,14,109,Oakland,1,True,True,G,VEHICLE/PEDESTRAIN,,Sunday,,,,,False,False,False,,B,PEDESTRIAN,,1,0,CLEAR,,NO UNUSUAL CONDITIONS - NO UNUSUAL CONDITIONS,,A,DAYLIGHT,,,,,,,D,CROSSING - NOT IN CROSSWALK,,A,21954A,,1,29TH AV,1,,,A,N,2.0,GLASCOCK ST,F,,D,7/30/2024 5:14:22 PM,1/30/2025 9:11:49 AM,,,2,,,,,,,
2925408,20-014831,2,False,0109,3/16/2020 8:20:00 PM,2020,32Z,14,109,Oakland,1,True,True,C,REAR END,,Monday,,,,,False,False,False,,C,OTHER MOTOR VEHICLE,,1,0,CLEAR,,NO UNUSUAL CONDITIONS - NO UNUSUAL CONDITIONS,,A,DAYLIGHT,,,,,,,A,NO PEDESTRIANS INVOLVED,,A,22350,,1,INTERNATIONAL BL,2,,,A,E,30.0,102ND AV,F,,D,7/30/2024 5:14:22 PM,1/30/2025 9:11:49 AM,,,2,,,,,,,
2925407,20-014451,2,False,0109,3/14/2020 2:06:00 PM,1406,02X,14,109,Oakland,1,True,True,D,BROADSIDE,,Saturday,,,,,False,False,False,,C,OTHER MOTOR VEHICLE,,1,0,RAINING,,NO UNUSUAL CONDITIONS - NO UNUSUAL CONDITIONS,,A,DAYLIGHT,,,,,,,A,NO PEDESTRIANS INVOLVED,,A,21453A,,,12TH ST,1,,,B,,,MARKET ST,,,A,7/30/2024 5:14:22 PM,1/30/2025 9:11:49 AM,,,2,,,,,,,
2925406,20-016173,2,False,0109,3/25/2020 5:24:00 PM,1724,18X,14,109,Oakland,1,True,True,D,BROADSIDE,,Wednesday,,,,,False,False,False,,C,OTHER MOTOR VEHICLE,,3,0,CLEAR,,NO UNUSUAL CONDITIONS - NO UNUSUAL CONDITIONS,,A,DAYLIGHT,,,,,,,A,NO PEDESTRIANS INVOLVED,,A,22103,,1,FOOTHILL BL,2,,,A,E,25.0,19TH AV,F,,A,7/30/2024 5:14:22 PM,1/30/2025 9:11:49 AM,,,2,,,,,,,
2925089,20-019857,2,False,0109,4/18/2020 8:26:00 PM,2026,18Y,14,109,Oakland,1,True,True,D,BROADSIDE,,Saturday,,,M,,False,False,True,,E,PARKED MOTOR VEHICLE,,0,0,CLEAR,,NO UNUSUAL CONDITIONS - NO UNUSUAL CONDITIONS,,B,DUSK-DAWN,,,,,,,A,NO PEDESTRIANS INVOLVED,,A,22106,,1,E 25TH ST WY,1,,,A,E,200.0,HIGHLAND AV,F,,D,7/30/2024 5:13:57 PM,1/30/2025 9:11:29 AM,,,2,,,,,,,
2925086,20-020366,2,False,0109,4/22/2020 1:17:00 AM,117,26Y,14,109,Oakland,1,True,True,C,REAR END,,Wednesday,,,M,,False,False,True,,C,OTHER MOTOR VEHICLE,,0,0,CLEAR,,NO UNUSUAL CONDITIONS - NO UNUSUAL CONDITIONS,,C,DARK-STREET LIGHTS,,,,,,,A,NO PEDESTRIANS INVOLVED,,A,22350,,1,INTERNATIONAL BL,2,,,A,,,SEMINARY AV,,,A,7/30/2024 5:13:56 PM,1/30/2025 9:11:29 AM,,,2,,,,,,,
2925085,20-018546,2,False,0109,4/10/2020 6:23:00 AM,623,35Y,14,109,Oakland,1,True,True,E,HIT OBJECT,,Friday,,,M,,False,False,True,,I,FIXED OBJECT,,0,0,CLEAR,,NO UNUSUAL CONDITIONS - NO UNUSUAL CONDITIONS,,A,DAYLIGHT,,,,,,,A,NO PEDESTRIANS INVOLVED,,A,22107,,1,SKYLINE BL,2,,,A,W,390.0,KELLER AV,F,,D,7/30/2024 5:13:56 PM,1/30/2025 9:11:28 AM,,,2,,,,,,,
2925082,20-020449,2,False,0109,4/22/2020 2:20:00 PM,1420,29X,14,109,Oakland,1,True,True,B,SIDE SWIPE,,Wednesday,,,M,,False,False,True,,E,PARKED MOTOR VEHICLE,,0,0,CLEAR,,NO UNUSUAL CONDITIONS - NO UNUSUAL CONDITIONS,,A,DAYLIGHT,,,,,,,A,NO PEDESTRIANS INVOLVED,,A,22107,,1,FLEMING AV,2,,,A,W,212.0,SEMINARY AV,F,,D,7/30/2024 5:13:56 PM,1/30/2025 9:11:28 AM,,,2,,,,,,,
2925078,20-020161,2,False,0109,4/20/2020 9:16:00 PM,2116,22X,14,109,Oakland,1,True,True,A,HEAD-ON,,Monday,,,,,False,False,True,,C,OTHER MOTOR VEHICLE,,0,0,CLEAR,,NO UNUSUAL CONDITIONS - NO UNUSUAL CONDITIONS,,C,DARK-STREET LIGHTS,,,,,,,A,NO PEDESTRIANS INVOLVED,,A,22107,,1,DAMUTH ST,1,,,A,,,FRUITVALE AV,,,D,7/30/2024 5:13:56 PM,1/30/2025 9:11:28 AM,,,2,,,,,,,
2925074,20-019838,2,False,0109,4/18/2020 6:55:00 PM,1855,20X,14,109,Oakland,1,True,True,B,SIDE SWIPE,,Saturday,,,,,False,False,False,,C,OTHER MOTOR VEHICLE,,0,0,CLEAR,,NO UNUSUAL CONDITIONS - NO UNUSUAL CONDITIONS,,B,DUSK-DAWN,,,,,,,A,NO PEDESTRIANS INVOLVED,,A,22107,,1,FOOTHILL BL,1,,,A,W,25.0,MITCHELL ST,F,,D,7/30/2024 5:13:56 PM,1/30/2025 9:11:27 AM,,,2,,,,,,,
2925069,20-018272,2,False,0109,4/8/2020 9:47:00 AM,947,21X,14,109,Oakland,1,True,True,C,REAR END,,Wednesday,,,,,False,False,False,,E,PARKED MOTOR VEHICLE,,1,0,CLEAR,,NO UNUSUAL CONDITIONS - NO UNUSUAL CONDITIONS,,A,DAYLIGHT,,,,,,,A,NO PEDESTRIANS INVOLVED,,C,,,,23RD AV,1,,,A,,,26TH ST,,,A,7/30/2024 5:13:55 PM,1/30/2025 9:11:27 AM,,,2,,,,,,,
2925065,20-019325,2,False,0109,4/15/2020 10:22:00 AM,1022,21X,14,109,Oakland,1,True,True,A,HEAD-ON,,Wednesday,,,,,False,False,False,,C,OTHER MOTOR VEHICLE,,1,0,CLEAR,,NO UNUSUAL CONDITIONS - NO UNUSUAL CONDITIONS,,A,DAYLIGHT,,,,,,,A,NO PEDESTRIANS INVOLVED,,A,22107,,1,BROOKDALE AV,1,,,B,W,200.0,COOLIDGE AV,F,,D,7/30/2024 5:13:55 PM,1/30/2025 9:11:27 AM,,,2,,,,,,,
2925061,20-019999,2,False,0109,4/19/2020 11:16:00 PM,2316,32X,14,109,Oakland,1,True,True,D,BROADSIDE,,Sunday,,,M,,False,False,True,,C,OTHER MOTOR VEHICLE,,1,0,CLEAR,,NO UNUSUAL CONDITIONS - NO UNUSUAL CONDITIONS,,C,DARK-STREET LIGHTS,,,,,,,A,NO PEDESTRIANS INVOLVED,,A,21453A,,1,SAN LEANDRO ST,2,,,,,,98TH AV,,,A,7/30/2024 5:13:55 PM,1/30/2025 9:11:26 AM,,,2,,,,,,,
2925049,20-014145,2,False,0109,3/12/2020 2:00:00 PM,1400,02X,14,109,Oakland,1,True,True,B,SIDE SWIPE,,Thursday,,,M,,False,False,False,,E,PARKED MOTOR VEHICLE,,0,0,CLEAR,,NO UNUSUAL CONDITIONS - NO UNUSUAL CONDITIONS,,A,DAYLIGHT,,,,,,,A,NO PEDESTRIANS INVOLVED,,A,22107,,1,8TH ST,1,,,A,N,30.0,WOOD ST,F,,D,7/30/2024 5:13:54 PM,1/30/2025 9:11:25 AM,,,2,,,,,,,
2925034,20-015965,2,False,0109,3/24/2020 10:10:00 AM,1010,17X,14,109,Oakland,1,True,True,B,SIDE SWIPE,,Tuesday,,,,,False,False,False,,C,OTHER MOTOR VEHICLE,,0,0,CLEAR,,NO UNUSUAL CONDITIONS - NO UNUSUAL CONDITIONS,,A,DAYLIGHT,,,,,,,A,NO PEDESTRIANS INVOLVED,,A,21801A,,1,BEAUMONT AV,1,,,A,,,MACARTHUR BL,,,A,7/30/2024 5:13:53 PM,1/30/2025 9:11:24 AM,,,2,,,,,,,
2925025,20-013862,2,False,0109,3/11/2020 1:35:00 PM,1335,08X,14,109,Oakland,1,True,True,G,VEHICLE/PEDESTRAIN,,Wednesday,,,,,False,False,True,,G,BICYCLE,,1,0,CLEAR,,NO UNUSUAL CONDITIONS - NO UNUSUAL CONDITIONS,,A,DAYLIGHT,,,,,,,B,CROSSING IN CROSS WALK AT INTERSECTION,,A,21453A,,1,51ST ST,1,,,A,,,SHAFTER AV,,,A,7/30/2024 5:13:52 PM,1/30/2025 9:11:24 AM,,,2,,,,,,,
2925023,20-017073,2,False,0109,3/31/2020 3:58:00 PM,1558,06X,14,109,Oakland,1,True,True,D,BROADSIDE,,Tuesday,,,,,False,False,False,,C,OTHER MOTOR VEHICLE,,1,0,CLEAR,,NO UNUSUAL CONDITIONS - NO UNUSUAL CONDITIONS,,A,DAYLIGHT,,,,,,,A,NO PEDESTRIANS INVOLVED,,A,21800A,,1,MARTIN LUTHER KING JR WY,1,,,A,,,32ND ST,,,A,7/30/2024 5:13:52 PM,1/30/2025 9:11:24 AM,,,2,,,,,,,
2924837,20-016747,2,False,0109,3/20/2020 5:29:00 PM,1729,19X,14,109,Oakland,1,True,True,B,SIDE SWIPE,,Friday,,,M,,False,False,False,,C,OTHER MOTOR VEHICLE,,0,0,CLEAR,,NO UNUSUAL CONDITIONS - NO UNUSUAL CONDITIONS,,A,DAYLIGHT,,,,,,,A,NO PEDESTRIANS INVOLVED,,A,22107,,1,E 12TH ST,1,,,A,,,17TH AV,,,D,7/30/2024 5:13:39 PM,1/30/2025 9:11:15 AM,,,2,,,,,,,
2924833,20-014515,2,False,0109,3/14/2020 9:56:00 PM,2156,26X,14,109,Oakland,1,True,True,C,REAR END,,Saturday,,,,,False,False,False,,C,OTHER MOTOR VEHICLE,,0,0,CLEAR,,NO UNUSUAL CONDITIONS - NO UNUSUAL CONDITIONS,,C,DARK-STREET LIGHTS,,,,,,,A,NO PEDESTRIANS INVOLVED,,D,,,,73RD AV,2,,,B,,,HALLIDAY AV,,,D,7/30/2024 5:13:38 PM,1/30/2025 9:11:15 AM,,,2,,,,,,,
2924717,20-012919,2,False,0109,3/6/2020 7:31:00 PM,1931,34X,14,109,Oakland,1,True,True,G,VEHICLE/PEDESTRAIN,,Friday,,,M,,False,False,False,,E,PARKED MOTOR VEHICLE,,0,0,CLEAR,,NO UNUSUAL CONDITIONS - NO UNUSUAL CONDITIONS,,C,DARK-STREET LIGHTS,,,,,,,A,NO PEDESTRIANS INVOLVED,,A,22107,,1,84TH AV,2,,,A,S,15.0,HOLLY AV,F,,D,7/30/2024 5:13:29 PM,1/30/2025 9:11:10 AM,,,2,,,,,,,
2924710,20-016178,2,False,0109,3/25/2020 5:45:00 PM,1745,25X,14,109,Oakland,1,True,True,D,BROADSIDE,,Wednesday,,,,,False,False,False,,C,OTHER MOTOR VEHICLE,,0,0,CLEAR,,NO UNUSUAL CONDITIONS - NO UNUSUAL CONDITIONS,,A,DAYLIGHT,,,,,,,A,NO PEDESTRIANS INVOLVED,,A,21802A,,1,MOUNTAIN BL,2,,,A,,,SHONE  AV,,,A,7/30/2024 5:13:28 PM,1/30/2025 9:11:09 AM,,,2,,,,,,,
2924707,20-013696,2,False,0109,3/10/2020 3:54:00 PM,1554,33X,14,109,Oakland,1,True,True,B,SIDE SWIPE,,Tuesday,,,,,False,False,True,,E,PARKED MOTOR VEHICLE,,0,0,CLEAR,,NO UNUSUAL CONDITIONS - NO UNUSUAL CONDITIONS,,A,DAYLIGHT,,,,,,,A,NO PEDESTRIANS INVOLVED,,A,22350,,1,84TH AV,2,,,A,S,50.0,D ST,F,,D,7/30/2024 5:13:28 PM,1/30/2025 9:11:09 AM,,,2,,,,,,,
2924705,20-017103,2,False,0109,3/31/2020 7:25:00 PM,1925,33X,14,109,Oakland,1,True,True,B,SIDE SWIPE,,Tuesday,,,,,False,False,False,,C,OTHER MOTOR VEHICLE,,0,0,CLOUDY,,NO UNUSUAL CONDITIONS - NO UNUSUAL CONDITIONS,,B,DUSK-DAWN,,,,,,,A,NO PEDESTRIANS INVOLVED,,A,22106,,1,87TH AV,2,,,A,,,B ST,,,A,7/30/2024 5:13:28 PM,1/30/2025 9:11:09 AM,,,2,,,,,,,
2924676,20-011528,2,False,0109,2/28/2020 1:42:00 PM,1342,02X,14,109,Oakland,1,True,True,B,SIDE SWIPE,,Friday,,,,,False,False,False,,C,OTHER MOTOR VEHICLE,,0,0,CLEAR,,NO UNUSUAL CONDITIONS - NO UNUSUAL CONDITIONS,,A,DAYLIGHT,,,,,,,A,NO PEDESTRIANS INVOLVED,,A,22350,,1,7TH ST,1,,,A,E,40.0,ADELINE ST,F,,A,7/30/2024 5:13:26 PM,1/30/2025 9:11:08 AM,,,2,,,,,,,
2924616,20-014022,2,False,0109,3/12/2020 8:22:00 AM,822,15X,14,109,Oakland,1,True,True,C,REAR END,,Thursday,,,M,,False,False,False,,E,PARKED MOTOR VEHICLE,,0,0,CLEAR,,NO UNUSUAL CONDITIONS - NO UNUSUAL CONDITIONS,,A,DAYLIGHT,,,,,,,A,NO PEDESTRIANS INVOLVED,,A,22107,,1,LAKESHORE BL,1,,,A,S,150.0,WAYNE PL,F,,D,7/30/2024 5:13:22 PM,1/30/2025 9:11:05 AM,,,2,,,,,,,
2924612,20-013912,2,False,0109,3/11/2020 5:41:00 PM,1741,09X,14,109,Oakland,1,True,True,D,BROADSIDE,,Wednesday,,,,,False,False,False,,G,BICYCLE,,1,0,CLEAR,,NO UNUSUAL CONDITIONS - NO UNUSUAL CONDITIONS,,A,DAYLIGHT,,,,,,,A,NO PEDESTRIANS INVOLVED,,A,21801A,,1,GLEN AV,0,,,A,E,150.0,PIEDMONT AV,F,,A,7/30/2024 5:13:21 PM,1/30/2025 9:11:04 AM,,,2,,,,,,,
2924608,20-016037,2,False,0109,3/24/2020 6:08:00 PM,1808,09X,14,109,Oakland,1,True,True,D,BROADSIDE,,Tuesday,,,,,False,False,True,,C,OTHER MOTOR VEHICLE,,0,0,RAINING,,NO UNUSUAL CONDITIONS - NO UNUSUAL CONDITIONS,,A,DAYLIGHT,,,,,,,A,NO PEDESTRIANS INVOLVED,,A,21453A,,1,HARRISON ST,1,,,B,,,MACARTHUR BL,,,A,7/30/2024 5:13:21 PM,1/30/2025 9:11:04 AM,,,2,,,,,,,
2924559,20-016801,2,False,0109,3/30/2020 2:01:00 AM,201,30Y,14,109,Oakland,1,True,True,H,OTHER,,Monday,,,,,False,False,True,,I,FIXED OBJECT,,0,0,CLEAR,,NO UNUSUAL CONDITIONS - NO UNUSUAL CONDITIONS,,C,DARK-STREET LIGHTS,,,,,,,A,NO PEDESTRIANS INVOLVED,,A,22107,,1,BANCROFT AV,2,,,A,W,30.0,68TH AV,F,,D,7/30/2024 5:13:18 PM,1/30/2025 9:11:02 AM,,,2,,,,,,,
2924555,20-012769,2,False,0109,3/6/2020 12:29:00 AM,29,33X,14,109,Oakland,1,True,True,E,HIT OBJECT,,Friday,,,M,,False,False,False,,I,FIXED OBJECT,,0,0,CLEAR,,NO UNUSUAL CONDITIONS - NO UNUSUAL CONDITIONS,,C,DARK-STREET LIGHTS,,,,,,,A,NO PEDESTRIANS INVOLVED,,A,21663,,1,97TH AV,2,,,A,N,50.0,B ST,F,,D,7/30/2024 5:13:18 PM,1/30/2025 9:11:02 AM,,,2,,,,,,,
2944476,20-026029,2,False,0109,5/26/2020 11:00:00 AM,1100,32X,14,109,Oakland,1,True,True,C,REAR END,,Tuesday,,,M,,False,False,False,,C,OTHER MOTOR VEHICLE,,0,0,CLEAR,,NO UNUSUAL CONDITIONS - NO UNUSUAL CONDITIONS,,A,DAYLIGHT,,,,,,,A,NO PEDESTRIANS INVOLVED,,A,22107,,1,105TH AV,2,,,A,N,120.0,ROYAL ANN,F,,A,7/30/2024 5:44:09 PM,1/30/2025 9:28:38 AM,,,2,,,,,,,
2944291,20-023665,2,False,0109,8/12/2020 10:59:00 AM,1059,31X,14,109,Oakland,1,True,True,D,BROADSIDE,,Wednesday,,,,,False,False,False,,C,OTHER MOTOR VEHICLE,,2,0,CLOUDY,,,,A,DAYLIGHT,,,,,,,A,NO PEDESTRIANS INVOLVED,,C,,,,98TH AV,2,,,A,,,AIRPORT ACCESS RD,,,B,7/30/2024 5:43:48 PM,1/30/2025 9:28:26 AM,,,2,,,,,,,
2944287,0-020620,2,False,0109,4/23/2020 3:40:00 PM,1540,312,14,109,Oakland,1,True,True,B,SIDE SWIPE,,Thursday,,,,,False,False,False,,C,OTHER MOTOR VEHICLE,,0,0,CLEAR,,NO UNUSUAL CONDITIONS - NO UNUSUAL CONDITIONS,,A,DAYLIGHT,,,,,,,A,NO PEDESTRIANS INVOLVED,,A,22107,,1,66TH AV,2,,,,S,90.0,SAN LEANDRO BL,F,,D,7/30/2024 5:43:47 PM,1/30/2025 9:28:25 AM,,,2,,,,,,,
2944008,20-012954,2,False,0109,3/6/2020 11:34:00 PM,2334,19X,14,109,Oakland,1,True,True,C,REAR END,,Friday,,,M,,False,False,False,,C,OTHER MOTOR VEHICLE,,0,0,CLEAR,,NO UNUSUAL CONDITIONS - NO UNUSUAL CONDITIONS,,C,DARK-STREET LIGHTS,,,,,,,A,NO PEDESTRIANS INVOLVED,,A,22350,,1,INTERNATIONAL BL,1,,,A,E,30.0,14TH AV,F,,A,7/30/2024 5:43:19 PM,1/30/2025 9:28:09 AM,,,2,,,,,,,
2943677,20-016042,2,False,0109,3/24/2020 6:25:00 PM,1825,19X,14,109,Oakland,1,True,True,D,BROADSIDE,,Tuesday,,,,,False,False,True,,C,OTHER MOTOR VEHICLE,,0,0,RAINING,,NO UNUSUAL CONDITIONS - NO UNUSUAL CONDITIONS,,A,DAYLIGHT,,,,,,,A,NO PEDESTRIANS INVOLVED,,A,22450A,,1,9TH AV,1,,,B,,,E 15TH ST,,,A,7/30/2024 5:42:44 PM,1/30/2025 9:27:51 AM,,,2,,,,,,,
2943675,20-015313,2,False,0109,3/19/2020 10:00:00 PM,2200,24X,14,109,Oakland,1,True,True,B,SIDE SWIPE,,Thursday,,,M,,False,False,True,,E,PARKED MOTOR VEHICLE,,0,0,CLEAR,,NO UNUSUAL CONDITIONS - NO UNUSUAL CONDITIONS,,C,DARK-STREET LIGHTS,,,,,,,A,NO PEDESTRIANS INVOLVED,,A,23152A,,1,SUTER ST,2,,,A,E,20.0,38TH AV,F,,A,7/30/2024 5:42:43 PM,1/30/2025 9:27:51 AM,,,2,,,,,,,