collision-id,report-number,report-version,is-preliminary,ncic-code,crash-date-time,crash-time-description,beat,city-id,city-code,city-name,county-code,city-is-active,city-is-incorporated,collision-type-code,collision-type-description,collision-type-other-desc,day-of-week,dispatch-notified,has-photographs,hit-run,is-attachments-mailed,is-deleted,is-highway-related,is-tow-away,judicial-district,motor-vehicle-involved-with-code,motor-vehicle-involved-with-desc,motor-vehicle-involved-with-other-desc,number-injured,number-killed,weather-1,weather-2,road-condition-1,road-condition-2,special-condition-lighting-code,lighting-description,latitude,longitude,milepost-direction,milepost-distance,milepost-marker,milepost-unit-of-measure,pedestrian-action-code,pedestrian-action-desc,prepared-date,primary-collision-factor-code,primary-collision-factor-violation,primary-collision-factor-is-cited,primary-collision-party-number,primary-road,reporting-district,reporting-district-code,reviewed-date,roadway-surface-code,secondary-direction,secondary-distance,secondary-road,secondary-unit-of-measure,sketch-desc,traffic-control-device-code,created-date,modified-date,is-county-road,is-freeway,chp-555-version,is-additonal-object-struck,notification-date,notification-time-description,has-digital-media-files,evidence-number,is-location-refer-to-narrative,is-aoi-one-same-as-location
2937782,20-020427,2,False,0109,4/22/2020 11:31:00 AM,1131,30X,14,109,Oakland,1,True,True,D,BROADSIDE,,Wednesday,,,,,False,False,False,,C,OTHER MOTOR VEHICLE,,3,0,CLEAR,,NO UNUSUAL CONDITIONS - NO UNUSUAL CONDITIONS,,A,DAYLIGHT,,,,,,,A,NO PEDESTRIANS INVOLVED,,A,21453A,,1,RITCHIE ST,2,,,A,,,MACARTHUR BL,,,A,7/30/2024 5:32:25 PM,1/30/2025 9:22:32 AM,,,2,,,,,,,
2937781,20-020674,2,False,0109,4/23/2020 8:42:00 PM,2042,29X,14,109,Oakland,1,True,True,G,VEHICLE/PEDESTRAIN,,Thursday,,,,,False,False,False,,B,PEDESTRIAN,,1,0,CLEAR,,NO UNUSUAL CONDITIONS - NO UNUSUAL CONDITIONS,,C,DARK-STREET LIGHTS,,,,,,,D,CROSSING - NOT IN CROSSWALK,,A,21456B,,1,MACARTHUR BL,2,,,A,E,10.0,64TH AV,F,,A,7/30/2024 5:32:25 PM,1/30/2025 9:22:32 AM,,,2,,,,,,,
2937780,20-020809,2,False,0109,4/24/2020 5:00:00 PM,1700,09X,14,109,Oakland,1,True,True,D,BROADSIDE,,Friday,,,,,False,False,False,,C,OTHER MOTOR VEHICLE,,2,0,CLEAR,,NO UNUSUAL CONDITIONS - NO UNUSUAL CONDITIONS,,A,DAYLIGHT,,,,,,,A,NO PEDESTRIANS INVOLVED,,A,22450A,,1,HARRISON ST,1,,,A,,,MOSS AV,,,A,7/30/2024 5:32:24 PM,1/30/2025 9:22:32 AM,,,2,,,,,,,
2937738,20-022786,2,False,0109,5/6/2020 1:25:00 PM,1325,30,14,109,Oakland,1,True,True,C,REAR END,,Wednesday,,,M,,False,False,False,,,,,0,0,CLEAR,,NO UNUSUAL CONDITIONS - NO UNUSUAL CONDITIONS,,A,DAYLIGHT,,,,,,,A,NO PEDESTRIANS INVOLVED,,A,22107,,1,IDLEWOOD ST,2,,,,W,50.0,82ND AV,F,,B,7/30/2024 5:32:21 PM,1/30/2025 9:22:29 AM,,,2,,,,,,,
2937737,20-023660,2,False,0109,5/12/2020 9:31:00 AM,931,02,14,109,Oakland,1,True,True,C,REAR END,,Tuesday,,,,,False,False,False,,C,OTHER MOTOR VEHICLE,,0,0,CLEAR,,NO UNUSUAL CONDITIONS - NO UNUSUAL CONDITIONS,,A,DAYLIGHT,,,,,,,A,NO PEDESTRIANS INVOLVED,,A,22107,,1,FRONTAGE RD,1,,,A,N,300.0,7TH ST,F,,D,7/30/2024 5:32:21 PM,1/30/2025 9:22:29 AM,,,2,,,,,,,
2937736,20-023837,2,False,0109,5/13/2020 9:51:00 AM,951,26,14,109,Oakland,1,True,True,D,BROADSIDE,,Wednesday,,,,,False,False,False,,C,OTHER MOTOR VEHICLE,,0,0,CLOUDY,,NO UNUSUAL CONDITIONS - NO UNUSUAL CONDITIONS,,A,DAYLIGHT,,,,,,,A,NO PEDESTRIANS INVOLVED,,A,22107,,1,66TH AV,2,,,,,,SAN LEANDRO ST,,,A,7/30/2024 5:32:20 PM,1/30/2025 9:22:29 AM,,,2,,,,,,,
2937735,20-023633,2,False,0109,5/12/2020 7:30:00 AM,730,31,14,109,Oakland,1,True,True,E,HIT OBJECT,,Tuesday,,,,,False,False,False,,I,FIXED OBJECT,,0,0,CLEAR,,OTHER* - OTHER*,,A,DAYLIGHT,,,,,,,A,NO PEDESTRIANS INVOLVED,,A,22107,,1,HEGENBERGER,2,,,B,,,AT LEET DR,,,A,7/30/2024 5:32:20 PM,1/30/2025 9:22:29 AM,,,2,,,,,,,
2937734,20--022493,2,False,0109,5/5/2020 2:43:00 AM,243,33,14,109,Oakland,1,True,True,A,HEAD-ON,,Tuesday,,,,,False,False,False,,I,FIXED OBJECT,,0,0,CLEAR,,NO UNUSUAL CONDITIONS - NO UNUSUAL CONDITIONS,,C,DARK-STREET LIGHTS,,,,,,,A,NO PEDESTRIANS INVOLVED,,A,22107,,1,98TH AV,2,,,A,N,0.0,A ST,F,,D,7/30/2024 5:32:20 PM,1/30/2025 9:22:29 AM,,,2,,,,,,,
2937642,20-023908,2,False,0109,5/13/2020 5:03:00 PM,1703,10X,14,109,Oakland,1,True,True,B,SIDE SWIPE,,Wednesday,,,,,False,False,False,,C,OTHER MOTOR VEHICLE,,0,0,CLEAR,,NO UNUSUAL CONDITIONS - NO UNUSUAL CONDITIONS,,A,DAYLIGHT,,,,,,,A,NO PEDESTRIANS INVOLVED,,A,21802A,,1,MARKET ST,1,,,A,,,62ND ST,,,A,7/30/2024 5:32:12 PM,1/30/2025 9:22:24 AM,,,2,,,,,,,
2937641,20-024234,2,False,0109,5/15/2020 12:40:00 PM,1240,35X,14,109,Oakland,1,True,True,B,SIDE SWIPE,,Friday,,,,,False,False,False,,I,FIXED OBJECT,,0,0,CLEAR,,NO UNUSUAL CONDITIONS - NO UNUSUAL CONDITIONS,,A,DAYLIGHT,,,,,,,A,NO PEDESTRIANS INVOLVED,,A,22107,,1,GRASS VALLEY RD,2,,,A,,,SUN VALLEY DR,,,A,7/30/2024 5:32:12 PM,1/30/2025 9:22:24 AM,,,2,,,,,,,
2937640,20-023302,2,False,0109,5/9/2020 9:47:00 PM,2147,19X,14,109,Oakland,1,True,True,C,REAR END,,Saturday,,,,,False,False,False,,C,OTHER MOTOR VEHICLE,,0,0,CLEAR,,NO UNUSUAL CONDITIONS - NO UNUSUAL CONDITIONS,,C,DARK-STREET LIGHTS,,,,,,,A,NO PEDESTRIANS INVOLVED,,A,22350,,1,INTERNATIONAL BL,1,,,A,W,60.0,23RD AV,F,,A,7/30/2024 5:32:12 PM,1/30/2025 9:22:24 AM,,,2,,,,,,,
2937639,20-024253,2,False,0109,5/15/2020 3:53:00 PM,1553,07X,14,109,Oakland,1,True,True,D,BROADSIDE,,Friday,,,,,False,False,False,,C,OTHER MOTOR VEHICLE,,0,0,CLEAR,,NO UNUSUAL CONDITIONS - NO UNUSUAL CONDITIONS,,A,DAYLIGHT,,,,,,,A,NO PEDESTRIANS INVOLVED,,A,21802A,,1,24TH ST,1,,,A,,,ADELINE ST,,,A,7/30/2024 5:32:12 PM,1/30/2025 9:22:23 AM,,,2,,,,,,,
2937638,20-022579,2,False,0109,5/5/2020 1:29:00 PM,1329,22X,14,109,Oakland,1,True,True,C,REAR END,,Tuesday,,,,,False,False,False,,C,OTHER MOTOR VEHICLE,,0,0,CLEAR,,NO UNUSUAL CONDITIONS - NO UNUSUAL CONDITIONS,,A,DAYLIGHT,,,,,,,A,NO PEDESTRIANS INVOLVED,,A,22107,,1,DELAWARE ST,1,,,A,W,25.0,MAPLE AV,F,,D,7/30/2024 5:32:12 PM,1/30/2025 9:22:24 AM,,,2,,,,,,,
2937637,20-023981,2,False,0109,5/14/2020 1:17:00 AM,117,31Y,14,109,Oakland,1,True,True,A,HEAD-ON,,Thursday,,,,,False,False,False,,C,OTHER MOTOR VEHICLE,,0,0,CLEAR,,NO UNUSUAL CONDITIONS - NO UNUSUAL CONDITIONS,,C,DARK-STREET LIGHTS,,,,,,,A,NO PEDESTRIANS INVOLVED,,A,21801A,,1,EDES AV,2,,,A,,,98TH AV,,,A,7/30/2024 5:32:12 PM,1/30/2025 9:22:23 AM,,,2,,,,,,,
2937636,20-023599,2,False,0109,5/12/2020 12:01:00 AM,1,23X,14,109,Oakland,1,True,True,B,SIDE SWIPE,,Tuesday,,,,,False,False,True,,C,OTHER MOTOR VEHICLE,,0,0,CLEAR,,OBSTRUCTION ON ROADWAY* - OBSTRUCTION ON ROADWAY*,,C,DARK-STREET LIGHTS,,,,,,,A,NO PEDESTRIANS INVOLVED,,A,21754,,1,INTERNATIONAL BL,2,,,A,E,8.0,33RD AV,F,,D,7/30/2024 5:32:12 PM,1/30/2025 9:22:23 AM,,,2,,,,,,,
2937635,20-024896,2,False,0109,5/19/2020 4:05:00 PM,1605,30Y,14,109,Oakland,1,True,True,D,BROADSIDE,,Tuesday,,,M,,False,False,False,,C,OTHER MOTOR VEHICLE,,0,0,CLEAR,,NO UNUSUAL CONDITIONS - NO UNUSUAL CONDITIONS,,A,DAYLIGHT,,,,,,,A,NO PEDESTRIANS INVOLVED,,A,22450A,,1,76TH AV,2,,,A,,,GARFIELD AV,,,A,7/30/2024 5:32:12 PM,1/30/2025 9:22:23 AM,,,2,,,,,,,
2937634,20-024090,2,False,0109,5/14/2020 1:56:00 PM,1356,29X,14,109,Oakland,1,True,True,B,SIDE SWIPE,,Thursday,,,M,,False,False,False,,C,OTHER MOTOR VEHICLE,,0,0,CLEAR,,NO UNUSUAL CONDITIONS - NO UNUSUAL CONDITIONS,,A,DAYLIGHT,,,,,,,A,NO PEDESTRIANS INVOLVED,,A,22107,,1,MACARTHUR BL,2,,,A,W,50.0,64TH AV,F,,D,7/30/2024 5:32:11 PM,1/30/2025 9:22:23 AM,,,2,,,,,,,
2937633,20-024086,2,False,0109,5/14/2020 2:00:00 PM,1400,29X,14,109,Oakland,1,True,True,C,REAR END,,Thursday,,,M,,False,False,False,,E,PARKED MOTOR VEHICLE,,0,0,CLEAR,,NO UNUSUAL CONDITIONS - NO UNUSUAL CONDITIONS,,A,DAYLIGHT,,,,,,,A,NO PEDESTRIANS INVOLVED,,A,22107,,1,69TH AV,2,,,A,S,80.0,LACEY AV,F,,D,7/30/2024 5:32:11 PM,1/30/2025 9:22:23 AM,,,2,,,,,,,
2937632,20-022839,2,False,0109,5/6/2020 9:26:00 PM,2126,31Y,14,109,Oakland,1,True,True,A,HEAD-ON,,Wednesday,,,M,,False,False,True,,C,OTHER MOTOR VEHICLE,,0,0,CLEAR,,NO UNUSUAL CONDITIONS - NO UNUSUAL CONDITIONS,,C,DARK-STREET LIGHTS,,,,,,,A,NO PEDESTRIANS INVOLVED,,A,22450A,,1,EDES AV,2,,,A,,,MADDUX DR,,,D,7/30/2024 5:32:11 PM,1/30/2025 9:22:23 AM,,,2,,,,,,,
2937631,20-024318,2,False,0109,5/16/2020 2:38:00 AM,238,21Y,14,109,Oakland,1,True,True,A,HEAD-ON,,Saturday,,,M,,False,False,True,,E,PARKED MOTOR VEHICLE,,0,0,CLEAR,,NO UNUSUAL CONDITIONS - NO UNUSUAL CONDITIONS,,C,DARK-STREET LIGHTS,,,,,,,A,NO PEDESTRIANS INVOLVED,,A,22107,,1,FRUITVALE AV,1,,,A,S,52.0,BROOKDALE AV,F,,D,7/30/2024 5:32:11 PM,1/30/2025 9:22:23 AM,,,2,,,,,,,
2937629,20-023067,2,False,0109,5/8/2020 9:40:00 AM,940,31Z,14,109,Oakland,1,True,True,B,SIDE SWIPE,,Friday,,,M,,False,False,False,,E,PARKED MOTOR VEHICLE,,0,0,CLEAR,,NO UNUSUAL CONDITIONS - NO UNUSUAL CONDITIONS,,A,DAYLIGHT,,,,,,,A,NO PEDESTRIANS INVOLVED,,A,22107,,1,105TH AV,2,,,A,N,150.0,EDES AV,F,,A,7/30/2024 5:32:11 PM,1/30/2025 9:22:23 AM,,,2,,,,,,,
2937583,20-012863,2,False,0109,3/6/2020 12:53:00 PM,1253,04X,14,109,Oakland,1,True,True,H,OTHER,,Friday,,,,,False,False,False,,E,PARKED MOTOR VEHICLE,,0,0,CLOUDY,,NO UNUSUAL CONDITIONS - NO UNUSUAL CONDITIONS,,A,DAYLIGHT,,,,,,,A,NO PEDESTRIANS INVOLVED,,B,,,1,SAN PABLO AV,1,,,A,S,46.0,160TH AV,F,,D,7/30/2024 5:32:07 PM,1/30/2025 9:22:20 AM,,,2,,,,,,,
2937577,20-018680,2,False,0109,4/11/2020 5:27:00 AM,527,17X,14,109,Oakland,1,True,True,D,BROADSIDE,,Saturday,,,M,,False,False,True,,C,OTHER MOTOR VEHICLE,,0,0,CLEAR,,NO UNUSUAL CONDITIONS - NO UNUSUAL CONDITIONS,,C,DARK-STREET LIGHTS,,,,,,,A,NO PEDESTRIANS INVOLVED,,A,22450A,,1,STUART ST,1,,,A,,,E 32ND ST,,,A,7/30/2024 5:32:06 PM,1/30/2025 9:22:20 AM,,,2,,,,,,,
2937488,20-017048,2,False,0109,3/31/2020 1:55:00 PM,1355,24X,14,109,Oakland,1,True,True,D,BROADSIDE,,Tuesday,,,M,,False,False,True,,C,OTHER MOTOR VEHICLE,,0,0,CLEAR,,NO UNUSUAL CONDITIONS - NO UNUSUAL CONDITIONS,,A,DAYLIGHT,,,,,,,A,NO PEDESTRIANS INVOLVED,,A,21804A,,1,FOOTHILL BL,2,,,A,W,10.0,BRIDGE AV,F,,D,7/30/2024 5:31:57 PM,1/30/2025 9:22:15 AM,,,2,,,,,,,
2937482,20-011760,2,False,0109,2/29/2020 9:41:00 PM,2141,34X,14,109,Oakland,1,True,True,C,REAR END,,Saturday,,,,,False,False,False,,C,OTHER MOTOR VEHICLE,,1,0,CLEAR,,NO UNUSUAL CONDITIONS - NO UNUSUAL CONDITIONS,,C,DARK-STREET LIGHTS,,,,,,,A,NO PEDESTRIANS INVOLVED,,A,22350,,1,BANCROFT AV,2,,,A,W,40.0,90TH AV,F,,D,7/30/2024 5:31:57 PM,1/30/2025 9:22:15 AM,,,2,,,,,,,
2937470,20-006598,2,False,0109,2/3/2020 1:44:00 PM,1344,33X,14,109,Oakland,1,True,True,B,SIDE SWIPE,,Monday,,,,,False,False,False,,E,PARKED MOTOR VEHICLE,,0,0,CLEAR,,NO UNUSUAL CONDITIONS - NO UNUSUAL CONDITIONS,,A,DAYLIGHT,,,,,,,A,NO PEDESTRIANS INVOLVED,,A,22107,,1,82ND AV,2,,,A,S,15.0,INTERNATIONAL BL,F,,A,7/30/2024 5:31:56 PM,1/30/2025 9:22:15 AM,,,2,,,,,,,
2937466,20-018016,2,False,0109,4/6/2020 4:45:00 PM,1645,02X,14,109,Oakland,1,True,True,B,SIDE SWIPE,,Monday,,,,,False,False,False,,C,OTHER MOTOR VEHICLE,,0,0,CLOUDY,,NO UNUSUAL CONDITIONS - NO UNUSUAL CONDITIONS,,A,DAYLIGHT,,,,,,,A,NO PEDESTRIANS INVOLVED,,A,21806A,,1,8TH ST,1,,,B,W,230.0,ADELINE ST,F,,D,7/30/2024 5:31:55 PM,1/30/2025 9:22:14 AM,,,2,,,,,,,
2937417,20-18021,2,False,0109,4/6/2020 6:30:00 PM,1830,02Y,14,109,Oakland,1,True,True,E,HIT OBJECT,,Monday,,,,,False,True,False,,I,FIXED OBJECT,,0,0,CLOUDY,,NO UNUSUAL CONDITIONS - NO UNUSUAL CONDITIONS,,A,DAYLIGHT,,,,,,,A,NO PEDESTRIANS INVOLVED,,B,,,1,RT 880,1,,,B,S,165.0,7TH ST,F,,A,7/30/2024 5:31:51 PM,1/30/2025 9:22:12 AM,,,2,,,,,,,
2937412,20-008617,2,False,0109,2/13/2020 10:20:00 AM,1020,03X,14,109,Oakland,1,True,True,B,SIDE SWIPE,,Thursday,,,,,False,False,False,,G,BICYCLE,,0,0,CLOUDY,,NO UNUSUAL CONDITIONS - NO UNUSUAL CONDITIONS,,A,DAYLIGHT,,,,,,,A,NO PEDESTRIANS INVOLVED,,B,,,1,WASHINGTON ST,1,,,A,S,48.0,9TH ST,F,,D,7/30/2024 5:31:50 PM,1/30/2025 9:22:11 AM,,,2,,,,,,,
2937409,20-12667,2,False,0109,3/5/2020 11:43:00 AM,1143,08X,14,109,Oakland,1,True,True,B,SIDE SWIPE,,Thursday,,,,,False,False,False,,C,OTHER MOTOR VEHICLE,,1,0,CLEAR,,NO UNUSUAL CONDITIONS - NO UNUSUAL CONDITIONS,,A,DAYLIGHT,,,,,,,A,NO PEDESTRIANS INVOLVED,,A,22107,,1,TELEGRAPH AV,1,,,A,S,45.0,28TH ST,F,,A,7/30/2024 5:31:50 PM,1/30/2025 9:22:11 AM,,,2,,,,,,,
2937291,20-021656,2,False,0109,4/29/2020 6:28:00 PM,1828,08X,14,109,Oakland,1,True,True,D,BROADSIDE,,Wednesday,,,,,False,False,False,,G,BICYCLE,,1,0,CLEAR,,NO UNUSUAL CONDITIONS - NO UNUSUAL CONDITIONS,,A,DAYLIGHT,,,,,,,A,NO PEDESTRIANS INVOLVED,,A,21801A,,1,TELEGRAPH AV,1,,,A,E,16.0,MERRIMAC ST,F,,D,7/30/2024 5:31:38 PM,1/30/2025 9:22:05 AM,,,2,,,,,,,
2937288,20-018223,2,False,0109,4/8/2020 12:17:00 AM,17,18X,14,109,Oakland,1,True,True,D,BROADSIDE,,Wednesday,,,,,False,False,False,,E,PARKED MOTOR VEHICLE,,1,0,CLEAR,,NO UNUSUAL CONDITIONS - NO UNUSUAL CONDITIONS,,C,DARK-STREET LIGHTS,,,,,,,A,NO PEDESTRIANS INVOLVED,,A,23152A,,1,E 22ND ST,1,,,A,W,15.0,21ST AV,F,,D,7/30/2024 5:31:38 PM,1/30/2025 9:22:05 AM,,,2,,,,,,,
2937286,20-021277,2,False,0109,4/27/2020 4:42:00 PM,1642,33X,14,109,Oakland,1,True,True,D,BROADSIDE,,Monday,,,,,False,False,True,,C,OTHER MOTOR VEHICLE,,1,0,CLEAR,,NO UNUSUAL CONDITIONS - NO UNUSUAL CONDITIONS,,A,DAYLIGHT,,,,,,,A,NO PEDESTRIANS INVOLVED,,A,21802A,,1,91ST AV,2,,,A,,,B ST,,,A,7/30/2024 5:31:38 PM,1/30/2025 9:22:05 AM,,,2,,,,,,,
2936933,20-022787,2,False,0109,5/6/2020 1:24:00 PM,1324,30X,14,109,Oakland,1,True,True,A,HEAD-ON,,Wednesday,,,M,,False,False,False,,C,OTHER MOTOR VEHICLE,,2,0,CLEAR,,NO UNUSUAL CONDITIONS - NO UNUSUAL CONDITIONS,,A,DAYLIGHT,,,,,,,A,NO PEDESTRIANS INVOLVED,,A,21801A,,1,MACARTHUR BL,2,,,A,,,82ND AV,,,A,7/30/2024 5:31:05 PM,1/30/2025 9:21:45 AM,,,2,,,,,,,
2936932,20-022946,2,False,0109,5/7/2020 1:07:00 PM,1307,31X,14,109,Oakland,1,True,True,C,REAR END,,Thursday,,,,,False,False,True,,C,OTHER MOTOR VEHICLE,,2,0,CLEAR,,NO UNUSUAL CONDITIONS - NO UNUSUAL CONDITIONS,,A,DAYLIGHT,,,,,,,A,NO PEDESTRIANS INVOLVED,,A,22350,,1,HEGENBERGER RD,2,,,A,N,300.0,BALDWIN ST,F,,D,7/30/2024 5:31:05 PM,1/30/2025 9:21:45 AM,,,2,,,,,,,
2936931,20-023929,2,False,0109,5/13/2020 6:44:00 PM,1844,03X,14,109,Oakland,1,True,True,D,BROADSIDE,,Wednesday,,,,,False,False,True,,C,OTHER MOTOR VEHICLE,,1,0,CLOUDY,,NO UNUSUAL CONDITIONS - NO UNUSUAL CONDITIONS,,A,DAYLIGHT,,,,,,,A,NO PEDESTRIANS INVOLVED,,A,21453A,,1,HARRISON ST,2,,,A,,,13TH ST,,,A,7/30/2024 5:31:05 PM,1/30/2025 9:21:45 AM,,,2,,,,,,,
2936930,20-023854,2,False,0109,5/13/2020 11:15:00 AM,1115,30X,14,109,Oakland,1,True,True,D,BROADSIDE,,Wednesday,,,,,False,False,False,,C,OTHER MOTOR VEHICLE,,1,0,CLOUDY,,NO UNUSUAL CONDITIONS - NO UNUSUAL CONDITIONS,,A,DAYLIGHT,,,,,,,A,NO PEDESTRIANS INVOLVED,,A,21453A,,1,82ND AV,2,,,A,,,MACARTHUR BL,,,A,7/30/2024 5:31:05 PM,1/30/2025 9:21:45 AM,,,2,,,,,,,
2936929,20-022964,2,False,0109,5/7/2020 3:11:00 PM,1511,17X,14,109,Oakland,1,True,True,D,BROADSIDE,,Thursday,,,,,False,False,False,,C,OTHER MOTOR VEHICLE,,1,0,CLEAR,,NO UNUSUAL CONDITIONS - NO UNUSUAL CONDITIONS,,A,DAYLIGHT,,,,,,,A,NO PEDESTRIANS INVOLVED,,A,21453A,,1,E 18TH ST,1,,,A,,,5TH AV,,,A,7/30/2024 5:31:05 PM,1/30/2025 9:21:45 AM,,,2,,,,,,,
2936889,20-023941,2,False,0109,5/13/2020 7:45:00 PM,1945,33X,14,109,Oakland,1,True,True,C,REAR END,,Wednesday,,,,,False,False,False,,C,OTHER MOTOR VEHICLE,,0,0,CLEAR,,NO UNUSUAL CONDITIONS - NO UNUSUAL CONDITIONS,,A,DAYLIGHT,,,,,,,E,IN ROAD - INCLUDES SHOULDER,,A,22107,,1,88TH AV,2,,,A,S,100.0,A ST,F,,D,7/30/2024 5:31:00 PM,1/30/2025 9:21:43 AM,,,2,,,,,,,
2936888,20-024186,2,False,0109,5/14/2020 1:55:00 PM,1355,29X,14,109,Oakland,1,True,True,C,REAR END,,Thursday,,,M,,False,False,False,,C,OTHER MOTOR VEHICLE,,0,0,CLEAR,,NO UNUSUAL CONDITIONS - NO UNUSUAL CONDITIONS,,A,DAYLIGHT,,,,,,,A,NO PEDESTRIANS INVOLVED,,A,22350,,2,OUTLOOK AV,2,,,A,W,20.0,69TH AV,F,,D,7/30/2024 5:31:00 PM,1/30/2025 9:21:43 AM,,,2,,,,,,,
2936866,20-017312,2,False,0109,4/2/2020 11:30:00 PM,2330,05Y,14,109,Oakland,1,True,True,D,BROADSIDE,,Thursday,,,M,,False,False,False,,C,OTHER MOTOR VEHICLE,,0,0,CLEAR,,NO UNUSUAL CONDITIONS - NO UNUSUAL CONDITIONS,,C,DARK-STREET LIGHTS,,,,,,,A,NO PEDESTRIANS INVOLVED,,A,22450A,,1,20TH H ST,1,,,A,,,MANDELA PKWY,,,D,7/30/2024 5:30:58 PM,1/30/2025 9:21:42 AM,,,2,,,,,,,
2936865,20-018915,2,False,0109,4/12/2020 7:02:00 PM,1902,04X,14,109,Oakland,1,True,True,C,REAR END,,Sunday,,,M,,False,False,False,,C,OTHER MOTOR VEHICLE,,0,0,CLEAR,,NO UNUSUAL CONDITIONS - NO UNUSUAL CONDITIONS,,B,DUSK-DAWN,,,,,,,A,NO PEDESTRIANS INVOLVED,,A,21453A,,1,W GRAND AV,1,,,A,W,5.0,SAN PABLO AV,F,,A,7/30/2024 5:30:58 PM,1/30/2025 9:21:42 AM,,,2,,,,,,,
2936864,20-019478,2,False,0109,4/16/2020 7:05:00 AM,705,25Y,14,109,Oakland,1,True,True,E,HIT OBJECT,,Thursday,,,,,False,False,False,,I,FIXED OBJECT,,0,0,CLEAR,,NO UNUSUAL CONDITIONS - NO UNUSUAL CONDITIONS,,A,DAYLIGHT,,,,,,,A,NO PEDESTRIANS INVOLVED,,A,23152A,,1,EDWARDS AV,2,,,A,,,RT 580,,,A,7/30/2024 5:30:58 PM,1/30/2025 9:21:42 AM,,,2,,,,,,,
2936863,20-019487,2,False,0109,4/16/2020 11:32:00 AM,1132,30X,14,109,Oakland,1,True,True,F,OVERTURNED,,Thursday,,,,,False,False,False,,,,,0,0,CLOUDY,,NO UNUSUAL CONDITIONS - NO UNUSUAL CONDITIONS,,A,DAYLIGHT,,,,,,,A,NO PEDESTRIANS INVOLVED,,A,22107,,1,DEERWOOD AV,2,,,A,E,25.0,73RD AV,F,,D,7/30/2024 5:30:58 PM,1/30/2025 9:21:42 AM,,,2,,,,,,,
2936862,20-020866,2,False,0109,4/25/2020 3:28:00 AM,328,27X,14,109,Oakland,1,True,True,B,SIDE SWIPE,,Saturday,,,,,False,False,False,,E,PARKED MOTOR VEHICLE,,0,0,CLEAR,,NO UNUSUAL CONDITIONS - NO UNUSUAL CONDITIONS,,C,DARK-STREET LIGHTS,,,,,,,A,NO PEDESTRIANS INVOLVED,,A,21651B,,1,57TH AV,2,,,A,S,10.0,HARVEY ST,F,,D,7/30/2024 5:30:58 PM,1/30/2025 9:21:42 AM,,,2,,,,,,,
2936851,20-024554,2,False,0109,5/17/2020 6:08:00 PM,1808,35X,14,109,Oakland,1,True,True,B,SIDE SWIPE,,Sunday,,,M,,False,False,False,,C,OTHER MOTOR VEHICLE,,0,0,CLEAR,,NO UNUSUAL CONDITIONS - NO UNUSUAL CONDITIONS,,A,DAYLIGHT,,,,,,,A,NO PEDESTRIANS INVOLVED,,A,22107,,1,MACARTHUR BL,2,,,A,W,0.2,ALVINGROOM CT,M,,D,7/30/2024 5:30:57 PM,1/30/2025 9:21:41 AM,,,2,,,,,,,
2936849,20-024352,2,False,0109,5/16/2020 11:57:00 AM,1157,29X,14,109,Oakland,1,True,True,C,REAR END,,Saturday,,,M,,False,False,True,,E,PARKED MOTOR VEHICLE,,0,0,CLEAR,,NO UNUSUAL CONDITIONS - NO UNUSUAL CONDITIONS,,A,DAYLIGHT,,,,,,,A,NO PEDESTRIANS INVOLVED,,A,22107,,1,73RD AV,2,,,A,S,150.0,SIMSON ST,F,,D,7/30/2024 5:30:57 PM,1/30/2025 9:21:41 AM,,,2,,,,,,,
2936848,20-023752,2,False,0109,5/12/2020 8:55:00 PM,2055,29X,14,109,Oakland,1,True,True,C,REAR END,,Tuesday,,,M,,False,False,True,,E,PARKED MOTOR VEHICLE,,0,0,CLEAR,,NO UNUSUAL CONDITIONS - NO UNUSUAL CONDITIONS,,C,DARK-STREET LIGHTS,,,,,,,A,NO PEDESTRIANS INVOLVED,,A,22107,,1,MACARTHUR BL,2,,,A,E,25.0,68TH AV,F,,D,7/30/2024 5:30:57 PM,1/30/2025 9:21:41 AM,,,2,,,,,,,
2936847,20-023684,2,False,0109,5/12/2020 12:40:00 PM,1240,12X,14,109,Oakland,1,True,True,A,HEAD-ON,,Tuesday,,,M,,False,False,False,,I,FIXED OBJECT,,0,0,CLOUDY,,NO UNUSUAL CONDITIONS - NO UNUSUAL CONDITIONS,,A,DAYLIGHT,,,,,,,A,NO PEDESTRIANS INVOLVED,,A,22350,,1,HILLEGASS AV,1,,,A,N,45.0,62ND AV,F,,D,7/30/2024 5:30:57 PM,1/30/2025 9:21:41 AM,,,2,,,,,,,
2936813,20-024432,2,False,0109,5/16/2020 9:21:00 PM,2121,32X,14,109,Oakland,1,True,True,A,HEAD-ON,,Saturday,,,M,,False,False,False,,C,OTHER MOTOR VEHICLE,,3,0,CLEAR,,NO UNUSUAL CONDITIONS - NO UNUSUAL CONDITIONS,,C,DARK-STREET LIGHTS,,,,,,,A,NO PEDESTRIANS INVOLVED,,A,22107,,1,98TH AV,2,,,A,N,40.0,C ST,F,,A,7/30/2024 5:30:53 PM,1/30/2025 9:21:40 AM,,,2,,,,,,,
2936812,20-024402,2,False,0109,5/16/2020 5:42:00 PM,1742,32X,14,109,Oakland,1,True,True,B,SIDE SWIPE,,Saturday,,,F,,False,False,True,,C,OTHER MOTOR VEHICLE,,1,0,CLEAR,,NO UNUSUAL CONDITIONS - NO UNUSUAL CONDITIONS,,A,DAYLIGHT,,,,,,,A,NO PEDESTRIANS INVOLVED,,A,21801A,,1,98TH AVE,2,,,A,,,E ST,,,A,7/30/2024 5:30:53 PM,1/30/2025 9:21:40 AM,,,2,,,,,,,
2936811,20-023970,2,False,0109,5/14/2020 11:46:00 PM,2346,17X,14,109,Oakland,1,True,True,D,BROADSIDE,,Thursday,,,,,False,False,True,,C,OTHER MOTOR VEHICLE,,3,0,CLEAR,,NO UNUSUAL CONDITIONS - NO UNUSUAL CONDITIONS,,C,DARK-STREET LIGHTS,,,,,,,B,CROSSING IN CROSS WALK AT INTERSECTION,,A,21453A,,1,MACARTHUR BL,1,,,A,,,13TH AV,,,A,7/30/2024 5:30:53 PM,1/30/2025 9:21:39 AM,,,2,,,,,,,