collision-id,report-number,report-version,is-preliminary,ncic-code,crash-date-time,crash-time-description,beat,city-id,city-code,city-name,county-code,city-is-active,city-is-incorporated,collision-type-code,collision-type-description,collision-type-other-desc,day-of-week,dispatch-notified,has-photographs,hit-run,is-attachments-mailed,is-deleted,is-highway-related,is-tow-away,judicial-district,motor-vehicle-involved-with-code,motor-vehicle-involved-with-desc,motor-vehicle-involved-with-other-desc,number-injured,number-killed,weather-1,weather-2,road-condition-1,road-condition-2,special-condition-lighting-code,lighting-description,latitude,longitude,milepost-direction,milepost-distance,milepost-marker,milepost-unit-of-measure,pedestrian-action-code,pedestrian-action-desc,prepared-date,primary-collision-factor-code,primary-collision-factor-violation,primary-collision-factor-is-cited,primary-collision-party-number,primary-road,reporting-district,reporting-district-code,reviewed-date,roadway-surface-code,secondary-direction,secondary-distance,secondary-road,secondary-unit-of-measure,sketch-desc,traffic-control-device-code,created-date,modified-date,is-county-road,is-freeway,chp-555-version,is-additonal-object-struck,notification-date,notification-time-description,has-digital-media-files,evidence-number,is-location-refer-to-narrative,is-aoi-one-same-as-location
2964661,20-031642,2,False,0109,6/29/2020 5:40:00 AM,540,25X,14,109,Oakland,1,True,True,A,HEAD-ON,,Monday,,,M,,False,False,True,,I,FIXED OBJECT,,0,0,CLEAR,,NO UNUSUAL CONDITIONS - NO UNUSUAL CONDITIONS,,A,DAYLIGHT,,,,,,,A,NO PEDESTRIANS INVOLVED,,A,22107,,1,MACARTHUR BL,2,,,A,E,10.0,35TH AV,F,,D,7/30/2024 6:27:24 PM,1/30/2025 9:48:08 AM,,,2,,,,,,,
2964660,20-027371,2,False,0109,6/3/2020 1:49:00 PM,1349,09X,14,109,Oakland,1,True,True,D,BROADSIDE,,Wednesday,,,,,False,False,False,,C,OTHER MOTOR VEHICLE,,0,0,CLEAR,,NO UNUSUAL CONDITIONS - NO UNUSUAL CONDITIONS,,A,DAYLIGHT,,,,,,,A,NO PEDESTRIANS INVOLVED,,A,21453A,,,OAKLAND AV,1,,,A,,,SANTA CLARA AV,,,A,7/30/2024 6:27:24 PM,1/30/2025 9:48:08 AM,,,2,,,,,,,
2964659,20-028549,2,False,0109,6/11/2020 10:37:00 AM,1037,17Y,14,109,Oakland,1,True,True,D,BROADSIDE,,Thursday,,,,,False,False,True,,C,OTHER MOTOR VEHICLE,,0,0,CLEAR,,NO UNUSUAL CONDITIONS - NO UNUSUAL CONDITIONS,,A,DAYLIGHT,,,,,,,A,NO PEDESTRIANS INVOLVED,,A,21801A,,1,PARK BL,1,,,A,N,10.0,IVY DR,F,,D,7/30/2024 6:27:24 PM,1/30/2025 9:48:07 AM,,,2,,,,,,,
2984400,20-036684,2,False,0109,7/26/2020 11:54:00 PM,2354,24,14,109,Oakland,1,True,True,B,SIDE SWIPE,,Sunday,,,,,False,False,True,,E,PARKED MOTOR VEHICLE,,0,0,CLEAR,,NO UNUSUAL CONDITIONS - NO UNUSUAL CONDITIONS,,C,DARK-STREET LIGHTS,,,,,,,A,NO PEDESTRIANS INVOLVED,,A,22107,,1,GALINDO AV,2,,,A,W,40.0,HARRINGTON AV,F,,A,7/30/2024 7:21:19 PM,1/30/2025 10:08:36 AM,,,2,,,,,,,
2984386,20-038683,2,False,0109,8/5/2020 9:04:00 PM,2104,23X,14,109,Oakland,1,True,True,A,HEAD-ON,,Wednesday,,,M,,False,False,False,,C,OTHER MOTOR VEHICLE,,2,0,CLOUDY,,NO UNUSUAL CONDITIONS - NO UNUSUAL CONDITIONS,,C,DARK-STREET LIGHTS,,,,,,,A,NO PEDESTRIANS INVOLVED,,A,22350,,1,SAN LEANDRO ST,2,,,A,W,10.0,HIGH ST,F,,A,7/30/2024 7:21:17 PM,1/30/2025 10:08:35 AM,,,2,,,,,,,
2984384,20-041718,2,False,0109,8/22/2020 6:00:00 PM,1800,30X,14,109,Oakland,1,True,True,B,SIDE SWIPE,,Saturday,,,F,,False,False,False,,B,PEDESTRIAN,,1,0,CLEAR,,NO UNUSUAL CONDITIONS - NO UNUSUAL CONDITIONS,,A,DAYLIGHT,,,,,,,E,IN ROAD - INCLUDES SHOULDER,,A,22107,,1,80TH AV,2,,,A,N,50.0,INTERNATIONAL BL,F,,D,7/30/2024 7:21:17 PM,1/30/2025 10:08:35 AM,,,2,,,,,,,
2984383,20-040617,2,False,0109,8/16/2020 6:19:00 PM,1819,03X,14,109,Oakland,1,True,True,D,BROADSIDE,,Sunday,,,M,,False,False,False,,C,OTHER MOTOR VEHICLE,,1,0,CLEAR,,NO UNUSUAL CONDITIONS - NO UNUSUAL CONDITIONS,,A,DAYLIGHT,,,,,,,A,NO PEDESTRIANS INVOLVED,,A,21801A,,1,BROADWAY,1,,,A,,,7TH ST,,,A,7/30/2024 7:21:16 PM,1/30/2025 10:08:35 AM,,,2,,,,,,,
2984382,20-041217,2,False,0109,8/19/2020 2:52:00 PM,1452,26X,14,109,Oakland,1,True,True,F,OVERTURNED,,Wednesday,,,,,False,False,False,,A,NON-COLLISION,,1,0,CLEAR,,NO UNUSUAL CONDITIONS - NO UNUSUAL CONDITIONS,,A,DAYLIGHT,,,,,,,A,NO PEDESTRIANS INVOLVED,,A,22107,,1,INTERNATIONAL BL,2,,,A,,,66TH AV,,,A,7/30/2024 7:21:16 PM,1/30/2025 10:08:35 AM,,,2,,,,,,,
2984381,20-041690,2,False,0109,8/22/2020 2:50:00 PM,1450,17X,14,109,Oakland,1,True,True,D,BROADSIDE,,Saturday,,,M,,False,False,False,,D,MOTOR VEHICLE ON OTHER ROADWAY,,1,0,CLEAR,,NO UNUSUAL CONDITIONS - NO UNUSUAL CONDITIONS,,A,DAYLIGHT,,,,,,,A,NO PEDESTRIANS INVOLVED,,A,22450,,1,4TTH AV,1,,,A,,,FOOTHILL BL,,,D,7/30/2024 7:21:16 PM,1/30/2025 10:08:35 AM,,,2,,,,,,,
2984380,20-042479,2,False,0109,8/26/2020 11:15:00 PM,2315,07X,14,109,Oakland,1,True,True,H,OTHER,,Wednesday,,,,,False,False,False,,G,BICYCLE,,1,0,CLOUDY,,NO UNUSUAL CONDITIONS - NO UNUSUAL CONDITIONS,,C,DARK-STREET LIGHTS,,,,,,,A,NO PEDESTRIANS INVOLVED,,A,21801A,,1,PERALTA ST,2,,,A,,,HANNAH  ST,,,D,7/30/2024 7:21:16 PM,1/30/2025 10:08:35 AM,,,2,,,,,,,
2984379,20-041361,2,False,0109,8/20/2020 11:39:00 AM,1139,03X,14,109,Oakland,1,True,True,F,OVERTURNED,,Thursday,,,,,False,False,False,,A,NON-COLLISION,,1,0,CLEAR,,NO UNUSUAL CONDITIONS - NO UNUSUAL CONDITIONS,,A,DAYLIGHT,,,,,,,A,NO PEDESTRIANS INVOLVED,,A,22350,,1,JACKSON ST,1,,,A,,,13TH ST,,,A,7/30/2024 7:21:16 PM,1/30/2025 10:08:35 AM,,,2,,,,,,,
2984378,20-039361,2,False,0109,8/9/2020 5:57:00 PM,1757,22X,14,109,Oakland,1,True,True,B,SIDE SWIPE,,Sunday,,,,,False,False,False,,B,PEDESTRIAN,,1,0,CLEAR,,NO UNUSUAL CONDITIONS - NO UNUSUAL CONDITIONS,,A,DAYLIGHT,,,,,,,C,CROSSING IN CROSS WALK - NOT AT INTERSECTION,,A,21950A,,1,MACARTHUR BL,1,,,A,,,CHAMPION ST,,,D,7/30/2024 7:21:16 PM,1/30/2025 10:08:35 AM,,,2,,,,,,,
2984377,20-041421,2,False,0109,8/20/2020 8:12:00 PM,2012,10X,14,109,Oakland,1,True,True,H,OTHER,,Thursday,,,,,False,False,False,,A,NON-COLLISION,,1,0,CLEAR,,NO UNUSUAL CONDITIONS - NO UNUSUAL CONDITIONS,,C,DARK-STREET LIGHTS,,,,,,,D,CROSSING - NOT IN CROSSWALK,,A,22350,,1,40TH ST,1,,,A,E,20.0,MLK JR WY,F,,A,7/30/2024 7:21:15 PM,1/30/2025 10:08:35 AM,,,2,,,,,,,
2984376,20-042361,2,False,0109,8/26/2020 8:36:00 AM,836,02X,14,109,Oakland,1,True,True,D,BROADSIDE,,Wednesday,,,,,False,False,True,,C,OTHER MOTOR VEHICLE,,1,0,CLOUDY,,NO UNUSUAL CONDITIONS - NO UNUSUAL CONDITIONS,,A,DAYLIGHT,,,,,,,A,NO PEDESTRIANS INVOLVED,,A,21453A,,1,MAKET ST,1,,,A,,,12TH ST,,,A,7/30/2024 7:21:15 PM,1/30/2025 10:08:35 AM,,,2,,,,,,,
2984353,20-040796,2,False,0109,8/17/2020 12:58:00 PM,1258,12X,14,109,Oakland,1,True,True,D,BROADSIDE,,Monday,,,,,False,False,True,,C,OTHER MOTOR VEHICLE,,1,0,CLEAR,,NO UNUSUAL CONDITIONS - NO UNUSUAL CONDITIONS,,A,DAYLIGHT,,,,,,,A,NO PEDESTRIANS INVOLVED,,A,21453A,,1,52ND ST,1,,,A,,,MARTIN LUTHER KING JR WY,,,A,7/30/2024 7:21:11 PM,1/30/2025 10:08:33 AM,,,2,,,,,,,
2984352,20-041864,2,False,0109,8/23/2020 3:30:00 PM,1530,03X,14,109,Oakland,1,True,True,D,BROADSIDE,,Sunday,,,,,False,False,False,,C,OTHER MOTOR VEHICLE,,1,0,CLEAR,,NO UNUSUAL CONDITIONS - NO UNUSUAL CONDITIONS,,A,DAYLIGHT,,,,,,,A,NO PEDESTRIANS INVOLVED,,A,21453A,,1,13TH ST,1,,,A,,,OAK ST,,,A,7/30/2024 7:21:10 PM,1/30/2025 10:08:33 AM,,,2,,,,,,,
2984351,20-039889,2,False,0109,8/12/2020 1:11:00 PM,1311,32X,14,109,Oakland,1,True,True,C,REAR END,,Wednesday,,,,,False,False,False,,C,OTHER MOTOR VEHICLE,,3,0,CLEAR,,NO UNUSUAL CONDITIONS - NO UNUSUAL CONDITIONS,,A,DAYLIGHT,,,,,,,A,NO PEDESTRIANS INVOLVED,,A,22102,,1,INTERNATIONAL BL,2,,,A,,,102ND AV,,,A,7/30/2024 7:21:10 PM,1/30/2025 10:08:33 AM,,,2,,,,,,,
2984350,20-040049,2,False,0109,8/13/2020 9:53:00 AM,953,35X,14,109,Oakland,1,True,True,D,BROADSIDE,,Thursday,,,,,False,False,False,,C,OTHER MOTOR VEHICLE,,2,0,CLEAR,,NO UNUSUAL CONDITIONS - NO UNUSUAL CONDITIONS,,A,DAYLIGHT,,,,,,,A,NO PEDESTRIANS INVOLVED,,A,21453A,,1,BANCROFT AV,2,,,A,,,90TH AV,,,A,7/30/2024 7:21:10 PM,1/30/2025 10:08:33 AM,,,2,,,,,,,
2984349,20-041235,2,False,0109,8/19/2020 4:55:00 PM,1655,25X,14,109,Oakland,1,True,True,C,REAR END,,Wednesday,,,M,,False,False,False,,C,OTHER MOTOR VEHICLE,,1,0,CLEAR,,NO UNUSUAL CONDITIONS - NO UNUSUAL CONDITIONS,,A,DAYLIGHT,,,,,,,A,NO PEDESTRIANS INVOLVED,,A,22350,,1,MACARTHUR BL,2,,,A,E,60.0,HIGH ST,F,,A,7/30/2024 7:21:10 PM,1/30/2025 10:08:33 AM,,,2,,,,,,,
2984348,20-039201,2,False,0109,8/8/2020 3:56:00 PM,1556,13X,14,109,Oakland,1,True,True,C,REAR END,,Saturday,,,,,False,False,False,,E,PARKED MOTOR VEHICLE,,0,0,CLEAR,,NO UNUSUAL CONDITIONS - NO UNUSUAL CONDITIONS,,A,DAYLIGHT,,,,,,,A,NO PEDESTRIANS INVOLVED,,A,22107,,1,BROADWAY,1,,,A,S,500.0,NAPA AV,F,,D,7/30/2024 7:21:09 PM,1/30/2025 10:08:33 AM,,,2,,,,,,,
2984347,20-038668,2,False,0109,8/5/2020 6:44:00 PM,1844,21X,14,109,Oakland,1,True,True,D,BROADSIDE,,Wednesday,,,,,False,False,False,,C,OTHER MOTOR VEHICLE,,1,0,,,NO UNUSUAL CONDITIONS - NO UNUSUAL CONDITIONS,,A,DAYLIGHT,,,,,,,A,NO PEDESTRIANS INVOLVED,,A,22450A,,,COOLIDGE AV,1,,,A,,,HAROLD ST,,,D,7/30/2024 7:21:09 PM,1/30/2025 10:08:33 AM,,,2,,,,,,,
2984346,20-039176,2,False,0109,8/8/2020 12:52:00 PM,1252,26X,14,109,Oakland,1,True,True,D,BROADSIDE,,Saturday,,,,,False,False,False,,C,OTHER MOTOR VEHICLE,,1,0,CLEAR,,NO UNUSUAL CONDITIONS - NO UNUSUAL CONDITIONS,,A,DAYLIGHT,,,,,,,A,NO PEDESTRIANS INVOLVED,,A,22450A,,1,76TH AV,2,,,A,,,HAMILTON ST,,,A,7/30/2024 7:21:09 PM,1/30/2025 10:08:33 AM,,,2,,,,,,,
2984345,20-041774,2,False,0109,8/23/2020 12:10:00 AM,10,30Y,14,109,Oakland,1,True,True,D,BROADSIDE,,Sunday,,,,,False,False,False,,C,OTHER MOTOR VEHICLE,,1,0,CLEAR,,NO UNUSUAL CONDITIONS - NO UNUSUAL CONDITIONS,,C,DARK-STREET LIGHTS,,,,,,,A,NO PEDESTRIANS INVOLVED,,A,22107,,1,SUNKIST DR,2,,,A,E,300.0,EDWARDS DR,F,,D,7/30/2024 7:21:09 PM,1/30/2025 10:08:33 AM,,,2,,,,,,,
2984332,20-041220,2,False,0109,8/19/2020 2:55:00 PM,1455,03X,14,109,Oakland,1,True,True,D,BROADSIDE,,Wednesday,,,,,False,False,False,,C,OTHER MOTOR VEHICLE,,2,0,CLEAR,,NO UNUSUAL CONDITIONS - NO UNUSUAL CONDITIONS,,A,DAYLIGHT,,,,,,,A,NO PEDESTRIANS INVOLVED,,A,21453A,,1,JEFFERSON ST,1,,,A,,,14TH ST,,,A,7/30/2024 7:21:06 PM,1/30/2025 10:08:32 AM,,,2,,,,,,,
2984216,20-025740,2,False,0109,5/24/2020 8:13:00 PM,2013,26Y,14,109,Oakland,1,True,True,A,HEAD-ON,,Sunday,,,,,False,False,False,,C,OTHER MOTOR VEHICLE,,0,0,CLEAR,,NO UNUSUAL CONDITIONS - NO UNUSUAL CONDITIONS,,A,DAYLIGHT,,,,,,,A,NO PEDESTRIANS INVOLVED,,A,22107,,1,61ST AVE,2,,,A,,,INTERNATIONAL BL,,,D,7/30/2024 7:20:46 PM,1/30/2025 10:08:24 AM,,,2,,,,,,,
2984215,20-028090,2,False,0109,6/8/2020 6:23:00 PM,1823,34X,14,109,Oakland,1,True,True,C,REAR END,,Monday,,,,,False,False,False,,C,OTHER MOTOR VEHICLE,,1,0,CLEAR,,NO UNUSUAL CONDITIONS - NO UNUSUAL CONDITIONS,,A,DAYLIGHT,,,,,,,A,NO PEDESTRIANS INVOLVED,,B,,,1,BIRCH ST,2,,,A,,,96TH AV,,,A,7/30/2024 7:20:46 PM,1/30/2025 10:08:24 AM,,,2,,,,,,,
2984211,20-042265,2,False,0109,8/25/2020 10:45:00 AM,1045,04X,14,109,Oakland,1,True,True,H,OTHER,,Tuesday,,,,,False,False,False,,E,PARKED MOTOR VEHICLE,,0,0,CLEAR,,NO UNUSUAL CONDITIONS - NO UNUSUAL CONDITIONS,,A,DAYLIGHT,,,,,,,A,NO PEDESTRIANS INVOLVED,,A,22106,,1,14TH ST,1,,,A,W,15.0,BROADWAY,F,,A,7/30/2024 7:20:45 PM,1/30/2025 10:08:24 AM,,,2,,,,,,,
2984165,20-043441,2,False,0109,8/28/2020 5:20:00 PM,1720,12X,14,109,Oakland,1,True,True,G,VEHICLE/PEDESTRAIN,,Friday,,,M,,False,False,False,,B,PEDESTRIAN,,1,0,CLEAR,,NO UNUSUAL CONDITIONS - NO UNUSUAL CONDITIONS,,A,DAYLIGHT,,,,,,,B,CROSSING IN CROSS WALK AT INTERSECTION,,A,21950A,,1,W MACARTHUR BL,1,,,A,S,10.0,MACARTHUR BART ACCESS RD,F,,A,7/30/2024 7:20:37 PM,1/30/2025 10:08:21 AM,,,2,,,,,,,
2984098,20-036948,2,False,0109,7/27/2020 5:19:00 PM,1719,26X,14,109,Oakland,1,True,True,D,BROADSIDE,,Monday,,,,,False,False,False,,C,OTHER MOTOR VEHICLE,,1,0,CLEAR,,NO UNUSUAL CONDITIONS - NO UNUSUAL CONDITIONS,,A,DAYLIGHT,,,,,,,A,NO PEDESTRIANS INVOLVED,,A,22100B,,1,SAN LEANDRO ST,2,,,A,W,100.0,66TH AV,F,,D,7/30/2024 7:20:23 PM,1/30/2025 10:08:17 AM,,,2,,,,,,,
2983774,20-037211,2,False,0109,7/28/2020 8:30:00 PM,2030,15X,14,109,Oakland,1,True,True,A,HEAD-ON,,Tuesday,,,M,,False,False,True,,C,OTHER MOTOR VEHICLE,,0,0,CLEAR,,NO UNUSUAL CONDITIONS - NO UNUSUAL CONDITIONS,,C,DARK-STREET LIGHTS,,,,,,,A,NO PEDESTRIANS INVOLVED,,A,21453A,,1,LAKESHORE AV,1,,,A,,,MACARTHUR BL,,,A,7/30/2024 7:19:24 PM,1/30/2025 10:07:55 AM,,,2,,,,,,,
2983575,20-038460,2,False,0109,8/4/2020 5:51:00 PM,1751,26X,14,109,Oakland,1,True,True,E,HIT OBJECT,,Tuesday,,,M,,False,False,True,,I,FIXED OBJECT,,0,0,CLEAR,,NO UNUSUAL CONDITIONS - NO UNUSUAL CONDITIONS,,A,DAYLIGHT,,,,,,,A,NO PEDESTRIANS INVOLVED,,A,23152A,,1,50TH AV,2,,,A,S,500.0,SAN LEANDRO ST,F,,D,7/30/2024 7:18:49 PM,1/30/2025 10:07:43 AM,,,2,,,,,,,
2983574,20-037982,2,False,0109,8/2/2020 3:03:00 AM,303,26X,14,109,Oakland,1,True,True,B,SIDE SWIPE,,Sunday,,,M,,False,False,False,,C,OTHER MOTOR VEHICLE,,0,0,CLEAR,,NO UNUSUAL CONDITIONS - NO UNUSUAL CONDITIONS,,C,DARK-STREET LIGHTS,,,,,,,A,NO PEDESTRIANS INVOLVED,,A,22107,,1,SAN LEANDRO ST,2,,,A,W,10.0,HIGH ST,F,,A,7/30/2024 7:18:49 PM,1/30/2025 10:07:42 AM,,,2,,,,,,,
2983573,20-040626,2,False,0109,8/16/2020 3:28:00 PM,1528,30X,14,109,Oakland,1,True,True,B,SIDE SWIPE,,Sunday,,,M,,False,False,True,,E,PARKED MOTOR VEHICLE,,0,0,CLEAR,,NO UNUSUAL CONDITIONS - NO UNUSUAL CONDITIONS,,A,DAYLIGHT,,,,,,,A,NO PEDESTRIANS INVOLVED,,A,22107,,1,77TH AV,2,,,A,S,46.0,HALLIDAY AV,F,,A,7/30/2024 7:18:49 PM,1/30/2025 10:07:42 AM,,,2,,,,,,,
2983572,20-042426,2,False,0109,8/26/2020 1:25:00 PM,1325,03Y,14,109,Oakland,1,True,True,D,BROADSIDE,,Wednesday,,,,,False,False,False,,C,OTHER MOTOR VEHICLE,,0,0,CLEAR,,NO UNUSUAL CONDITIONS - NO UNUSUAL CONDITIONS,,A,DAYLIGHT,,,,,,,A,NO PEDESTRIANS INVOLVED,,A,21453A,,,12TH ST,1,,,A,,,MLK JR WY,,,A,7/30/2024 7:18:48 PM,1/30/2025 10:07:42 AM,,,2,,,,,,,
2983516,20-043608,2,False,0109,9/20/2020 8:16:00 AM,816,02X,14,109,Oakland,1,True,True,D,BROADSIDE,,Sunday,,,M,,False,False,True,,E,PARKED MOTOR VEHICLE,,0,0,CLOUDY,,NO UNUSUAL CONDITIONS - NO UNUSUAL CONDITIONS,,C,DARK-STREET LIGHTS,,,,,,,A,NO PEDESTRIANS INVOLVED,,A,22107,,1,MANDELA PKWY,1,,,A,N,30.0,7TH ST,F,,D,7/30/2024 7:18:40 PM,1/30/2025 10:07:39 AM,,,2,,,,,,,
2983428,20-026626,2,False,0109,5/29/2020 9:55:00 PM,2155,07X,14,109,Oakland,1,True,True,G,VEHICLE/PEDESTRAIN,,Friday,,,F,,False,False,False,,B,PEDESTRIAN,,1,0,CLEAR,,NO UNUSUAL CONDITIONS - NO UNUSUAL CONDITIONS,,D,DARK-NO STREET LIGHTS,,,,,,,D,CROSSING - NOT IN CROSSWALK,,A,22350,,1,MARKET ST,1,,,A,N,100.0,27TH ST,F,,D,7/30/2024 7:18:24 PM,1/30/2025 10:07:33 AM,,,2,,,,,,,
2983353,20-042997,2,False,0109,8/30/2020 1:31:00 AM,131,32X,14,109,Oakland,1,True,True,D,BROADSIDE,,Sunday,,,M,,False,False,False,,C,OTHER MOTOR VEHICLE,,3,0,CLEAR,,NO UNUSUAL CONDITIONS - NO UNUSUAL CONDITIONS,,C,DARK-STREET LIGHTS,,,,,,,A,NO PEDESTRIANS INVOLVED,,A,22350,,1,MACARTHUR BL,2,,,A,E,200.0,FOOTHILL BL,F,,D,7/30/2024 7:18:09 PM,1/30/2025 10:07:28 AM,,,2,,,,,,,
2983326,20-044840,2,False,0109,9/8/2020 8:29:00 PM,2029,19X,14,109,Oakland,1,True,True,D,BROADSIDE,,Tuesday,,,,,False,False,False,,C,OTHER MOTOR VEHICLE,,1,0,CLEAR,,NO UNUSUAL CONDITIONS - NO UNUSUAL CONDITIONS,,C,DARK-STREET LIGHTS,,,,,,,A,NO PEDESTRIANS INVOLVED,,A,21453A,,1,14TH AV,1,,,A,,,E 12TH ST,,,A,7/30/2024 7:18:04 PM,1/30/2025 10:07:26 AM,,,2,,,,,,,
2983325,20-044842,2,False,0109,9/8/2020 8:30:00 PM,2030,30Y,14,109,Oakland,1,True,True,D,BROADSIDE,,Tuesday,,,M,,False,False,False,,C,OTHER MOTOR VEHICLE,,3,0,CLEAR,,NO UNUSUAL CONDITIONS - NO UNUSUAL CONDITIONS,,C,DARK-STREET LIGHTS,,,,,,,A,NO PEDESTRIANS INVOLVED,,A,21453A,,1,BANCROFT AV,2,,,A,,,CHURCH ST,,,A,7/30/2024 7:18:04 PM,1/30/2025 10:07:27 AM,,,2,,,,,,,
2983268,20-044970,2,False,0109,9/9/2020 5:02:00 PM,1702,03X,14,109,Oakland,1,True,True,A,HEAD-ON,,Wednesday,,,,,False,False,False,,,,,0,0,CLOUDY,,,,B,DUSK-DAWN,,,,,,,A,NO PEDESTRIANS INVOLVED,,A,21453A,,1,HARRISON ST,1,,,A,,,14TH ST,,,A,7/30/2024 7:17:50 PM,1/30/2025 10:07:23 AM,,,2,,,,,,,
2983195,20-043134,2,False,0109,8/30/2020 9:13:00 PM,2113,35X,14,109,Oakland,1,True,True,E,HIT OBJECT,,Sunday,,,M,,False,False,False,,I,FIXED OBJECT,,0,0,CLEAR,,NO UNUSUAL CONDITIONS - NO UNUSUAL CONDITIONS,,C,DARK-STREET LIGHTS,,,,,,,A,NO PEDESTRIANS INVOLVED,,A,22107,,1,BANCROFT AV,2,,,A,W,50.0,89TH AV,F,,D,7/30/2024 7:17:37 PM,1/30/2025 10:07:18 AM,,,2,,,,,,,
2983073,20-037855,2,False,0109,8/1/2020 5:20:00 AM,520,18X,14,109,Oakland,1,True,True,A,HEAD-ON,,Saturday,,,M,,False,False,True,,E,PARKED MOTOR VEHICLE,,0,0,CLEAR,,NO UNUSUAL CONDITIONS - NO UNUSUAL CONDITIONS,,C,DARK-STREET LIGHTS,,,,,,,A,NO PEDESTRIANS INVOLVED,,A,22350,,1,21ST ST,1,,,A,W,20.0,22ND AV,F,,A,7/30/2024 7:17:18 PM,1/30/2025 10:07:10 AM,,,2,,,,,,,
2983071,20-043203,2,False,0109,8/31/2020 8:42:00 AM,842,35X,14,109,Oakland,1,True,True,B,SIDE SWIPE,,Monday,,,M,,False,False,True,,D,MOTOR VEHICLE ON OTHER ROADWAY,,0,0,CLEAR,,NO UNUSUAL CONDITIONS - NO UNUSUAL CONDITIONS,,A,DAYLIGHT,,,,,,,A,NO PEDESTRIANS INVOLVED,,A,22107,,1,MACARTHUR BL,2,,,A,E,25.0,82ND AV,F,,B,7/30/2024 7:17:18 PM,1/30/2025 10:07:10 AM,,,2,,,,,,,
2983070,20-039724,2,False,0109,8/11/2020 4:50:00 PM,1650,04X,14,109,Oakland,1,True,True,D,BROADSIDE,,Tuesday,,,,,False,False,False,,C,OTHER MOTOR VEHICLE,,0,0,CLEAR,,NO UNUSUAL CONDITIONS - NO UNUSUAL CONDITIONS,,A,DAYLIGHT,,,,,,,A,NO PEDESTRIANS INVOLVED,,A,21453A,,1,17TH ST,1,,,A,,,CASTRO ST,,,A,7/30/2024 7:17:17 PM,1/30/2025 10:07:10 AM,,,2,,,,,,,
2983069,20-040078,2,False,0109,8/13/2020 10:29:00 AM,1029,27X,14,109,Oakland,1,True,True,C,REAR END,,Thursday,,,,,False,False,False,,E,PARKED MOTOR VEHICLE,,0,0,CLOUDY,,NO UNUSUAL CONDITIONS - NO UNUSUAL CONDITIONS,,A,DAYLIGHT,,,,,,,A,NO PEDESTRIANS INVOLVED,,A,22107,,1,17TH ST,2,,,A,E,100.0,57TH ST,F,,A,7/30/2024 7:17:17 PM,1/30/2025 10:07:10 AM,,,2,,,,,,,
2983068,20-041560,2,False,0109,8/21/2020 5:40:00 PM,1740,13Y,14,109,Oakland,1,True,True,A,HEAD-ON,,Friday,,,,,False,False,False,,I,FIXED OBJECT,,0,0,CLEAR,,NO UNUSUAL CONDITIONS - NO UNUSUAL CONDITIONS,,A,DAYLIGHT,,,,,,,A,NO PEDESTRIANS INVOLVED,,A,22350,,1,SKYLINE BL,1,,,A,E,100.0,ELVERTON,F,,A,7/30/2024 7:17:17 PM,1/30/2025 10:07:10 AM,,,2,,,,,,,
2982992,20-044115,2,False,0109,9/4/2020 7:50:00 PM,1950,33X,14,109,Oakland,1,True,True,B,SIDE SWIPE,,Friday,,,M,,False,False,False,,C,OTHER MOTOR VEHICLE,,0,0,CLEAR,,NO UNUSUAL CONDITIONS - NO UNUSUAL CONDITIONS,,B,DUSK-DAWN,,,,,,,A,NO PEDESTRIANS INVOLVED,,A,22350,,1,INTERNATIONAL BL,1,,,A,W,30.0,84TH AV,F,,D,7/30/2024 7:17:06 PM,1/30/2025 10:07:05 AM,,,2,,,,,,,
2982990,20-044230,2,False,0109,9/5/2020 7:20:00 PM,1920,34X,14,109,Oakland,1,True,True,B,SIDE SWIPE,,Saturday,,,M,,False,False,False,,C,OTHER MOTOR VEHICLE,,0,0,CLEAR,,NO UNUSUAL CONDITIONS - NO UNUSUAL CONDITIONS,,B,DUSK-DAWN,,,,,,,A,NO PEDESTRIANS INVOLVED,,A,22107,,1,OLIVE ST,2,,,A,W,20.0,98TH AV,F,,A,7/30/2024 7:17:05 PM,1/30/2025 10:07:05 AM,,,2,,,,,,,
2982989,20-044183,2,False,0109,9/5/2020 6:56:00 AM,656,15X,14,109,Oakland,1,True,True,E,HIT OBJECT,,Saturday,,,,,False,False,False,,,,,0,0,CLEAR,,NO UNUSUAL CONDITIONS - NO UNUSUAL CONDITIONS,,A,DAYLIGHT,,,,,,,A,NO PEDESTRIANS INVOLVED,,C,,,,LAKESHORE AV,1,,,A,S,10.0,FOOTHILL BL,F,,D,7/30/2024 7:17:05 PM,1/30/2025 10:07:05 AM,,,2,,,,,,,
2982988,20-044160,2,False,0109,9/5/2020 11:57:00 PM,2357,30X,14,109,Oakland,1,True,True,A,HEAD-ON,,Saturday,,,,,False,False,False,,C,OTHER MOTOR VEHICLE,,0,0,CLEAR,,NO UNUSUAL CONDITIONS - NO UNUSUAL CONDITIONS,,C,DARK-STREET LIGHTS,,,,,,,A,NO PEDESTRIANS INVOLVED,,A,21801A,,1,ARTHUR ST,2,,,A,,,69TH AV,,,D,7/30/2024 7:17:05 PM,1/30/2025 10:07:05 AM,,,2,,,,,,,
2982987,20-043373,2,False,0109,9/1/2020 8:41:00 AM,841,06X,14,109,Oakland,1,True,True,A,HEAD-ON,,Tuesday,,,,,False,False,False,,E,PARKED MOTOR VEHICLE,,0,0,CLEAR,,NO UNUSUAL CONDITIONS - NO UNUSUAL CONDITIONS,,A,DAYLIGHT,,,,,,,A,NO PEDESTRIANS INVOLVED,,A,22107,,1,BROCKHURST ST,1,,,A,,,WEST ST,,,D,7/30/2024 7:17:05 PM,1/30/2025 10:07:05 AM,,,2,,,,,,,
2982986,20-043794,2,False,0109,9/3/2020 12:50:00 AM,50,06X,14,109,Oakland,1,True,True,B,SIDE SWIPE,,Thursday,,,,,False,False,False,,E,PARKED MOTOR VEHICLE,,0,0,CLEAR,,NO UNUSUAL CONDITIONS - NO UNUSUAL CONDITIONS,,C,DARK-STREET LIGHTS,,,,,,,A,NO PEDESTRIANS INVOLVED,,A,22515A,,1,40TH ST,1,,,A,E,20.0,YERBA BUENA AV,F,,A,7/30/2024 7:17:04 PM,1/30/2025 10:07:05 AM,,,2,,,,,,,