collision-id,report-number,report-version,is-preliminary,ncic-code,crash-date-time,crash-time-description,beat,city-id,city-code,city-name,county-code,city-is-active,city-is-incorporated,collision-type-code,collision-type-description,collision-type-other-desc,day-of-week,dispatch-notified,has-photographs,hit-run,is-attachments-mailed,is-deleted,is-highway-related,is-tow-away,judicial-district,motor-vehicle-involved-with-code,motor-vehicle-involved-with-desc,motor-vehicle-involved-with-other-desc,number-injured,number-killed,weather-1,weather-2,road-condition-1,road-condition-2,special-condition-lighting-code,lighting-description,latitude,longitude,milepost-direction,milepost-distance,milepost-marker,milepost-unit-of-measure,pedestrian-action-code,pedestrian-action-desc,prepared-date,primary-collision-factor-code,primary-collision-factor-violation,primary-collision-factor-is-cited,primary-collision-party-number,primary-road,reporting-district,reporting-district-code,reviewed-date,roadway-surface-code,secondary-direction,secondary-distance,secondary-road,secondary-unit-of-measure,sketch-desc,traffic-control-device-code,created-date,modified-date,is-county-road,is-freeway,chp-555-version,is-additonal-object-struck,notification-date,notification-time-description,has-digital-media-files,evidence-number,is-location-refer-to-narrative,is-aoi-one-same-as-location
2982902,20-033904,2,False,0109,7/11/2020 1:05:00 AM,105,21Y,14,109,Oakland,1,True,True,H,OTHER,,Saturday,,,,,False,False,False,,E,PARKED MOTOR VEHICLE,,1,0,CLEAR,,NO UNUSUAL CONDITIONS - NO UNUSUAL CONDITIONS,,C,DARK-STREET LIGHTS,,,,,,,A,NO PEDESTRIANS INVOLVED,,A,22107,,1,FRUITVALE AV,1,,,A,,,E 27TH ST,,,D,7/30/2024 7:16:51 PM,1/30/2025 10:07:00 AM,,,2,,,,,,,
2982770,20-027123,2,False,0109,6/1/2020 7:43:00 PM,1943,31Y,14,109,Oakland,1,True,True,C,REAR END,,Monday,,,F,,False,False,False,,G,BICYCLE,,1,0,CLEAR,,NO UNUSUAL CONDITIONS - NO UNUSUAL CONDITIONS,,A,DAYLIGHT,,,,,,,D,CROSSING - NOT IN CROSSWALK,,A,22107,,1,BALDWIN ST,2,,,A,E,25.0,MCCLARY AV,F,,D,7/30/2024 7:16:26 PM,1/30/2025 10:06:51 AM,,,2,,,,,,,
2982769,20-028933,2,False,0109,6/13/2020 4:37:00 PM,1637,24X,14,109,Oakland,1,True,True,D,BROADSIDE,,Saturday,,,M,,False,False,True,,C,OTHER MOTOR VEHICLE,,1,0,CLEAR,,NO UNUSUAL CONDITIONS - NO UNUSUAL CONDITIONS,,A,DAYLIGHT,,,,,,,E,IN ROAD - INCLUDES SHOULDER,,A,214605,,1,FOOTHILL BL,2,,,A,,,41ST AV,,,A,7/30/2024 7:16:26 PM,1/30/2025 10:06:51 AM,,,2,,,,,,,
2982682,20-041598,2,False,0109,8/21/2020 11:34:00 PM,2334,31Y,14,109,Oakland,1,True,True,A,HEAD-ON,,Friday,,,M,,False,False,False,,C,OTHER MOTOR VEHICLE,,0,0,CLEAR,,,,C,DARK-STREET LIGHTS,,,,,,,A,NO PEDESTRIANS INVOLVED,,A,22107,,1,HALE AVE,2,,,A,S,10.0,EDES AV,F,,A,7/30/2024 7:16:09 PM,1/30/2025 10:06:45 AM,,,2,,,,,,,
2982680,20-037850,2,False,0109,8/1/2020 4:14:00 AM,414,19X,14,109,Oakland,1,True,True,B,SIDE SWIPE,,Saturday,,,M,,False,False,True,,C,OTHER MOTOR VEHICLE,,0,0,CLEAR,,NO UNUSUAL CONDITIONS - NO UNUSUAL CONDITIONS,,C,DARK-STREET LIGHTS,,,,,,,A,NO PEDESTRIANS INVOLVED,,A,22107,,1,INTERNATIONAL BL,1,,,A,,,20TH AV,,,A,7/30/2024 7:16:09 PM,1/30/2025 10:06:45 AM,,,2,,,,,,,
2982679,20-040385,2,False,0109,8/15/2020 8:28:00 AM,828,18X,14,109,Oakland,1,True,True,C,REAR END,,Saturday,,,M,,False,False,True,,E,PARKED MOTOR VEHICLE,,0,0,CLEAR,,NO UNUSUAL CONDITIONS - NO UNUSUAL CONDITIONS,,C,DARK-STREET LIGHTS,,,,,,,A,NO PEDESTRIANS INVOLVED,,A,22107,,1,E 19TH ST,1,,,A,E,30.0,21ST AV,F,,D,7/30/2024 7:16:08 PM,1/30/2025 10:06:45 AM,,,2,,,,,,,
2982678,20-040705,2,False,0109,8/16/2020 8:00:00 PM,2000,04X,14,109,Oakland,1,True,True,G,VEHICLE/PEDESTRAIN,,Sunday,,,F,,False,False,False,,B,PEDESTRIAN,,0,0,CLEAR,,NO UNUSUAL CONDITIONS - NO UNUSUAL CONDITIONS,,B,DUSK-DAWN,,,,,,,B,CROSSING IN CROSS WALK AT INTERSECTION,,A,21950A,,1,15TH ST,1,,,A,,,JEFFERSON ST,,,D,7/30/2024 7:16:08 PM,1/30/2025 10:06:45 AM,,,2,,,,,,,
2982677,20-039451,2,False,0109,8/10/2020 9:09:00 AM,909,10X,14,109,Oakland,1,True,True,D,BROADSIDE,,Monday,,,M,,False,False,False,,C,OTHER MOTOR VEHICLE,,0,0,CLOUDY,,NO UNUSUAL CONDITIONS - NO UNUSUAL CONDITIONS,,A,DAYLIGHT,,,,,,,A,NO PEDESTRIANS INVOLVED,,A,22450A,,1,MARKET ST,1,,,A,,,63RD ST,,,C,7/30/2024 7:16:08 PM,1/30/2025 10:06:45 AM,,,2,,,,,,,
2982676,20-039909,2,False,0109,8/12/2020 3:01:00 PM,1501,26X,14,109,Oakland,1,True,True,A,HEAD-ON,,Wednesday,,,M,,False,False,True,,C,OTHER MOTOR VEHICLE,,0,0,CLEAR,,NO UNUSUAL CONDITIONS - NO UNUSUAL CONDITIONS,,A,DAYLIGHT,,,,,,,A,NO PEDESTRIANS INVOLVED,,A,21453A,,1,INTERNATIONAL BL,2,,,A,,,66TH AV,,,A,7/30/2024 7:16:08 PM,1/30/2025 10:06:44 AM,,,2,,,,,,,
2982675,20-039996,2,False,0109,8/13/2020 1:43:00 AM,143,19X,14,109,Oakland,1,True,True,B,SIDE SWIPE,,Thursday,,,M,,False,False,False,,E,PARKED MOTOR VEHICLE,,0,0,CLEAR,,NO UNUSUAL CONDITIONS - NO UNUSUAL CONDITIONS,,C,DARK-STREET LIGHTS,,,,,,,A,NO PEDESTRIANS INVOLVED,,A,22107,,1,FOOTHILL BL,1,,,A,E,24.0,16TH AV,F,,D,7/30/2024 7:16:08 PM,1/30/2025 10:06:44 AM,,,2,,,,,,,
2982674,20-039913,2,False,0109,8/12/2020 3:02:00 PM,1502,26X,14,109,Oakland,1,True,True,D,BROADSIDE,,Wednesday,,,M,,False,False,True,,E,PARKED MOTOR VEHICLE,,0,0,CLEAR,,NO UNUSUAL CONDITIONS - NO UNUSUAL CONDITIONS,,A,DAYLIGHT,,,,,,,,,,A,22106,,1,INTERNATIONAL BL,2,,,A,,,66TH AV,,,A,7/30/2024 7:16:08 PM,1/30/2025 10:06:44 AM,,,2,,,,,,,
2982673,20-041592,2,False,0109,8/21/2020 10:45:00 PM,2245,20X,14,109,Oakland,1,True,True,E,HIT OBJECT,,Friday,,,M,,False,False,True,,I,FIXED OBJECT,,0,0,CLEAR,,NO UNUSUAL CONDITIONS - NO UNUSUAL CONDITIONS,,C,DARK-STREET LIGHTS,,,,,,,A,NO PEDESTRIANS INVOLVED,,A,22107,,1,E 10TH ST,1,,,A,,,27TH AV,,,D,7/30/2024 7:16:07 PM,1/30/2025 10:06:44 AM,,,2,,,,,,,
2982672,20-041565,2,False,0109,8/21/2020 7:02:00 PM,1902,05X,14,109,Oakland,1,True,True,C,REAR END,,Friday,,,M,,False,False,False,,E,PARKED MOTOR VEHICLE,,0,0,CLEAR,,NO UNUSUAL CONDITIONS - NO UNUSUAL CONDITIONS,,A,DAYLIGHT,,,,,,,A,NO PEDESTRIANS INVOLVED,,A,22107,,1,WEST ST,1,,,A,S,35.0,16TH ST,F,,D,7/30/2024 7:16:07 PM,1/30/2025 10:06:44 AM,,,2,,,,,,,
2982671,20-038033,2,False,0109,8/22/2020 6:58:00 AM,658,06X,14,109,Oakland,1,True,True,D,BROADSIDE,,Saturday,,,M,,False,False,False,,E,PARKED MOTOR VEHICLE,,0,0,CLEAR,,NO UNUSUAL CONDITIONS - NO UNUSUAL CONDITIONS,,A,DAYLIGHT,,,,,,,A,NO PEDESTRIANS INVOLVED,,A,22107,,1,37TH ST,1,,,A,,,LINDEN ST,,,D,7/30/2024 7:16:07 PM,1/30/2025 10:06:44 AM,,,2,,,,,,,
2982670,20-040509,2,False,0109,8/15/2020 10:49:00 PM,2249,30X,14,109,Oakland,1,True,True,D,BROADSIDE,,Saturday,,,M,,False,False,True,,C,OTHER MOTOR VEHICLE,,0,0,CLEAR,,NO UNUSUAL CONDITIONS - NO UNUSUAL CONDITIONS,,C,DARK-STREET LIGHTS,,,,,,,A,NO PEDESTRIANS INVOLVED,,A,21453A,,1,INTERNATIONAL BL,2,,,A,,,81ST AV,,,A,7/30/2024 7:16:07 PM,1/30/2025 10:06:44 AM,,,2,,,,,,,
2982669,20-042399,2,False,0109,8/26/2020 10:50:00 AM,1050,32X,14,109,Oakland,1,True,True,D,BROADSIDE,,Wednesday,,,M,,False,False,False,,C,OTHER MOTOR VEHICLE,,0,0,CLEAR,,NO UNUSUAL CONDITIONS - NO UNUSUAL CONDITIONS,,A,DAYLIGHT,,,,,,,A,NO PEDESTRIANS INVOLVED,,A,21453A,,1,98TH AV,2,,,A,,,MACARTHUR BL,,,A,7/30/2024 7:16:07 PM,1/30/2025 10:06:44 AM,,,2,,,,,,,
2982668,20-042115,2,False,0109,8/25/2020 1:01:00 AM,101,19X,14,109,Oakland,1,True,True,A,HEAD-ON,,Tuesday,,,M,,False,False,False,,E,PARKED MOTOR VEHICLE,,0,0,CLEAR,,NO UNUSUAL CONDITIONS - NO UNUSUAL CONDITIONS,,C,DARK-STREET LIGHTS,,,,,,,A,NO PEDESTRIANS INVOLVED,,A,22107,,1,LAKESHORE AV,1,,,A,W,30.0,1ST AV,F,,A,7/30/2024 7:16:07 PM,1/30/2025 10:06:44 AM,,,2,,,,,,,
2982667,20-042050,2,False,0109,8/24/2020 3:25:00 PM,1525,22X,14,109,Oakland,1,True,True,B,SIDE SWIPE,,Monday,,,,,False,False,False,,I,FIXED OBJECT,,0,0,CLEAR,,NO UNUSUAL CONDITIONS - NO UNUSUAL CONDITIONS,,A,DAYLIGHT,,,,,,,A,NO PEDESTRIANS INVOLVED,,A,22107,,1,MOUNTAIN BL,1,,,A,W,300.0,PT 13,F,,D,7/30/2024 7:16:06 PM,1/30/2025 10:06:44 AM,,,2,,,,,,,
2982666,20-042406,2,False,0109,8/26/2020 11:30:00 AM,1130,09X,14,109,Oakland,1,True,True,D,BROADSIDE,,Wednesday,,,,,False,False,False,,J,OTHER OBJECT,,0,0,CLEAR,,NO UNUSUAL CONDITIONS - NO UNUSUAL CONDITIONS,,A,DAYLIGHT,,,,,,,A,NO PEDESTRIANS INVOLVED,,A,22350,,1,W MACARTHUR BL,1,,,A,E,50.0,PIEDMONT AV,F,,D,7/30/2024 7:16:06 PM,1/30/2025 10:06:44 AM,,,2,,,,,,,
2982665,20-042482,2,False,0109,8/26/2020 11:26:00 PM,2326,26X,14,109,Oakland,1,True,True,C,REAR END,,Wednesday,,,,,False,False,False,,C,OTHER MOTOR VEHICLE,,0,0,CLEAR,,NO UNUSUAL CONDITIONS - NO UNUSUAL CONDITIONS,,C,DARK-STREET LIGHTS,,,,,,,A,NO PEDESTRIANS INVOLVED,,A,22350,,1,RT 880,2,,,A,S,40.0,COLISEUM WY,F,,A,7/30/2024 7:16:06 PM,1/30/2025 10:06:44 AM,,,2,,,,,,,
2982664,20-042359,2,False,0109,8/26/2020 8:15:00 AM,815,09X,14,109,Oakland,1,True,True,B,SIDE SWIPE,,Wednesday,,,,,False,False,False,,E,PARKED MOTOR VEHICLE,,0,0,,,NO UNUSUAL CONDITIONS - NO UNUSUAL CONDITIONS,,A,DAYLIGHT,,,,,,,A,NO PEDESTRIANS INVOLVED,,A,22107,,1,HARRISON ST,1,,,A,S,246.0,MOSS ST,F,,D,7/30/2024 7:16:06 PM,1/30/2025 10:06:44 AM,,,2,,,,,,,
2982663,20-037980,2,False,0109,8/2/2020 2:47:00 AM,247,30X,14,109,Oakland,1,True,True,A,HEAD-ON,,Sunday,,,,,False,False,False,,J,OTHER OBJECT,,0,0,CLEAR,,NO UNUSUAL CONDITIONS - NO UNUSUAL CONDITIONS,,C,DARK-STREET LIGHTS,,,,,,,A,NO PEDESTRIANS INVOLVED,,A,22350,,1,HAVENSCOURT BL,2,,,A,S,8.0,FLORA ST,F,,D,7/30/2024 7:16:06 PM,1/30/2025 10:06:44 AM,,,2,,,,,,,
2982662,20-041551,2,False,0109,8/21/2020 4:22:00 PM,1622,10X,14,109,Oakland,1,True,True,B,SIDE SWIPE,,Friday,,,,,False,False,False,,E,PARKED MOTOR VEHICLE,,0,0,CLEAR,,NO UNUSUAL CONDITIONS - NO UNUSUAL CONDITIONS,,A,DAYLIGHT,,,,,,,A,NO PEDESTRIANS INVOLVED,,A,22107,,1,AILEEN ST,1,,,A,W,60.0,GASKILL ST,F,,A,7/30/2024 7:16:05 PM,1/30/2025 10:06:44 AM,,,2,,,,,,,
2982661,20-042168,2,False,0109,8/25/2020 9:10:00 AM,910,31X,14,109,Oakland,1,True,True,D,BROADSIDE,,Tuesday,,,,,False,False,False,,C,OTHER MOTOR VEHICLE,,0,0,CLOUDY,,NO UNUSUAL CONDITIONS - NO UNUSUAL CONDITIONS,,A,DAYLIGHT,,,,,,,A,NO PEDESTRIANS INVOLVED,,A,21453A,,1,EDGEWATER DR,2,,,A,,,OAKPORT ST,,,A,7/30/2024 7:16:05 PM,1/30/2025 10:06:44 AM,,,2,,,,,,,
2982660,20-040435,2,False,0109,8/15/2020 1:03:00 PM,1303,01X,14,109,Oakland,1,True,True,B,SIDE SWIPE,,Saturday,,,,,False,False,False,,G,BICYCLE,,0,0,CLEAR,,NO UNUSUAL CONDITIONS - NO UNUSUAL CONDITIONS,,A,DAYLIGHT,,,,,,,A,NO PEDESTRIANS INVOLVED,,A,22106,,1,2ND ST,1,,,A,W,30.0,MADISON ST,F,,D,7/30/2024 7:16:05 PM,1/30/2025 10:06:43 AM,,,2,,,,,,,
2982659,20-040503,2,False,0109,8/15/2020 10:26:00 PM,2226,19X,14,109,Oakland,1,True,True,D,BROADSIDE,,Saturday,,,,,False,False,True,,C,OTHER MOTOR VEHICLE,,0,0,CLEAR,,NO UNUSUAL CONDITIONS - NO UNUSUAL CONDITIONS,,C,DARK-STREET LIGHTS,,,,,,,A,NO PEDESTRIANS INVOLVED,,A,21801A,,1,FOOTHILL BL,1,,,A,,,22ND AV,,,A,7/30/2024 7:16:05 PM,1/30/2025 10:06:43 AM,,,2,,,,,,,
2982658,20-040396,2,False,0109,8/15/2020 8:47:00 AM,847,33X,14,109,Oakland,1,True,True,D,BROADSIDE,,Saturday,,,,,False,False,False,,C,OTHER MOTOR VEHICLE,,0,0,CLEAR,,NO UNUSUAL CONDITIONS - NO UNUSUAL CONDITIONS,,C,DARK-STREET LIGHTS,,,,,,,A,NO PEDESTRIANS INVOLVED,,A,22107,,1,SAN LEANDRO ST,2,,,A,,,85TH AV,,,A,7/30/2024 7:16:05 PM,1/30/2025 10:06:43 AM,,,2,,,,,,,
2982657,20-040583,2,False,0109,8/16/2020 1:20:00 PM,1320,03X,14,109,Oakland,1,True,True,A,HEAD-ON,,Sunday,,,,,False,False,False,,C,OTHER MOTOR VEHICLE,,0,0,CLEAR,,NO UNUSUAL CONDITIONS - NO UNUSUAL CONDITIONS,,A,DAYLIGHT,,,,,,,A,NO PEDESTRIANS INVOLVED,,A,21423A,,,12TH ST,1,,,A,,,HARRISON ST,,,A,7/30/2024 7:16:05 PM,1/30/2025 10:06:43 AM,,,2,,,,,,,
2982656,20-040122,2,False,0109,8/13/2020 4:35:00 PM,1635,20X,14,109,Oakland,1,True,True,C,REAR END,,Thursday,,,,,False,False,False,,C,OTHER MOTOR VEHICLE,,0,0,CLEAR,,NO UNUSUAL CONDITIONS - NO UNUSUAL CONDITIONS,,A,DAYLIGHT,,,,,,,A,NO PEDESTRIANS INVOLVED,,A,21703,,1,INTERNATIONAL BL,1,,,A,,,FRUITVALE AV,,,A,7/30/2024 7:16:05 PM,1/30/2025 10:06:43 AM,,,2,,,,,,,
2982655,20-041036,2,False,0109,8/18/2020 4:35:00 PM,1635,20X,14,109,Oakland,1,True,True,D,BROADSIDE,,Tuesday,,,,,False,False,False,,C,OTHER MOTOR VEHICLE,,0,0,CLEAR,,NO UNUSUAL CONDITIONS - NO UNUSUAL CONDITIONS,,A,DAYLIGHT,,,,,,,A,NO PEDESTRIANS INVOLVED,,A,22107,,1,FRUITVALE AV,1,,,A,S,20.0,FOOTHILL BL,F,,A,7/30/2024 7:16:05 PM,1/30/2025 10:06:43 AM,,,2,,,,,,,
2982654,20-041093,2,False,0109,8/19/2020 11:22:00 PM,2322,17Y,14,109,Oakland,1,True,True,D,BROADSIDE,,Wednesday,,,,,False,False,False,,C,OTHER MOTOR VEHICLE,,0,0,CLEAR,,NO UNUSUAL CONDITIONS - NO UNUSUAL CONDITIONS,,C,DARK-STREET LIGHTS,,,,,,,A,NO PEDESTRIANS INVOLVED,,A,21453A,,1,13TH AV,1,,,A,,,MACARTHUR BL,,,A,7/30/2024 7:16:04 PM,1/30/2025 10:06:43 AM,,,2,,,,,,,
2982652,20-039618,2,False,0109,8/11/2020 8:44:00 AM,844,15X,14,109,Oakland,1,True,True,C,REAR END,,Tuesday,,,,,False,False,False,,C,OTHER MOTOR VEHICLE,,0,0,CLEAR,,NO UNUSUAL CONDITIONS - NO UNUSUAL CONDITIONS,,A,DAYLIGHT,,,,,,,A,NO PEDESTRIANS INVOLVED,,A,22350,,1,E 18TH ST,1,,,A,,,LAKESHORE AV,,,A,7/30/2024 7:16:04 PM,1/30/2025 10:06:43 AM,,,2,,,,,,,
2982643,20-041696,2,False,0109,8/22/2020 3:19:00 PM,1519,21X,14,109,Oakland,1,True,True,D,BROADSIDE,,Saturday,,,,,False,False,False,,C,OTHER MOTOR VEHICLE,,0,0,CLEAR,,NO UNUSUAL CONDITIONS - NO UNUSUAL CONDITIONS,,A,DAYLIGHT,,,,,,,A,NO PEDESTRIANS INVOLVED,,A,22450A,,1,FRUITVALE AV,1,,,A,,,NICOL AV,,,A,7/30/2024 7:16:02 PM,1/30/2025 10:06:42 AM,,,2,,,,,,,
2982493,20-043489,2,False,0109,9/1/2020 8:00:00 AM,800,17Y,14,109,Oakland,1,True,True,B,SIDE SWIPE,,Tuesday,,,M,,False,False,True,,E,PARKED MOTOR VEHICLE,,0,0,CLEAR,,NO UNUSUAL CONDITIONS - NO UNUSUAL CONDITIONS,,A,DAYLIGHT,,,,,,,A,NO PEDESTRIANS INVOLVED,,A,22107,,1,13TH AV,1,,,A,S,40.0,E 31ST ST,F,,D,7/30/2024 7:15:39 PM,1/30/2025 10:06:33 AM,,,2,,,,,,,
2982492,20-044657,2,False,0109,9/7/2020 9:07:00 PM,2107,19X,14,109,Oakland,1,True,True,E,HIT OBJECT,,Monday,,,,,False,False,False,,I,FIXED OBJECT,,1,0,CLEAR,,NO UNUSUAL CONDITIONS - NO UNUSUAL CONDITIONS,,C,DARK-STREET LIGHTS,,,,,,,A,NO PEDESTRIANS INVOLVED,,A,22107,,1,EMBARCADERO,1,,,A,W,0.1,5TH AV,M,,D,7/30/2024 7:15:39 PM,1/30/2025 10:06:33 AM,,,2,,,,,,,
2982490,20-041234,2,False,0109,8/19/2020 4:53:00 PM,1653,33X,14,109,Oakland,1,True,True,E,HIT OBJECT,,Wednesday,,,,,False,False,True,,I,FIXED OBJECT,,0,0,CLEAR,,NO UNUSUAL CONDITIONS - NO UNUSUAL CONDITIONS,,A,DAYLIGHT,,,,,,,A,NO PEDESTRIANS INVOLVED,,A,22107,,1,INTERNATIONAL BL,2,,,A,E,50.0,90TH AV,F,,A,7/30/2024 7:15:39 PM,1/30/2025 10:06:33 AM,,,2,,,,,,,
2982489,20-043661,2,False,0109,9/2/2020 11:10:00 AM,1110,23X,14,109,Oakland,1,True,True,D,BROADSIDE,,Wednesday,,,,,False,False,False,,C,OTHER MOTOR VEHICLE,,0,0,CLEAR,,NO UNUSUAL CONDITIONS - NO UNUSUAL CONDITIONS,,A,DAYLIGHT,,,,,,,A,NO PEDESTRIANS INVOLVED,,A,22103,,1,E 8TH ST,2,,,A,,,34TH AV,,,B,7/30/2024 7:15:38 PM,1/30/2025 10:06:33 AM,,,2,,,,,,,
2982488,20-044604,2,False,0109,9/7/2020 3:03:00 PM,1503,26Y,14,109,Oakland,1,True,True,B,SIDE SWIPE,,Monday,,,,,False,False,False,,C,OTHER MOTOR VEHICLE,,0,0,CLEAR,,NO UNUSUAL CONDITIONS - NO UNUSUAL CONDITIONS,,A,DAYLIGHT,,,,,,,A,NO PEDESTRIANS INVOLVED,,A,21804A,,1,SEMINARY AV,2,,,A,,,EASTLAWN ST,,,D,7/30/2024 7:15:38 PM,1/30/2025 10:06:33 AM,,,2,,,,,,,
2982487,20-044420,2,False,0109,9/6/2020 3:19:00 PM,1519,32Y,14,109,Oakland,1,True,True,H,OTHER,,Sunday,,,,,False,False,False,,E,PARKED MOTOR VEHICLE,,0,0,CLEAR,,NO UNUSUAL CONDITIONS - NO UNUSUAL CONDITIONS,,A,DAYLIGHT,,,,,,,A,NO PEDESTRIANS INVOLVED,,A,22106,,1,STEARNS AV,2,,,A,W,120.0,99TH AV,F,,D,7/30/2024 7:15:38 PM,1/30/2025 10:06:33 AM,,,2,,,,,,,
2982486,20-043479,2,False,0109,9/1/2020 2:12:00 PM,1412,34X,14,109,Oakland,1,True,True,B,SIDE SWIPE,,Tuesday,,,M,,False,False,True,,E,PARKED MOTOR VEHICLE,,0,0,CLEAR,,NO UNUSUAL CONDITIONS - NO UNUSUAL CONDITIONS,,A,DAYLIGHT,,,,,,,A,NO PEDESTRIANS INVOLVED,,A,22350,,1,90TH AV,2,,,A,S,50.0,OLIVE ST,F,,D,7/30/2024 7:15:38 PM,1/30/2025 10:06:33 AM,,,2,,,,,,,
2982485,20-043575,2,False,0109,9/2/2020 2:47:00 AM,247,25Y,14,109,Oakland,1,True,True,B,SIDE SWIPE,,Wednesday,,,,,False,False,True,,I,FIXED OBJECT,,0,0,CLOUDY,,NO UNUSUAL CONDITIONS - NO UNUSUAL CONDITIONS,,C,DARK-STREET LIGHTS,,,,,,,A,NO PEDESTRIANS INVOLVED,,A,22350,,1,SKYLINE BL,2,,,A,W,350.0,SKYLINE DR,F,,D,7/30/2024 7:15:38 PM,1/30/2025 10:06:33 AM,,,2,,,,,,,
2982484,20-043696,2,False,0109,9/2/2020 11:59:00 AM,1159,13Y,14,109,Oakland,1,True,True,B,SIDE SWIPE,,Wednesday,,,,,False,False,False,,C,OTHER MOTOR VEHICLE,,0,0,CLEAR,,NO UNUSUAL CONDITIONS - NO UNUSUAL CONDITIONS,,A,DAYLIGHT,,,,,,,A,NO PEDESTRIANS INVOLVED,,A,21460A,,1,FISH RANCH RD,1,,,A,,,GIRZZLY PEAK BL,,,A,7/30/2024 7:15:37 PM,1/30/2025 10:06:33 AM,,,2,,,,,,,
2982454,20-032941,2,False,0109,7/5/2020 2:09:00 AM,209,24,14,109,Oakland,1,True,True,B,SIDE SWIPE,,Sunday,,,M,,False,False,False,,E,PARKED MOTOR VEHICLE,,0,0,CLEAR,,NO UNUSUAL CONDITIONS - NO UNUSUAL CONDITIONS,,C,DARK-STREET LIGHTS,,,,,,,A,NO PEDESTRIANS INVOLVED,,A,22107,,1,35TH AV,2,,,A,S,50.0,HARPER ST,F,,D,7/30/2024 7:15:33 PM,1/30/2025 10:06:31 AM,,,2,,,,,,,
2982451,20-037665,2,False,0109,7/31/2020 1:58:00 AM,158,20,14,109,Oakland,1,True,True,A,HEAD-ON,,Friday,,,M,,False,False,False,,E,PARKED MOTOR VEHICLE,,0,0,CLEAR,,NO UNUSUAL CONDITIONS - NO UNUSUAL CONDITIONS,,C,DARK-STREET LIGHTS,,,,,,,A,NO PEDESTRIANS INVOLVED,,A,22107,,1,INTERNATIONAL BL,1,,,A,E,25.0,26TH AV,F,,C,7/30/2024 7:15:33 PM,1/30/2025 10:06:31 AM,,,2,,,,,,,
2982450,20-032957,2,False,0109,7/6/2020 9:53:00 AM,953,24,14,109,Oakland,1,True,True,C,REAR END,,Monday,,,M,,False,False,False,,E,PARKED MOTOR VEHICLE,,0,0,CLEAR,,NO UNUSUAL CONDITIONS - NO UNUSUAL CONDITIONS,,C,DARK-STREET LIGHTS,,,,,,,A,NO PEDESTRIANS INVOLVED,,A,22350,,1,FOOTHILL BL,2,,,A,W,20.0,36TH AV,F,,D,7/30/2024 7:15:32 PM,1/30/2025 10:06:31 AM,,,2,,,,,,,
2982449,20-034355,2,False,0109,7/13/2020 8:12:00 PM,2012,23,14,109,Oakland,1,True,True,B,SIDE SWIPE,,Monday,,,,,False,False,True,,C,OTHER MOTOR VEHICLE,,0,0,CLEAR,,NO UNUSUAL CONDITIONS - NO UNUSUAL CONDITIONS,,A,DAYLIGHT,,,,,,,A,NO PEDESTRIANS INVOLVED,,A,21453A,,1,INTERNATIONAL BL,2,,,A,,,35TH AV,,,A,7/30/2024 7:15:32 PM,1/30/2025 10:06:31 AM,,,2,,,,,,,
2982443,20-037344,2,False,0109,7/29/2020 12:35:00 PM,1235,02,14,109,Oakland,1,True,True,C,REAR END,,Wednesday,,,M,,False,False,False,,C,OTHER MOTOR VEHICLE,,1,0,CLEAR,,NO UNUSUAL CONDITIONS - NO UNUSUAL CONDITIONS,,A,DAYLIGHT,,,,,,,A,NO PEDESTRIANS INVOLVED,,A,22107,,1,7TH ST,1,,,A,E,20.0,MIDDLE HARBOR RD,F,,A,7/30/2024 7:15:32 PM,1/30/2025 10:06:31 AM,,,2,,,,,,,
2982442,20-036690,2,False,0109,7/26/2020 12:36:00 AM,36,21,14,109,Oakland,1,True,True,B,SIDE SWIPE,,Sunday,,,M,,False,False,False,,C,OTHER MOTOR VEHICLE,,0,0,CLEAR,,NO UNUSUAL CONDITIONS - NO UNUSUAL CONDITIONS,,C,DARK-STREET LIGHTS,,,,,,,A,NO PEDESTRIANS INVOLVED,,A,23152A,,1,FRUTIVALE AV,1,,,A,,,PLEASANT AV,,,A,7/30/2024 7:15:31 PM,1/30/2025 10:06:31 AM,,,2,,,,,,,
2982440,20-037627,2,False,0109,7/30/2020 8:33:00 PM,2033,31Z,14,109,Oakland,1,True,True,E,HIT OBJECT,,Thursday,,,M,,False,False,True,,I,FIXED OBJECT,,0,0,CLEAR,,NO UNUSUAL CONDITIONS - NO UNUSUAL CONDITIONS,,A,DAYLIGHT,,,,,,,A,NO PEDESTRIANS INVOLVED,,A,22107,,1,100TH AV,2,,,A,S,10.0,SAN LEANDRO ST,F,,D,7/30/2024 7:15:31 PM,1/30/2025 10:06:31 AM,,,2,,,,,,,
2982439,20-035895,2,False,0109,7/27/2020 11:24:00 PM,2324,3,14,109,Oakland,1,True,True,,,,Monday,,,,,False,False,False,,C,OTHER MOTOR VEHICLE,,0,0,CLEAR,,NO UNUSUAL CONDITIONS - NO UNUSUAL CONDITIONS,,C,DARK-STREET LIGHTS,,,,,,,A,NO PEDESTRIANS INVOLVED,,A,21453A,,,OAK ST,1,,,A,,,14TH ST,,,A,7/30/2024 7:15:31 PM,1/30/2025 10:06:30 AM,,,2,,,,,,,
2982438,20-034155,2,False,0109,7/12/2020 5:10:00 PM,1710,34,14,109,Oakland,1,True,True,C,REAR END,,Sunday,,,,,False,False,True,,C,OTHER MOTOR VEHICLE,,0,0,CLEAR,,NO UNUSUAL CONDITIONS - NO UNUSUAL CONDITIONS,,A,DAYLIGHT,,,,,,,A,NO PEDESTRIANS INVOLVED,,A,22107,,1,INTERNATIONAL BL,2,,,A,W,20.0,83RD AV,F,,D,7/30/2024 7:15:30 PM,1/30/2025 10:06:30 AM,,,2,,,,,,,
2982400,20-026852,2,False,0109,5/31/2020 5:13:00 AM,513,19X,14,109,Oakland,1,True,True,B,SIDE SWIPE,,Sunday,,,F,,False,False,False,,G,BICYCLE,,1,0,CLEAR,,NO UNUSUAL CONDITIONS - NO UNUSUAL CONDITIONS,,B,DUSK-DAWN,,,,,,,A,NO PEDESTRIANS INVOLVED,,A,22107,,1,MARIN WAY,1,,,A,W,100.0,19TH AV,F,,D,7/30/2024 7:15:23 PM,1/30/2025 10:06:28 AM,,,2,,,,,,,