collision-id,report-number,report-version,is-preliminary,ncic-code,crash-date-time,crash-time-description,beat,city-id,city-code,city-name,county-code,city-is-active,city-is-incorporated,collision-type-code,collision-type-description,collision-type-other-desc,day-of-week,dispatch-notified,has-photographs,hit-run,is-attachments-mailed,is-deleted,is-highway-related,is-tow-away,judicial-district,motor-vehicle-involved-with-code,motor-vehicle-involved-with-desc,motor-vehicle-involved-with-other-desc,number-injured,number-killed,weather-1,weather-2,road-condition-1,road-condition-2,special-condition-lighting-code,lighting-description,latitude,longitude,milepost-direction,milepost-distance,milepost-marker,milepost-unit-of-measure,pedestrian-action-code,pedestrian-action-desc,prepared-date,primary-collision-factor-code,primary-collision-factor-violation,primary-collision-factor-is-cited,primary-collision-party-number,primary-road,reporting-district,reporting-district-code,reviewed-date,roadway-surface-code,secondary-direction,secondary-distance,secondary-road,secondary-unit-of-measure,sketch-desc,traffic-control-device-code,created-date,modified-date,is-county-road,is-freeway,chp-555-version,is-additonal-object-struck,notification-date,notification-time-description,has-digital-media-files,evidence-number,is-location-refer-to-narrative,is-aoi-one-same-as-location
2992293,20-044843,2,False,0109,9/8/2020 8:30:00 PM,2030,30X,14,109,Oakland,1,True,True,C,REAR END,,Tuesday,,,M,,False,False,True,,C,OTHER MOTOR VEHICLE,,1,0,CLEAR,,NO UNUSUAL CONDITIONS - NO UNUSUAL CONDITIONS,,C,DARK-STREET LIGHTS,,,,,,,A,NO PEDESTRIANS INVOLVED,,A,22350,,1,CHURCH ST,2,,,A,N,15.0,BANCROFT AV,F,,A,7/30/2024 7:45:45 PM,1/30/2025 10:17:20 AM,,,2,,,,,,,
2992292,20-045590,2,False,0109,9/11/2020 8:54:00 PM,2054,30X,14,109,Oakland,1,True,True,B,SIDE SWIPE,,Friday,,,M,,False,False,False,,D,MOTOR VEHICLE ON OTHER ROADWAY,,1,0,OTHER,,NO UNUSUAL CONDITIONS - NO UNUSUAL CONDITIONS,,C,DARK-STREET LIGHTS,,,,,,,A,NO PEDESTRIANS INVOLVED,,A,22107,,1,BANCROFT AV,2,,,A,,,BANCROFT AV  7700,,,A,7/30/2024 7:45:45 PM,1/30/2025 10:17:20 AM,,,2,,,,,,,
2992291,20-045750,2,False,0109,9/10/2020 8:30:00 PM,2030,32X,14,109,Oakland,1,True,True,A,HEAD-ON,,Thursday,,,M,,False,False,False,,C,OTHER MOTOR VEHICLE,,1,0,CLEAR,,NO UNUSUAL CONDITIONS - NO UNUSUAL CONDITIONS,,C,DARK-STREET LIGHTS,,,,,,,A,NO PEDESTRIANS INVOLVED,,A,22450A,,1,100TH AV,2,,,A,,,C ST,,,A,7/30/2024 7:45:44 PM,1/30/2025 10:17:19 AM,,,2,,,,,,,
2992257,20-039306,2,False,0109,8/9/2020 10:29:00 AM,1029,03X,14,109,Oakland,1,True,True,G,VEHICLE/PEDESTRAIN,,Sunday,,,,,False,False,False,,B,PEDESTRIAN,,1,0,CLEAR,,NO UNUSUAL CONDITIONS - NO UNUSUAL CONDITIONS,,A,DAYLIGHT,,,,,,,B,CROSSING IN CROSS WALK AT INTERSECTION,,A,21950A,,1,JACKSON ST,1,,,A,,,7TH ST,,,A,7/30/2024 7:45:37 PM,1/30/2025 10:17:17 AM,,,2,,,,,,,
2992256,20-039728,2,False,0109,8/11/2020 5:38:00 PM,1738,04X,14,109,Oakland,1,True,True,D,BROADSIDE,,Tuesday,,,,,False,False,False,,G,BICYCLE,,1,0,CLEAR,,NO UNUSUAL CONDITIONS - NO UNUSUAL CONDITIONS,,A,DAYLIGHT,,,,,,,A,NO PEDESTRIANS INVOLVED,,A,21801A,,1,W GRAND AV,1,,,A,,,MARTIN LUTHER KING JR WY,,,A,7/30/2024 7:45:37 PM,1/30/2025 10:17:17 AM,,,2,,,,,,,
2992240,20-037441,2,False,0109,7/22/2020 12:00:00 PM,1200,35X,14,109,Oakland,1,True,True,H,OTHER,,Wednesday,,,M,,False,False,False,,E,PARKED MOTOR VEHICLE,,0,0,CLEAR,,NO UNUSUAL CONDITIONS - NO UNUSUAL CONDITIONS,,B,DUSK-DAWN,,,,,,,A,NO PEDESTRIANS INVOLVED,,A,22107,,1,EC REEMS CT,2,,,A,N,300.0,MACARTHUR BL,F,,D,7/30/2024 7:45:34 PM,1/30/2025 10:17:16 AM,,,2,,,,,,,
2992239,20-036820,2,False,0109,7/26/2020 5:59:00 PM,1759,19X,14,109,Oakland,1,True,True,F,OVERTURNED,,Sunday,,,M,,False,False,True,,I,FIXED OBJECT,,0,0,CLEAR,,NO UNUSUAL CONDITIONS - NO UNUSUAL CONDITIONS,,A,DAYLIGHT,,,,,,,A,NO PEDESTRIANS INVOLVED,,A,22107,,1,21ST AV,1,,,A,N,5.0,E 12TH ST,F,,D,7/30/2024 7:45:34 PM,1/30/2025 10:17:16 AM,,,2,,,,,,,
2992238,20-036776,2,False,0109,7/26/2020 4:55:00 PM,1655,32X,14,109,Oakland,1,True,True,D,BROADSIDE,,Sunday,,,,,False,False,False,,G,BICYCLE,,0,0,CLEAR,,NO UNUSUAL CONDITIONS - NO UNUSUAL CONDITIONS,,A,DAYLIGHT,,,,,,,A,NO PEDESTRIANS INVOLVED,,A,21802A,,1,98TH AV,2,,,A,,,WALNUT ST,,,A,7/30/2024 7:45:34 PM,1/30/2025 10:17:16 AM,,,2,,,,,,,
2992236,20-033481,2,False,0109,7/8/2020 10:13:00 PM,2213,18X,14,109,Oakland,1,True,True,A,HEAD-ON,,Wednesday,,,,,False,False,True,,I,FIXED OBJECT,,0,0,CLEAR,,NO UNUSUAL CONDITIONS - NO UNUSUAL CONDITIONS,,C,DARK-STREET LIGHTS,,,,,,,A,NO PEDESTRIANS INVOLVED,,A,22107,,1,14TH AV,1,,,A,S,160.0,E 24TH ST,F,,D,7/30/2024 7:45:34 PM,1/30/2025 10:17:16 AM,,,2,,,,,,,
2992201,20-033718,2,False,0109,7/10/2020 3:13:00 AM,313,26X,14,109,Oakland,1,True,True,G,VEHICLE/PEDESTRAIN,,Friday,,,M,,False,False,False,,B,PEDESTRIAN,,1,0,CLEAR,,NO UNUSUAL CONDITIONS - NO UNUSUAL CONDITIONS,,C,DARK-STREET LIGHTS,,,,,,,B,CROSSING IN CROSS WALK AT INTERSECTION,,A,21950A,,1,INTERNATIONAL BL,2,,,A,,,50TH AV,,,A,7/30/2024 7:45:26 PM,1/30/2025 10:17:13 AM,,,2,,,,,,,
2992200,90-034348,2,False,0109,7/13/2020 6:37:00 PM,1837,30X,14,109,Oakland,1,True,True,A,HEAD-ON,,Monday,,,M,,False,False,False,,B,PEDESTRIAN,,1,0,CLEAR,,NO UNUSUAL CONDITIONS - NO UNUSUAL CONDITIONS,,A,DAYLIGHT,,,,,,,B,CROSSING IN CROSS WALK AT INTERSECTION,,A,22107,,1,BANCROFT AV,2,,,A,,,90TH AV,,,A,7/30/2024 7:45:26 PM,1/30/2025 10:17:13 AM,,,2,,,,,,,
2992198,20-035023,2,False,0109,7/16/2020 11:34:00 PM,2334,05X,14,109,Oakland,1,True,True,D,BROADSIDE,,Thursday,,,,,False,False,False,,C,OTHER MOTOR VEHICLE,,2,0,CLEAR,,NO UNUSUAL CONDITIONS - NO UNUSUAL CONDITIONS,,C,DARK-STREET LIGHTS,,,,,,,A,NO PEDESTRIANS INVOLVED,,A,21453A,,,14TH ST,1,,,A,,,MANDELA PKWY,,,A,7/30/2024 7:45:26 PM,1/30/2025 10:17:13 AM,,,2,,,,,,,
2991893,20-045253,2,False,0109,9/11/2020 3:15:00 PM,1515,14X,14,109,Oakland,1,True,True,D,BROADSIDE,,Friday,,,,,False,False,False,,E,PARKED MOTOR VEHICLE,,0,0,CLOUDY,,NO UNUSUAL CONDITIONS - NO UNUSUAL CONDITIONS,,A,DAYLIGHT,,,,,,,A,NO PEDESTRIANS INVOLVED,,A,22350,,1,CRESCENT ST,1,,,A,S,0.1,SANTA CLARA AV,M,,D,7/30/2024 7:44:29 PM,1/30/2025 10:16:54 AM,,,2,,,,,,,
2991887,20-044757,2,False,0109,9/8/2020 1:09:00 PM,1309,11X,14,109,Oakland,1,True,True,B,SIDE SWIPE,,Tuesday,,,,,False,False,False,,E,PARKED MOTOR VEHICLE,,0,0,CLEAR,,NO UNUSUAL CONDITIONS - NO UNUSUAL CONDITIONS,,A,DAYLIGHT,,,,,,,A,NO PEDESTRIANS INVOLVED,,A,22350,,1,TELEGRAPH AV,1,,,A,S,20.0,ALCATRAZ AV,F,,A,7/30/2024 7:44:28 PM,1/30/2025 10:16:53 AM,,,2,,,,,,,
2991885,20-045082,2,False,0109,9/10/2020 10:23:00 AM,1023,02X,14,109,Oakland,1,True,True,C,REAR END,,Thursday,,,,,False,False,False,,C,OTHER MOTOR VEHICLE,,0,0,CLOUDY,,NO UNUSUAL CONDITIONS - NO UNUSUAL CONDITIONS,,A,DAYLIGHT,,,,,,,A,NO PEDESTRIANS INVOLVED,,A,22106,,1,MYRTLE ST,1,,,A,S,120.0,3RD ST,F,,A,7/30/2024 7:44:28 PM,1/30/2025 10:16:53 AM,,,2,,,,,,,
2991880,20-034133,2,False,0109,7/12/2020 1:44:00 PM,1344,35X,14,109,Oakland,1,True,True,E,HIT OBJECT,,Sunday,,,M,,False,False,False,,I,FIXED OBJECT,,0,0,CLEAR,,NO UNUSUAL CONDITIONS - NO UNUSUAL CONDITIONS,,A,DAYLIGHT,,,,,,,A,NO PEDESTRIANS INVOLVED,,A,22107,,1,MACARTHUR BL,2,,,A,,,89TH AV,,,D,7/30/2024 7:44:27 PM,1/30/2025 10:16:53 AM,,,2,,,,,,,
2991876,20-045348,2,False,0109,9/12/2020 8:17:00 AM,817,30X,14,109,Oakland,1,True,True,,,,Saturday,,,M,,False,False,False,,C,OTHER MOTOR VEHICLE,,0,0,CLEAR,,NO UNUSUAL CONDITIONS - NO UNUSUAL CONDITIONS,,,,,,,,,,,,,A,22107,,1,67TH AV,2,,,,S,10.0,AVENAL AV,F,,,7/30/2024 7:44:26 PM,1/30/2025 10:16:53 AM,,,2,,,,,,,
2991872,20-044029,2,False,0109,9/4/2020 8:52:00 AM,852,34X,14,109,Oakland,1,True,True,D,BROADSIDE,,Friday,,,F,,False,False,True,,C,OTHER MOTOR VEHICLE,,2,0,CLEAR,,NO UNUSUAL CONDITIONS - NO UNUSUAL CONDITIONS,,A,DAYLIGHT,,,,,,,A,NO PEDESTRIANS INVOLVED,,A,22450A,,1,BANCROFT AV,2,,,A,,,96TH AV,,,A,7/30/2024 7:44:25 PM,1/30/2025 10:16:52 AM,,,2,,,,,,,
2991798,20-037483,2,False,0109,7/30/2020 8:05:00 AM,805,04X,14,109,Oakland,1,True,True,B,SIDE SWIPE,,Thursday,,,,,False,False,False,,C,OTHER MOTOR VEHICLE,,0,0,CLOUDY,,NO UNUSUAL CONDITIONS - NO UNUSUAL CONDITIONS,,A,DAYLIGHT,,,,,,,A,NO PEDESTRIANS INVOLVED,,A,21755,,1,18TH ST,1,,,A,E,10.0,CASTRO ST,F,,A,7/30/2024 7:44:12 PM,1/30/2025 10:16:47 AM,,,2,,,,,,,
2991735,20-036835,2,False,0109,7/25/2020 10:58:00 PM,2258,33X,14,109,Oakland,1,True,True,D,BROADSIDE,,Saturday,,,F,,False,False,False,,D,MOTOR VEHICLE ON OTHER ROADWAY,,0,0,CLEAR,,NO UNUSUAL CONDITIONS - NO UNUSUAL CONDITIONS,,C,DARK-STREET LIGHTS,,,,,,,A,NO PEDESTRIANS INVOLVED,,A,21801A,,1,73RD AV,2,,,A,S,60.0,MACARTHUR BL,F,,A,7/30/2024 7:44:01 PM,1/30/2025 10:16:43 AM,,,2,,,,,,,
2991734,20-036629,2,False,0109,7/25/2020 2:32:00 PM,1432,27X,14,109,Oakland,1,True,True,C,REAR END,,Saturday,,,,,False,False,False,,C,OTHER MOTOR VEHICLE,,0,0,CLEAR,,NO UNUSUAL CONDITIONS - NO UNUSUAL CONDITIONS,,A,DAYLIGHT,,,,,,,A,NO PEDESTRIANS INVOLVED,,A,22350,,1,FOOTHILL BL,2,,,A,E,10.0,50TH AV,F,,D,7/30/2024 7:44:01 PM,1/30/2025 10:16:43 AM,,,2,,,,,,,
2991733,20-037785,2,False,0109,7/31/2020 5:55:00 PM,1755,29X,14,109,Oakland,1,True,True,A,HEAD-ON,,Friday,,,,,False,False,False,,C,OTHER MOTOR VEHICLE,,0,0,CLEAR,,NO UNUSUAL CONDITIONS - NO UNUSUAL CONDITIONS,,A,DAYLIGHT,,,,,,,A,NO PEDESTRIANS INVOLVED,,A,22350,,1,69TH AV,2,,,A,S,50.0,LACEY AV,F,,D,7/30/2024 7:44:01 PM,1/30/2025 10:16:43 AM,,,2,,,,,,,
2991732,20-035138,2,False,0109,7/17/2020 4:33:00 PM,1633,20X,14,109,Oakland,1,True,True,C,REAR END,,Friday,,,M,,False,False,False,,C,OTHER MOTOR VEHICLE,,0,0,CLEAR,,NO UNUSUAL CONDITIONS - NO UNUSUAL CONDITIONS,,A,DAYLIGHT,,,,,,,A,NO PEDESTRIANS INVOLVED,,A,22350,,1,E 16TH ST,1,,,A,E,15.0,24TH AV,F,,D,7/30/2024 7:44:01 PM,1/30/2025 10:16:43 AM,,,2,,,,,,,
2991494,20-042837,2,False,0109,8/29/2020 3:01:00 AM,301,22X,14,109,Oakland,1,True,True,D,BROADSIDE,,Saturday,,,,,False,False,True,,C,OTHER MOTOR VEHICLE,,3,0,CLEAR,,NO UNUSUAL CONDITIONS - NO UNUSUAL CONDITIONS,,B,DUSK-DAWN,,,,,,,A,NO PEDESTRIANS INVOLVED,,A,21453A,,1,MONTANA ST,1,,,A,,,COOLIDGE AV,,,A,7/30/2024 7:43:17 PM,1/30/2025 10:16:28 AM,,,2,,,,,,,
2991484,20-044425,2,False,0109,9/6/2020 3:55:00 PM,1555,30X,14,109,Oakland,1,True,True,B,SIDE SWIPE,,Sunday,,,,,False,False,False,,C,OTHER MOTOR VEHICLE,,1,0,CLEAR,,NO UNUSUAL CONDITIONS - NO UNUSUAL CONDITIONS,,A,DAYLIGHT,,,,,,,A,NO PEDESTRIANS INVOLVED,,A,22107,,1,73RD AV,2,,,A,N,10.0,GARFIELD AV,F,,D,7/30/2024 7:43:15 PM,1/30/2025 10:16:27 AM,,,2,,,,,,,
2991482,20-044152,2,False,0109,9/4/2020 10:46:00 PM,2246,23X,14,109,Oakland,1,True,True,B,SIDE SWIPE,,Friday,,,F,,False,False,False,,G,BICYCLE,,1,0,CLEAR,,NO UNUSUAL CONDITIONS - NO UNUSUAL CONDITIONS,,C,DARK-STREET LIGHTS,,,,,,,A,NO PEDESTRIANS INVOLVED,,A,22350,,1,INTERNATIONAL BL,2,,,A,,,HIGH ST,,,A,7/30/2024 7:43:14 PM,1/30/2025 10:16:26 AM,,,2,,,,,,,
2991481,20-044129,2,False,0109,9/4/2020 8:52:00 PM,2052,06X,14,109,Oakland,1,True,True,B,SIDE SWIPE,,Friday,,,M,,False,False,True,,I,FIXED OBJECT,,1,0,CLEAR,,NO UNUSUAL CONDITIONS - NO UNUSUAL CONDITIONS,,C,DARK-STREET LIGHTS,,,,,,,F,NOT IN ROAD,,A,22107,,1,SAN PABLO AV,1,,,A,,,32ND AV,,,A,7/30/2024 7:43:14 PM,1/30/2025 10:16:26 AM,,,2,,,,,,,
2991480,20-045275,2,False,0109,9/11/2020 6:08:00 PM,1808,34X,14,109,Oakland,1,True,True,C,REAR END,,Friday,,,M,,False,False,False,,C,OTHER MOTOR VEHICLE,,1,0,CLOUDY,,NO UNUSUAL CONDITIONS - NO UNUSUAL CONDITIONS,,A,DAYLIGHT,,,,,,,A,NO PEDESTRIANS INVOLVED,,A,22350,,1,INTERNATIONAL BL,2,,,A,W,75.0,98TH AV,F,,D,7/30/2024 7:43:14 PM,1/30/2025 10:16:26 AM,,,2,,,,,,,
2991479,20-044625,2,False,0109,9/7/2020 4:34:00 PM,1634,02X,14,109,Oakland,1,True,True,D,BROADSIDE,,Monday,,,M,,False,False,False,,C,OTHER MOTOR VEHICLE,,2,0,CLEAR,,NO UNUSUAL CONDITIONS - NO UNUSUAL CONDITIONS,,A,DAYLIGHT,,,,,,,A,NO PEDESTRIANS INVOLVED,,A,21453A,,1,12TH ST,1,,,A,,,MANDELA PKWY,,,A,7/30/2024 7:43:14 PM,1/30/2025 10:16:26 AM,,,2,,,,,,,
2991478,20-043977,2,False,0109,9/3/2020 10:52:00 PM,2252,30X,14,109,Oakland,1,True,True,D,BROADSIDE,,Thursday,,,,,False,False,False,,C,OTHER MOTOR VEHICLE,,1,0,CLEAR,,,,C,DARK-STREET LIGHTS,,,,,,,A,NO PEDESTRIANS INVOLVED,,A,22107,,1,77TH AV,2,,,A,,,GARFIELD AV,,,D,7/30/2024 7:43:14 PM,1/30/2025 10:16:26 AM,,,2,,,,,,,
2990767,20-031230,2,False,0109,6/26/2020 4:17:00 PM,1617,30X,14,109,Oakland,1,True,True,C,REAR END,,Friday,,,M,,False,False,False,,C,OTHER MOTOR VEHICLE,,0,0,CLEAR,,NO UNUSUAL CONDITIONS - NO UNUSUAL CONDITIONS,,A,DAYLIGHT,,,,,,,A,NO PEDESTRIANS INVOLVED,,A,21703,,1,73RD AV,2,,,A,S,10.0,BANCROFT AV,F,,A,7/30/2024 7:40:55 PM,1/30/2025 10:15:38 AM,,,2,,,,,,,
2990435,20-030283,2,False,0109,6/21/2020 4:28:00 PM,1628,08X,14,109,Oakland,1,True,True,G,VEHICLE/PEDESTRAIN,,Sunday,,,,,False,False,False,,B,PEDESTRIAN,,1,0,CLEAR,,NO UNUSUAL CONDITIONS - NO UNUSUAL CONDITIONS,,A,DAYLIGHT,,,,,,,B,CROSSING IN CROSS WALK AT INTERSECTION,,A,21950A,,1,25TH ST,1,,,A,,,TELEGRAPH AV,,,C,7/30/2024 7:39:52 PM,1/30/2025 10:15:17 AM,,,2,,,,,,,
2990415,20-029994,2,False,0109,6/19/2020 8:09:00 PM,2009,28X,14,109,Oakland,1,True,True,B,SIDE SWIPE,,Friday,,,M,,False,False,True,,C,OTHER MOTOR VEHICLE,,0,0,CLEAR,,NO UNUSUAL CONDITIONS - NO UNUSUAL CONDITIONS,,A,DAYLIGHT,,,,,,,A,NO PEDESTRIANS INVOLVED,,A,21209,,1,MACARTHUR BL,2,,,A,W,120.0,CAMDEN ST,F,,D,7/30/2024 7:39:49 PM,1/30/2025 10:15:16 AM,,,2,,,,,,,
2989319,20-044664,2,False,0109,9/7/2020 5:15:00 PM,1715,02X,14,109,Oakland,1,True,True,B,SIDE SWIPE,,Monday,,,M,,False,False,False,,E,PARKED MOTOR VEHICLE,,0,0,CLEAR,,NO UNUSUAL CONDITIONS - NO UNUSUAL CONDITIONS,,A,DAYLIGHT,,,,,,,A,NO PEDESTRIANS INVOLVED,,A,22107,,1,3RD ST,1,,,A,W,50.0,CHESTER ST,F,,A,7/30/2024 7:36:23 PM,1/30/2025 10:14:06 AM,,,2,,,,,,,
2989268,20-030164,2,False,0109,6/20/2020 10:00:00 PM,2200,26Y,14,109,Oakland,1,True,True,D,BROADSIDE,,Saturday,,,M,,False,False,False,,C,OTHER MOTOR VEHICLE,,2,0,CLEAR,,NO UNUSUAL CONDITIONS - NO UNUSUAL CONDITIONS,,C,DARK-STREET LIGHTS,,,,,,,A,NO PEDESTRIANS INVOLVED,,A,21655A,,1,81ST AV,2,,,A,,,INTERNATIONAL BL,,,A,7/30/2024 7:36:14 PM,1/30/2025 10:14:03 AM,,,2,,,,,,,
2989267,20-030866,2,False,0109,6/24/2020 7:19:00 PM,1919,04X,14,109,Oakland,1,True,True,D,BROADSIDE,,Wednesday,,,,,False,False,False,,C,OTHER MOTOR VEHICLE,,1,0,CLEAR,,NO UNUSUAL CONDITIONS - NO UNUSUAL CONDITIONS,,B,DUSK-DAWN,,,,,,,A,NO PEDESTRIANS INVOLVED,,A,21453A,,,BRUSH ST,1,,,A,,,18TH ST,,,A,7/30/2024 7:36:13 PM,1/30/2025 10:14:02 AM,,,2,,,,,,,
2989263,20-028696,2,False,0109,6/12/2020 5:07:00 AM,507,31Z,14,109,Oakland,1,True,True,D,BROADSIDE,,Friday,,,,,False,False,True,,C,OTHER MOTOR VEHICLE,,1,0,CLEAR,,NO UNUSUAL CONDITIONS - NO UNUSUAL CONDITIONS,,B,DUSK-DAWN,,,,,,,A,NO PEDESTRIANS INVOLVED,,A,21801A,,1,98TH AV,2,,,A,,,EDES AV,,,A,7/30/2024 7:36:12 PM,1/30/2025 10:14:02 AM,,,2,,,,,,,
2989260,20-031381,2,False,0109,6/27/2020 2:25:00 PM,1425,21X,14,109,Oakland,1,True,True,B,SIDE SWIPE,,Saturday,,,M,,False,False,False,,E,PARKED MOTOR VEHICLE,,0,0,CLEAR,,NO UNUSUAL CONDITIONS - NO UNUSUAL CONDITIONS,,A,DAYLIGHT,,,,,,,A,NO PEDESTRIANS INVOLVED,,A,22107,,1,FRUITVALE AV,1,,,A,,,E 27TH ST,,,A,7/30/2024 7:36:12 PM,1/30/2025 10:14:02 AM,,,2,,,,,,,
2989034,20-030700,2,False,0109,6/21/2020 5:00:00 PM,1700,31Y,14,109,Oakland,1,True,True,A,HEAD-ON,,Sunday,,,F,,False,False,False,,B,PEDESTRIAN,,1,0,CLEAR,,NO UNUSUAL CONDITIONS - NO UNUSUAL CONDITIONS,,A,DAYLIGHT,,,,,,,B,CROSSING IN CROSS WALK AT INTERSECTION,,A,21950A,,1,ROSSMOOR CT,2,,,A,E,25.0,CLARA ST,F,,A,7/30/2024 7:35:28 PM,1/30/2025 10:13:44 AM,,,2,,,,,,,
2988850,20-042975,2,False,0109,8/29/2020 10:08:00 PM,2208,27Y,14,109,Oakland,1,True,True,B,SIDE SWIPE,,Saturday,,,,,False,False,False,,E,PARKED MOTOR VEHICLE,,0,0,CLEAR,,NO UNUSUAL CONDITIONS - NO UNUSUAL CONDITIONS,,C,DARK-STREET LIGHTS,,,,,,,A,NO PEDESTRIANS INVOLVED,,A,23152A,,1,E 16TH ST,2,,,A,E,75.0,57TH AV,F,,A,7/30/2024 7:34:55 PM,1/30/2025 10:13:32 AM,,,2,,,,,,,
2988849,20-038104,2,False,0109,8/2/2020 11:35:00 PM,2335,30Y,14,109,Oakland,1,True,True,B,SIDE SWIPE,,Sunday,,,M,,False,False,True,,E,PARKED MOTOR VEHICLE,,0,0,CLEAR,,NO UNUSUAL CONDITIONS - NO UNUSUAL CONDITIONS,,C,DARK-STREET LIGHTS,,,,,,,A,NO PEDESTRIANS INVOLVED,,A,22107,,1,77TH AV,2,,,A,N,20.0,GARFIELD AV,F,,D,7/30/2024 7:34:55 PM,1/30/2025 10:13:32 AM,,,2,,,,,,,
2988847,20-041538,2,False,0109,8/21/2020 2:30:00 PM,1430,17Y,14,109,Oakland,1,True,True,D,BROADSIDE,,Friday,,,,,False,False,False,,C,OTHER MOTOR VEHICLE,,0,0,CLEAR,,NO UNUSUAL CONDITIONS - NO UNUSUAL CONDITIONS,,A,DAYLIGHT,,,,,,,A,NO PEDESTRIANS INVOLVED,,A,21802,,1,10TH AV,1,,,A,,,23RD ST,,,D,7/30/2024 7:34:55 PM,1/30/2025 10:13:32 AM,,,2,,,,,,,
2988814,20-049150,2,False,0109,10/4/2020 7:20:00 PM,1920,15X,14,109,Oakland,1,True,True,B,SIDE SWIPE,,Sunday,,,M,,False,False,False,,C,OTHER MOTOR VEHICLE,,1,0,CLEAR,,NO UNUSUAL CONDITIONS - NO UNUSUAL CONDITIONS,,C,DARK-STREET LIGHTS,,,,,,,A,NO PEDESTRIANS INVOLVED,,A,22107,,1,LAKESHORE AV,1,,,A,S,120.0,HANOVER AV,F,,D,7/30/2024 7:34:49 PM,1/30/2025 10:13:30 AM,,,2,,,,,,,
2988812,20-048579,2,False,0109,10/1/2020 12:35:00 AM,35,23X,14,109,Oakland,1,True,True,D,BROADSIDE,,Thursday,,,,,False,False,False,,C,OTHER MOTOR VEHICLE,,1,0,CLEAR,,NO UNUSUAL CONDITIONS - NO UNUSUAL CONDITIONS,,C,DARK-STREET LIGHTS,,,,,,,A,NO PEDESTRIANS INVOLVED,,A,21453A,,1,INTERNATIONAL BL,2,,,A,,,HIGH ST,,,A,7/30/2024 7:34:49 PM,1/30/2025 10:13:30 AM,,,2,,,,,,,
2987734,20-047675,2,False,0109,9/25/2020 4:54:00 PM,1654,35X,14,109,Oakland,1,True,True,C,REAR END,,Friday,,,,,False,False,False,,C,OTHER MOTOR VEHICLE,,1,0,CLEAR,,NO UNUSUAL CONDITIONS - NO UNUSUAL CONDITIONS,,A,DAYLIGHT,,,,,,,A,NO PEDESTRIANS INVOLVED,,A,22350,,1,BANCROFT AV,2,,,A,E,100.0,83RD AV,F,,D,7/30/2024 7:31:26 PM,1/30/2025 10:12:21 AM,,,2,,,,,,,
2987733,20-048379,2,False,0109,9/29/2020 8:36:00 PM,2036,34X,14,109,Oakland,1,True,True,A,HEAD-ON,,Tuesday,,,,,False,False,False,,E,PARKED MOTOR VEHICLE,,1,0,CLEAR,,NO UNUSUAL CONDITIONS - NO UNUSUAL CONDITIONS,,D,DARK-NO STREET LIGHTS,,,,,,,A,NO PEDESTRIANS INVOLVED,,A,22107,,1,AUSEON AV,2,,,A,N,25.0,INTERNATIONAL BL,F,,D,7/30/2024 7:31:26 PM,1/30/2025 10:12:21 AM,,,2,,,,,,,
2987732,20-047499,2,False,0109,9/24/2020 1:15:00 PM,1315,03Y,14,109,Oakland,1,True,True,G,VEHICLE/PEDESTRAIN,,Thursday,,,,,False,False,False,,B,PEDESTRIAN,,1,0,CLEAR,,NO UNUSUAL CONDITIONS - NO UNUSUAL CONDITIONS,,A,DAYLIGHT,,,,,,,B,CROSSING IN CROSS WALK AT INTERSECTION,,A,21950A,,1,8TH ST,1,,,A,,,WASHINGTON ST,,,A,7/30/2024 7:31:25 PM,1/30/2025 10:12:21 AM,,,2,,,,,,,
2987731,20-046791,2,False,0109,9/20/2020 6:15:00 PM,1815,10X,14,109,Oakland,1,True,True,H,OTHER,,Sunday,,,,,False,False,False,,G,BICYCLE,,1,0,CLEAR,,NO UNUSUAL CONDITIONS - NO UNUSUAL CONDITIONS,,A,DAYLIGHT,,,,,,,B,CROSSING IN CROSS WALK AT INTERSECTION,,A,21453A,,1,65TH ST,1,,,A,,,SAN PABLO AV,,,A,7/30/2024 7:31:25 PM,1/30/2025 10:12:20 AM,,,2,,,,,,,
2987730,20-047117,2,False,0109,9/22/2020 10:00:00 AM,1000,08X,14,109,Oakland,1,True,True,C,REAR END,,Tuesday,,,,,False,False,False,,G,BICYCLE,,1,0,CLEAR,,NO UNUSUAL CONDITIONS - NO UNUSUAL CONDITIONS,,A,DAYLIGHT,,,,,,,A,NO PEDESTRIANS INVOLVED,,A,22106,,1,BROADWAY,1,,,A,N,10.0,30TH ST,F,,A,7/30/2024 7:31:24 PM,1/30/2025 10:12:20 AM,,,2,,,,,,,
2987729,20-047514,2,False,0109,9/24/2020 12:53:00 PM,1253,19X,14,109,Oakland,1,True,True,C,REAR END,,Thursday,,,,,False,False,False,,C,OTHER MOTOR VEHICLE,,2,0,CLEAR,,NO UNUSUAL CONDITIONS - NO UNUSUAL CONDITIONS,,A,DAYLIGHT,,,,,,,A,NO PEDESTRIANS INVOLVED,,A,22350,,1,21ST AV,1,,,A,N,20.0,INTERNATIONAL BL,F,,A,7/30/2024 7:31:24 PM,1/30/2025 10:12:20 AM,,,2,,,,,,,
2987636,20-046239,2,False,0109,9/17/2020 1:53:00 PM,1353,02X,14,109,Oakland,1,True,True,D,BROADSIDE,,Thursday,,,M,,False,False,False,,C,OTHER MOTOR VEHICLE,,1,0,CLEAR,,NO UNUSUAL CONDITIONS - NO UNUSUAL CONDITIONS,,A,DAYLIGHT,,,,,,,A,NO PEDESTRIANS INVOLVED,,A,21453A,,1,7TH  ST,1,,,A,,,ADELINE ST,,,A,7/30/2024 7:31:07 PM,1/30/2025 10:12:14 AM,,,2,,,,,,,
2987635,20-045230,2,False,0109,9/11/2020 11:51:00 AM,1151,03X,14,109,Oakland,1,True,True,B,SIDE SWIPE,,Friday,,,M,,False,False,False,,B,PEDESTRIAN,,1,0,CLOUDY,,NO UNUSUAL CONDITIONS - NO UNUSUAL CONDITIONS,,A,DAYLIGHT,,,,,,,E,IN ROAD - INCLUDES SHOULDER,,A,22107,,1,8TH ST,1,,,A,W,200.0,HARRISON ST,F,,D,7/30/2024 7:31:06 PM,1/30/2025 10:12:14 AM,,,2,,,,,,,