collision-id,report-number,report-version,is-preliminary,ncic-code,crash-date-time,crash-time-description,beat,city-id,city-code,city-name,county-code,city-is-active,city-is-incorporated,collision-type-code,collision-type-description,collision-type-other-desc,day-of-week,dispatch-notified,has-photographs,hit-run,is-attachments-mailed,is-deleted,is-highway-related,is-tow-away,judicial-district,motor-vehicle-involved-with-code,motor-vehicle-involved-with-desc,motor-vehicle-involved-with-other-desc,number-injured,number-killed,weather-1,weather-2,road-condition-1,road-condition-2,special-condition-lighting-code,lighting-description,latitude,longitude,milepost-direction,milepost-distance,milepost-marker,milepost-unit-of-measure,pedestrian-action-code,pedestrian-action-desc,prepared-date,primary-collision-factor-code,primary-collision-factor-violation,primary-collision-factor-is-cited,primary-collision-party-number,primary-road,reporting-district,reporting-district-code,reviewed-date,roadway-surface-code,secondary-direction,secondary-distance,secondary-road,secondary-unit-of-measure,sketch-desc,traffic-control-device-code,created-date,modified-date,is-county-road,is-freeway,chp-555-version,is-additonal-object-struck,notification-date,notification-time-description,has-digital-media-files,evidence-number,is-location-refer-to-narrative,is-aoi-one-same-as-location
3018257,20-044660,2,False,0109,9/7/2020 9:11:00 PM,2111,30X,14,109,Oakland,1,True,True,C,REAR END,,Monday,,,,,False,False,False,,C,OTHER MOTOR VEHICLE,,0,0,CLEAR,,NO UNUSUAL CONDITIONS - NO UNUSUAL CONDITIONS,,C,DARK-STREET LIGHTS,,,,,,,A,NO PEDESTRIANS INVOLVED,,A,21801A,,1,73RD AV,2,,,A,,,ARTHUR ST,,,A,7/31/2024 11:28:17 AM,1/30/2025 1:28:50 PM,,,2,,,,,,,
3018256,20-037032,2,False,0109,7/28/2020 2:00:00 AM,200,31Y,14,109,Oakland,1,True,True,A,HEAD-ON,,Tuesday,,,M,,False,False,False,,E,PARKED MOTOR VEHICLE,,0,0,CLEAR,,NO UNUSUAL CONDITIONS - NO UNUSUAL CONDITIONS,,C,DARK-STREET LIGHTS,,,,,,,A,NO PEDESTRIANS INVOLVED,,A,22107,,1,WORTH ST,2,,,A,S,10.0,EDES AV,F,,A,7/31/2024 11:28:17 AM,1/30/2025 1:28:50 PM,,,2,,,,,,,
3018254,20-044305,2,False,0109,9/5/2020 9:47:00 PM,2147,5X,14,109,Oakland,1,True,True,A,HEAD-ON,,Saturday,,,F,,False,False,False,,I,FIXED OBJECT,,0,0,CLEAR,,NO UNUSUAL CONDITIONS - NO UNUSUAL CONDITIONS,,B,DUSK-DAWN,,,,,,,A,NO PEDESTRIANS INVOLVED,,A,22107,,1,MANDELA PKWY,1,,,A,N,50.0,18TH ST,F,,B,7/31/2024 11:28:17 AM,1/30/2025 1:28:50 PM,,,2,,,,,,,
3018216,20-042034,2,False,0109,8/24/2020 2:31:00 PM,1431,09X,14,109,Oakland,1,True,True,B,SIDE SWIPE,,Monday,,,,,False,False,False,,G,BICYCLE,,1,0,CLEAR,,NO UNUSUAL CONDITIONS - NO UNUSUAL CONDITIONS,,A,DAYLIGHT,,,,,,,A,NO PEDESTRIANS INVOLVED,,A,22107,,1,PLEASANT VALLEY RD,1,,,A,,,GILBERT ST,,,D,7/31/2024 11:28:15 AM,1/30/2025 1:28:49 PM,,,2,,,,,,,
3017708,20-053182,2,False,0109,10/28/2020 10:37:00 AM,1037,13Z,14,109,Oakland,1,True,True,D,BROADSIDE,,Wednesday,,,,,False,False,False,,G,BICYCLE,,1,0,CLEAR,,NO UNUSUAL CONDITIONS - NO UNUSUAL CONDITIONS,,A,DAYLIGHT,,,,,,,A,NO PEDESTRIANS INVOLVED,,A,21802A,,1,MOUNTAIN BL,1,,,A,,,COLTON BL,,,A,7/31/2024 11:27:42 AM,1/30/2025 1:28:35 PM,,,2,,,,,,,
3017694,20-051137,2,False,0109,10/18/2020 9:40:00 PM,2140,11X,14,109,Oakland,1,True,True,H,OTHER,,Sunday,,,,,False,False,False,,A,NON-COLLISION,,1,0,CLEAR,,NO UNUSUAL CONDITIONS - NO UNUSUAL CONDITIONS,,C,DARK-STREET LIGHTS,,,,,,,A,NO PEDESTRIANS INVOLVED,,A,22350,,1,TELEGRAPH AV,1,,,A,S,50.0,65TH ST,F,,D,7/31/2024 11:27:41 AM,1/30/2025 1:28:35 PM,,,2,,,,,,,
3017692,20-051985,2,False,0109,10/21/2020 11:20:00 AM,1120,29X,14,109,Oakland,1,True,True,D,BROADSIDE,,Wednesday,,,,,False,False,False,,C,OTHER MOTOR VEHICLE,,2,0,CLEAR,,NO UNUSUAL CONDITIONS - NO UNUSUAL CONDITIONS,,A,DAYLIGHT,,,,,,,A,NO PEDESTRIANS INVOLVED,,A,21801A,,1,MACARTHUR BL,2,,,A,E,82.0,69TH AV,F,,D,7/31/2024 11:27:41 AM,1/30/2025 1:28:35 PM,,,2,,,,,,,
3017691,20-051964,2,False,0109,10/21/2020 9:37:00 AM,937,05Y,14,109,Oakland,1,True,True,D,BROADSIDE,,Wednesday,,,,,False,False,False,,G,BICYCLE,,1,0,CLEAR,,NO UNUSUAL CONDITIONS - NO UNUSUAL CONDITIONS,,A,DAYLIGHT,,,,,,,A,NO PEDESTRIANS INVOLVED,,A,21453A,,,MARITIME ST,2,,,A,S,3.0,ADMIRAL ROBERT TONEY WY,F,,A,7/31/2024 11:27:41 AM,1/30/2025 1:28:35 PM,,,2,,,,,,,
3017690,20-052393,2,False,0109,10/23/2020 8:27:00 PM,2027,06X,14,109,Oakland,1,True,True,B,SIDE SWIPE,,Friday,,,M,,False,False,True,,C,OTHER MOTOR VEHICLE,,1,0,CLEAR,,NO UNUSUAL CONDITIONS - NO UNUSUAL CONDITIONS,,C,DARK-STREET LIGHTS,,,,,,,A,NO PEDESTRIANS INVOLVED,,A,21651B,,1,MARKET ST,1,,,A,,,39TH ST,,,A,7/31/2024 11:27:41 AM,1/30/2025 1:28:35 PM,,,2,,,,,,,
3017631,20-053989,2,False,0109,11/1/2020 4:58:00 PM,1658,31X,14,109,Oakland,1,True,True,F,OVERTURNED,,Sunday,,,,,False,False,True,,I,FIXED OBJECT,,1,0,CLEAR,,NO UNUSUAL CONDITIONS - NO UNUSUAL CONDITIONS,,B,DUSK-DAWN,,,,,,,A,NO PEDESTRIANS INVOLVED,,A,22107,,1,WALTER AV,2,,,A,W,15.0,98TH AV,F,,A,7/31/2024 11:27:37 AM,1/30/2025 1:28:33 PM,,,2,,,,,,,
3017630,20-054179,2,False,0109,11/2/2020 5:12:00 PM,1712,10X,14,109,Oakland,1,True,True,G,VEHICLE/PEDESTRAIN,,Monday,,,M,,False,False,False,,B,PEDESTRIAN,,1,0,CLEAR,,NO UNUSUAL CONDITIONS - NO UNUSUAL CONDITIONS,,B,DUSK-DAWN,,,,,,,B,CROSSING IN CROSS WALK AT INTERSECTION,,A,21950A,,1,56TH ST,1,,,A,,,MARKET ST,,,D,7/31/2024 11:27:37 AM,1/30/2025 1:28:33 PM,,,2,,,,,,,
3016171,20-025474,2,False,0109,5/23/2020 1:55:00 AM,155,22Y,14,109,Oakland,1,True,True,B,SIDE SWIPE,,Saturday,,,M,,False,False,True,,E,PARKED MOTOR VEHICLE,,0,0,CLEAR,,NO UNUSUAL CONDITIONS - NO UNUSUAL CONDITIONS,,C,DARK-STREET LIGHTS,,,,,,,A,NO PEDESTRIANS INVOLVED,,A,22107,,1,LAUREL AV,1,,,A,S,105.0,SYLVAN,F,,D,7/31/2024 11:26:08 AM,1/30/2025 1:27:54 PM,,,2,,,,,,,
3016159,20-026783,2,False,0109,5/30/2020 9:43:00 PM,2143,24X,14,109,Oakland,1,True,True,H,OTHER,,Saturday,,,,,False,False,False,,C,OTHER MOTOR VEHICLE,,2,0,CLEAR,,NO UNUSUAL CONDITIONS - NO UNUSUAL CONDITIONS,,C,DARK-STREET LIGHTS,,,,,,,A,NO PEDESTRIANS INVOLVED,,A,22107,,1,FOOTHILL BL,2,,,A,W,10.0,41ST AV,F,,A,7/31/2024 11:26:07 AM,1/30/2025 1:27:54 PM,,,2,,,,,,,
3016149,20-024042,2,False,0109,5/14/2020 10:06:00 AM,1006,19X,14,109,Oakland,1,True,True,D,BROADSIDE,,Thursday,,,,,False,False,False,,C,OTHER MOTOR VEHICLE,,2,0,CLOUDY,,NO UNUSUAL CONDITIONS - NO UNUSUAL CONDITIONS,,A,DAYLIGHT,,,,,,,A,NO PEDESTRIANS INVOLVED,,A,21802A,,1,12TH AV,1,,,A,,,INTERMATIONAL BL,,,A,7/31/2024 11:26:07 AM,1/30/2025 1:27:54 PM,,,2,,,,,,,
3016104,20-025915,2,False,0109,5/25/2020 9:37:00 PM,2137,19X,14,109,Oakland,1,True,True,G,VEHICLE/PEDESTRAIN,,Monday,,,M,,False,False,False,,G,BICYCLE,,0,0,CLEAR,,NO UNUSUAL CONDITIONS - NO UNUSUAL CONDITIONS,,C,DARK-STREET LIGHTS,,,,,,,E,IN ROAD - INCLUDES SHOULDER,,A,22450,,1,EMBARCADERO,1,,,A,,,16TH AV,,,D,7/31/2024 11:26:04 AM,1/30/2025 1:27:53 PM,,,2,,,,,,,
3016057,20-027840,2,False,0109,6/6/2020 8:21:00 PM,2021,23X,14,109,Oakland,1,True,True,E,HIT OBJECT,,Saturday,,,M,,False,False,True,,I,FIXED OBJECT,,0,0,CLEAR,,NO UNUSUAL CONDITIONS - NO UNUSUAL CONDITIONS,,B,DUSK-DAWN,,,,,,,A,NO PEDESTRIANS INVOLVED,,A,22350,,1,E 8TH ST,2,,,A,,,37TH AV,,,A,7/31/2024 11:26:01 AM,1/30/2025 1:27:52 PM,,,2,,,,,,,
3016056,20-030060,2,False,0109,6/20/2020 12:14:00 AM,14,24X,14,109,Oakland,1,True,True,A,HEAD-ON,,Saturday,,,M,,False,False,False,,C,OTHER MOTOR VEHICLE,,0,0,CLEAR,,NO UNUSUAL CONDITIONS - NO UNUSUAL CONDITIONS,,C,DARK-STREET LIGHTS,,,,,,,A,NO PEDESTRIANS INVOLVED,,A,22107,,1,HIGH ST,2,,,A,N,15.0,LYON AV,F,,D,7/31/2024 11:26:00 AM,1/30/2025 1:27:51 PM,,,2,,,,,,,
3016055,20-031312,2,False,0109,6/27/2020 8:00:00 AM,800,15X,14,109,Oakland,1,True,True,E,HIT OBJECT,,Saturday,,,M,,False,False,False,,I,FIXED OBJECT,,0,0,CLEAR,,NO UNUSUAL CONDITIONS - NO UNUSUAL CONDITIONS,,A,DAYLIGHT,,,,,,,A,NO PEDESTRIANS INVOLVED,,A,22107,,1,18TH AV,1,,,A,,,3RD ST,,,A,7/31/2024 11:26:00 AM,1/30/2025 1:27:51 PM,,,2,,,,,,,
3016036,20-024174,2,False,0109,5/15/2020 2:30:00 AM,230,30Y,14,109,Oakland,1,True,True,B,SIDE SWIPE,,Friday,,,M,,False,False,True,,E,PARKED MOTOR VEHICLE,,0,0,CLEAR,,NO UNUSUAL CONDITIONS - NO UNUSUAL CONDITIONS,,C,DARK-STREET LIGHTS,,,,,,,A,NO PEDESTRIANS INVOLVED,,A,23152A,,1,MACARTHUR BL,2,,,A,E,400.0,78TH AV,F,,A,7/31/2024 11:25:59 AM,1/30/2025 1:27:51 PM,,,2,,,,,,,
3016013,20-031430,2,False,0109,6/27/2020 8:26:00 PM,2026,31Z,14,109,Oakland,1,True,True,D,BROADSIDE,,Saturday,,,M,,False,False,True,,A,NON-COLLISION,,2,0,CLEAR,,NO UNUSUAL CONDITIONS - NO UNUSUAL CONDITIONS,,B,DUSK-DAWN,,,,,,,,,,D,21453A,,1,98TH AV,2,,,A,,,DENSLOWE ST,,,A,7/31/2024 11:25:58 AM,1/30/2025 1:27:50 PM,,,2,,,,,,,
3015669,20-048373,2,False,0109,9/29/2020 7:25:00 PM,1925,10X,14,109,Oakland,1,True,True,H,OTHER,,Tuesday,,,M,,False,False,False,,G,BICYCLE,,1,0,CLEAR,,NO UNUSUAL CONDITIONS - NO UNUSUAL CONDITIONS,,B,DUSK-DAWN,,,,,,,A,NO PEDESTRIANS INVOLVED,,A,21453A,,1,40TH ST,1,,,A,,,BROADWAY,,,A,7/31/2024 11:25:38 AM,1/30/2025 1:27:42 PM,,,2,,,,,,,
3015325,20-050553,2,False,0109,10/12/2020 10:15:00 PM,2215,17Y,14,109,Oakland,1,True,True,D,BROADSIDE,,Monday,,,M,,False,False,True,,C,OTHER MOTOR VEHICLE,,0,0,CLEAR,,NO UNUSUAL CONDITIONS - NO UNUSUAL CONDITIONS,,C,DARK-STREET LIGHTS,,,,,,,A,NO PEDESTRIANS INVOLVED,,A,21453A,,1,MACARTHUR BL,1,,,A,,,BEAUMONT AV,,,A,7/31/2024 11:25:17 AM,1/30/2025 1:27:33 PM,,,2,,,,,,,
3015324,20-052316,2,False,0109,10/23/2020 7:50:00 AM,750,21Y,14,109,Oakland,1,True,True,D,BROADSIDE,,Friday,,,,,False,False,False,,C,OTHER MOTOR VEHICLE,,0,0,CLEAR,,NO UNUSUAL CONDITIONS - NO UNUSUAL CONDITIONS,,A,DAYLIGHT,,,,,,,A,NO PEDESTRIANS INVOLVED,,A,21802A,,1,FRUITVALE AV,1,,,A,,,DAVIS ST,,,A,7/31/2024 11:25:17 AM,1/30/2025 1:27:32 PM,,,2,,,,,,,
3015323,20-051787,2,False,0109,10/20/2020 10:08:00 AM,1008,14X,14,109,Oakland,1,True,True,D,BROADSIDE,,Tuesday,,,,,False,False,True,,C,OTHER MOTOR VEHICLE,,0,0,CLEAR,,NO UNUSUAL CONDITIONS - NO UNUSUAL CONDITIONS,,A,DAYLIGHT,,,,,,,A,NO PEDESTRIANS INVOLVED,,A,21453A,,1,LAKESHORE AV,2,,,A,,,MACARTHUR BL,,,A,7/31/2024 11:25:17 AM,1/30/2025 1:27:32 PM,,,2,,,,,,,
3015322,20-050625,2,False,0109,10/13/2020 2:52:00 PM,1452,10X,14,109,Oakland,1,True,True,C,REAR END,,Tuesday,,,,,False,False,False,,C,OTHER MOTOR VEHICLE,,0,0,CLEAR,,NO UNUSUAL CONDITIONS - NO UNUSUAL CONDITIONS,,A,DAYLIGHT,,,,,,,A,NO PEDESTRIANS INVOLVED,,A,22106,,1,MARTIN LUTHER KING JR WY,1,,,A,,,45TH ST,,,B,7/31/2024 11:25:17 AM,1/30/2025 1:27:32 PM,,,2,,,,,,,
3015321,20-051178,2,False,0109,10/17/2020 3:09:00 AM,309,23X,14,109,Oakland,1,True,True,B,SIDE SWIPE,,Saturday,,,,,False,False,False,,E,PARKED MOTOR VEHICLE,,0,0,CLEAR,,NO UNUSUAL CONDITIONS - NO UNUSUAL CONDITIONS,,C,DARK-STREET LIGHTS,,,,,,,A,NO PEDESTRIANS INVOLVED,,A,22107,,1,36TH AV,1,,,A,,,16TH ST,,,A,7/31/2024 11:25:17 AM,1/30/2025 1:27:32 PM,,,2,,,,,,,
3015320,20-048715,2,False,0109,10/1/2020 7:48:00 PM,1948,31X,14,109,Oakland,1,True,True,G,VEHICLE/PEDESTRAIN,,Thursday,,,,,False,False,False,,B,PEDESTRIAN,,0,0,CLEAR,,NO UNUSUAL CONDITIONS - NO UNUSUAL CONDITIONS,,C,DARK-STREET LIGHTS,,,,,,,C,CROSSING IN CROSS WALK - NOT AT INTERSECTION,,A,21955,,1,HEGENBERGER RD,2,,,B,S,200.0,BALDWIN ST,F,,D,7/31/2024 11:25:17 AM,1/30/2025 1:27:32 PM,,,2,,,,,,,
3015319,20-053408,2,False,0109,10/29/2020 2:39:00 PM,1439,32X,14,109,Oakland,1,True,True,B,SIDE SWIPE,,Thursday,,,,,False,False,True,,E,PARKED MOTOR VEHICLE,,0,0,CLEAR,,NO UNUSUAL CONDITIONS - NO UNUSUAL CONDITIONS,,A,DAYLIGHT,,,,,,,A,NO PEDESTRIANS INVOLVED,,A,22107,,1,99TH AV,2,,,A,,,LONGFELLOW AV,,,D,7/31/2024 11:25:17 AM,1/30/2025 1:27:32 PM,,,2,,,,,,,
3015318,20-049143,2,False,0109,10/4/2020 6:24:00 PM,1824,24X,14,109,Oakland,1,True,True,C,REAR END,,Sunday,,,,,False,False,True,,C,OTHER MOTOR VEHICLE,,0,0,CLEAR,,NO UNUSUAL CONDITIONS - NO UNUSUAL CONDITIONS,,A,DAYLIGHT,,,,,,,A,NO PEDESTRIANS INVOLVED,,A,22106,,1,FOOTHILL BL,2,,,A,W,10.0,35TH AV,F,,A,7/31/2024 11:25:17 AM,1/30/2025 1:27:32 PM,,,2,,,,,,,
3015317,20-049772,2,False,0109,10/8/2020 2:25:00 AM,225,20X,14,109,Oakland,1,True,True,D,BROADSIDE,,Thursday,,,M,,False,False,True,,C,OTHER MOTOR VEHICLE,,0,0,CLEAR,,NO UNUSUAL CONDITIONS - NO UNUSUAL CONDITIONS,,C,DARK-STREET LIGHTS,,,,,,,A,NO PEDESTRIANS INVOLVED,,A,22450A,,1,15TH ST,1,,,A,,,MILLER ST,,,A,7/31/2024 11:25:17 AM,1/30/2025 1:27:32 PM,,,2,,,,,,,
3015316,20-049776,2,False,0109,10/8/2020 2:58:00 AM,258,25X,14,109,Oakland,1,True,True,D,BROADSIDE,,Thursday,,,M,,False,False,False,,C,OTHER MOTOR VEHICLE,,0,0,CLEAR,,NO UNUSUAL CONDITIONS - NO UNUSUAL CONDITIONS,,C,DARK-STREET LIGHTS,,,,,,,A,NO PEDESTRIANS INVOLVED,,A,22450A,,1,HIGH ST,2,,,A,,,MACARTHUR BL,,,A,7/31/2024 11:25:17 AM,1/30/2025 1:27:32 PM,,,2,,,,,,,
3015315,20-049724,2,False,0109,10/7/2020 5:36:00 PM,1736,30X,14,109,Oakland,1,True,True,B,SIDE SWIPE,,Wednesday,,,,,False,False,True,,E,PARKED MOTOR VEHICLE,,0,0,CLEAR,,NO UNUSUAL CONDITIONS - NO UNUSUAL CONDITIONS,,A,DAYLIGHT,,,,,,,A,NO PEDESTRIANS INVOLVED,,B,,,1,NEY AV,2,,,A,W,300.0,76TH,F,,D,7/31/2024 11:25:17 AM,1/30/2025 1:27:32 PM,,,2,,,,,,,
3015314,20-048603,2,False,0109,10/1/2020 9:47:00 AM,947,20X,14,109,Oakland,1,True,True,E,HIT OBJECT,,Thursday,,,M,,False,False,True,,I,FIXED OBJECT,,0,0,CLEAR,,NO UNUSUAL CONDITIONS - NO UNUSUAL CONDITIONS,,A,DAYLIGHT,,,,,,,A,NO PEDESTRIANS INVOLVED,,A,22107,,1,12TH ST,1,,,A,,,FRUITVALE AV,,,A,7/31/2024 11:25:17 AM,1/30/2025 1:27:32 PM,,,2,,,,,,,
3015313,20-049820,2,False,0109,10/8/2020 10:03:00 AM,1003,19X,14,109,Oakland,1,True,True,B,SIDE SWIPE,,Thursday,,,,,False,False,False,,C,OTHER MOTOR VEHICLE,,0,0,CLEAR,CLOUDY,NO UNUSUAL CONDITIONS - NO UNUSUAL CONDITIONS,,A,DAYLIGHT,,,,,,,A,NO PEDESTRIANS INVOLVED,,A,22100B,,1,INTERNATIONAL BL,1,,,A,,,11TH AV,,,D,7/31/2024 11:25:16 AM,1/30/2025 1:27:32 PM,,,2,,,,,,,
3015312,20-049658,2,False,0109,10/7/2020 9:58:00 AM,958,24Y,14,109,Oakland,1,True,True,D,BROADSIDE,,Wednesday,,,M,,False,False,False,,C,OTHER MOTOR VEHICLE,,0,0,CLEAR,,NO UNUSUAL CONDITIONS - NO UNUSUAL CONDITIONS,,A,DAYLIGHT,,,,,,,A,NO PEDESTRIANS INVOLVED,,A,22103,,1,35TH AV,2,,,A,S,25.0,ALLENDALE AV,F,,A,7/31/2024 11:25:16 AM,1/30/2025 1:27:32 PM,,,2,,,,,,,
3015311,20-049883,2,False,0109,10/8/2020 3:45:00 PM,1545,19X,14,109,Oakland,1,True,True,D,BROADSIDE,,Thursday,,,M,,False,False,True,,C,OTHER MOTOR VEHICLE,,0,0,CLEAR,,NO UNUSUAL CONDITIONS - NO UNUSUAL CONDITIONS,,A,DAYLIGHT,,,,,,,A,NO PEDESTRIANS INVOLVED,,A,22450A,,1,INTERNATIONAL BL,1,,,A,,,12TH AV,,,A,7/31/2024 11:25:16 AM,1/30/2025 1:27:32 PM,,,2,,,,,,,
3015310,20-048919,2,False,0109,10/3/2020 2:56:00 AM,256,04X,14,109,Oakland,1,True,True,A,HEAD-ON,,Saturday,,,M,,False,False,False,,C,OTHER MOTOR VEHICLE,,0,0,CLEAR,,NO UNUSUAL CONDITIONS - NO UNUSUAL CONDITIONS,,C,DARK-STREET LIGHTS,,,,,,,A,NO PEDESTRIANS INVOLVED,,A,21657,,1,LAKESIDE DR,1,,,A,E,300.0,19TH ST,F,,D,7/31/2024 11:25:16 AM,1/30/2025 1:27:32 PM,,,2,,,,,,,
3015309,20-049745,2,False,0109,10/7/2020 8:57:00 PM,2057,14X,14,109,Oakland,1,True,True,B,SIDE SWIPE,,Wednesday,,,,,False,False,False,,C,OTHER MOTOR VEHICLE,,0,0,CLEAR,,NO UNUSUAL CONDITIONS - NO UNUSUAL CONDITIONS,,C,DARK-STREET LIGHTS,,,,,,,A,NO PEDESTRIANS INVOLVED,,A,21453A,,,LAKE PARK AV,1,,,A,,,LAKESHORE AV,,,A,7/31/2024 11:25:16 AM,1/30/2025 1:27:32 PM,,,2,,,,,,,
3015306,20-051634,2,False,0109,10/19/2020 4:09:00 PM,1609,33X,14,109,Oakland,1,True,True,B,SIDE SWIPE,,Monday,,,M,,False,False,False,,C,OTHER MOTOR VEHICLE,,0,0,CLEAR,,NO UNUSUAL CONDITIONS - NO UNUSUAL CONDITIONS,,A,DAYLIGHT,,,,,,,A,NO PEDESTRIANS INVOLVED,,A,21802A,,1,67TH AV,2,,,A,,,FOOTHILL BL,,,D,7/31/2024 11:25:16 AM,1/30/2025 1:27:32 PM,,,2,,,,,,,
3015295,20-054541,2,False,0109,11/5/2020 7:44:00 AM,744,18X,14,109,Oakland,1,True,True,E,HIT OBJECT,,Thursday,,,M,,False,False,False,,I,FIXED OBJECT,,0,0,CLEAR,,NO UNUSUAL CONDITIONS - NO UNUSUAL CONDITIONS,,A,DAYLIGHT,,,,,,,A,NO PEDESTRIANS INVOLVED,,A,22350,,1,15TH AV,1,,,A,N,20.0,INDEPENDENCE WY,F,,D,7/31/2024 11:25:16 AM,1/30/2025 1:27:32 PM,,,2,,,,,,,
3015294,20-054466,2,False,0109,11/4/2020 8:27:00 PM,2027,27X,14,109,Oakland,1,True,True,A,HEAD-ON,,Wednesday,,,M,,False,False,True,,I,FIXED OBJECT,,0,0,CLEAR,,NO UNUSUAL CONDITIONS - NO UNUSUAL CONDITIONS,,C,DARK-STREET LIGHTS,,,,,,,A,NO PEDESTRIANS INVOLVED,,A,22107,,1,INTERNATIONAL BL,2,,,A,E,15.0,50TH AV,F,,A,7/31/2024 11:25:15 AM,1/30/2025 1:27:32 PM,,,2,,,,,,,
3015293,20-054492,2,False,0109,11/4/2020 11:17:00 PM,2317,23X,14,109,Oakland,1,True,True,B,SIDE SWIPE,,Wednesday,,,M,,False,False,False,,E,PARKED MOTOR VEHICLE,,0,0,CLEAR,,NO UNUSUAL CONDITIONS - NO UNUSUAL CONDITIONS,,C,DARK-STREET LIGHTS,,,,,,,A,NO PEDESTRIANS INVOLVED,,A,22107,,1,INTERNATIONAL BL,1,,,A,W,30.0,34TH AV,F,,A,7/31/2024 11:25:15 AM,1/30/2025 1:27:32 PM,,,2,,,,,,,
3015292,20-054487,2,False,0109,11/4/2020 11:49:00 PM,2349,21X,14,109,Oakland,1,True,True,A,HEAD-ON,,Wednesday,,,M,,False,False,True,,E,PARKED MOTOR VEHICLE,,0,0,CLEAR,,NO UNUSUAL CONDITIONS - NO UNUSUAL CONDITIONS,,C,DARK-STREET LIGHTS,,,,,,,A,NO PEDESTRIANS INVOLVED,,A,22107,,1,E 20TH ST,1,,,A,E,200.0,23RD AV,F,,D,7/31/2024 11:25:15 AM,1/30/2025 1:27:32 PM,,,2,,,,,,,
3035203,20-036419,2,False,0109,7/24/2020 12:36:00 PM,1236,05X,14,109,Oakland,1,True,True,B,SIDE SWIPE,,Friday,,,,,False,False,False,,C,OTHER MOTOR VEHICLE,,0,0,CLEAR,,NO UNUSUAL CONDITIONS - NO UNUSUAL CONDITIONS,,A,DAYLIGHT,,,,,,,A,NO PEDESTRIANS INVOLVED,,A,22107,,1,CHESTNUT ST,1,,,A,N,50.0,16TH ST,F,,D,7/31/2024 11:50:08 AM,1/30/2025 1:37:39 PM,,,2,,,,,,,
3035200,20-035238,2,False,0109,7/18/2020 9:29:00 AM,929,02X,14,109,Oakland,1,True,True,B,SIDE SWIPE,,Saturday,,,,,False,False,False,,C,OTHER MOTOR VEHICLE,,0,0,CLOUDY,,NO UNUSUAL CONDITIONS - NO UNUSUAL CONDITIONS,,A,DAYLIGHT,,,,,,,A,NO PEDESTRIANS INVOLVED,,A,21802A,,,MAREKT ST,1,,,A,,,3RD ST,,,A,7/31/2024 11:50:08 AM,1/30/2025 1:37:39 PM,,,2,,,,,,,
3035195,20-036772,2,False,0109,7/26/2020 5:00:00 PM,1700,26X,14,109,Oakland,1,True,True,D,BROADSIDE,,Sunday,,,,,False,False,True,,,,,0,0,CLEAR,,NO UNUSUAL CONDITIONS - NO UNUSUAL CONDITIONS,,A,DAYLIGHT,,,,,,,A,NO PEDESTRIANS INVOLVED,,A,21802A,,1,SAN LEANDRO ST,2,,,A,,,54TH AV,,,A,7/31/2024 11:50:08 AM,1/30/2025 1:37:39 PM,,,2,,,,,,,
3035192,20-035994,2,False,0109,7/22/2020 11:39:00 AM,1139,04X,14,109,Oakland,1,True,True,B,SIDE SWIPE,,Wednesday,,,,,False,False,False,,C,OTHER MOTOR VEHICLE,,0,0,CLEAR,,NO UNUSUAL CONDITIONS - NO UNUSUAL CONDITIONS,,A,DAYLIGHT,,,,,,,A,NO PEDESTRIANS INVOLVED,,A,22107,,1,BRUCH ST,1,,,A,,,18TH ST,,,D,7/31/2024 11:50:07 AM,1/30/2025 1:37:38 PM,,,2,,,,,,,
3035188,20-021363,2,False,0109,4/28/2020 2:23:00 AM,223,07X,14,109,Oakland,1,True,True,A,HEAD-ON,,Tuesday,,,F,,False,False,False,,E,PARKED MOTOR VEHICLE,,0,0,CLEAR,,NO UNUSUAL CONDITIONS - NO UNUSUAL CONDITIONS,,C,DARK-STREET LIGHTS,,,,,,,A,NO PEDESTRIANS INVOLVED,,A,22107,,1,WOOD ST,1,,,A,N,80.0,22ND ST,F,,D,7/31/2024 11:50:07 AM,1/30/2025 1:37:39 PM,,,2,,,,,,,
3035165,20-010227,2,False,0109,2/22/2020 12:48:00 AM,48,03X,14,109,Oakland,1,True,True,D,BROADSIDE,,Saturday,,,,,False,False,False,,C,OTHER MOTOR VEHICLE,,0,0,CLEAR,,NO UNUSUAL CONDITIONS - NO UNUSUAL CONDITIONS,,C,DARK-STREET LIGHTS,,,,,,,,,,D,21453A,,1,FRANKLIN ST,1,,,,,,13TH ST,,,A,7/31/2024 11:50:05 AM,1/30/2025 1:37:37 PM,,,2,,,,,,,
3035150,20-041028,2,False,0109,8/18/2020 3:26:00 PM,1526,13Z,14,109,Oakland,1,True,True,B,SIDE SWIPE,,Tuesday,,,,,False,False,False,,E,PARKED MOTOR VEHICLE,,1,0,CLEAR,,NO UNUSUAL CONDITIONS - NO UNUSUAL CONDITIONS,,A,DAYLIGHT,,,,,,,A,NO PEDESTRIANS INVOLVED,,A,22107,,1,MORAGA AV,1,,,A,W,850.0,MEDAU PL,F,,D,7/31/2024 11:50:04 AM,1/30/2025 1:37:37 PM,,,2,,,,,,,
3035149,20-019879,2,False,0109,4/19/2020 2:46:00 AM,246,25X,14,109,Oakland,1,True,True,E,HIT OBJECT,,Sunday,,,F,,False,False,True,,I,FIXED OBJECT,,0,0,CLEAR,,NO UNUSUAL CONDITIONS - NO UNUSUAL CONDITIONS,,C,DARK-STREET LIGHTS,,,,,,,A,NO PEDESTRIANS INVOLVED,,D,22107,,1,35TH AV,2,,,A,S,15.0,REDDING ST,F,,D,7/31/2024 11:50:04 AM,1/30/2025 1:37:37 PM,,,2,,,,,,,
3035119,20-021068,2,False,0109,4/26/2020 10:06:00 AM,1006,19X,14,109,Oakland,1,True,True,D,BROADSIDE,,Sunday,,,M,,False,False,False,,C,OTHER MOTOR VEHICLE,,0,0,CLEAR,,NO UNUSUAL CONDITIONS - NO UNUSUAL CONDITIONS,,A,DAYLIGHT,,,,,,,A,NO PEDESTRIANS INVOLVED,,A,22107,,1,INTERNATIONAL BL,1,,,A,E,20.0,14TH AV,F,,A,7/31/2024 11:50:01 AM,1/30/2025 1:37:36 PM,,,2,,,,,,,