collision-id,report-number,report-version,is-preliminary,ncic-code,crash-date-time,crash-time-description,beat,city-id,city-code,city-name,county-code,city-is-active,city-is-incorporated,collision-type-code,collision-type-description,collision-type-other-desc,day-of-week,dispatch-notified,has-photographs,hit-run,is-attachments-mailed,is-deleted,is-highway-related,is-tow-away,judicial-district,motor-vehicle-involved-with-code,motor-vehicle-involved-with-desc,motor-vehicle-involved-with-other-desc,number-injured,number-killed,weather-1,weather-2,road-condition-1,road-condition-2,special-condition-lighting-code,lighting-description,latitude,longitude,milepost-direction,milepost-distance,milepost-marker,milepost-unit-of-measure,pedestrian-action-code,pedestrian-action-desc,prepared-date,primary-collision-factor-code,primary-collision-factor-violation,primary-collision-factor-is-cited,primary-collision-party-number,primary-road,reporting-district,reporting-district-code,reviewed-date,roadway-surface-code,secondary-direction,secondary-distance,secondary-road,secondary-unit-of-measure,sketch-desc,traffic-control-device-code,created-date,modified-date,is-county-road,is-freeway,chp-555-version,is-additonal-object-struck,notification-date,notification-time-description,has-digital-media-files,evidence-number,is-location-refer-to-narrative,is-aoi-one-same-as-location
3035023,20-036533,2,False,0109,7/25/2020 2:42:00 AM,242,27X,14,109,Oakland,1,True,True,C,REAR END,,Saturday,,,,,False,False,True,,C,OTHER MOTOR VEHICLE,,0,0,CLEAR,,NO UNUSUAL CONDITIONS - NO UNUSUAL CONDITIONS,,C,DARK-STREET LIGHTS,,,,,,,A,NO PEDESTRIANS INVOLVED,,A,22350,,1,INTERNATIONAL BL,2,,,A,,,54TH AV,,,A,7/31/2024 11:49:53 AM,1/30/2025 1:37:33 PM,,,2,,,,,,,
3035022,20-036088,2,False,0109,7/23/2020 9:12:00 PM,2112,24Y,14,109,Oakland,1,True,True,D,BROADSIDE,,Thursday,,,,,False,False,False,,C,OTHER MOTOR VEHICLE,,0,0,CLEAR,,NO UNUSUAL CONDITIONS - NO UNUSUAL CONDITIONS,,C,DARK-STREET LIGHTS,,,,,,,A,NO PEDESTRIANS INVOLVED,,A,21804A,,1,35TH AV,2,,,A,S,150.0,PENNIMAN AV,F,,D,7/31/2024 11:49:53 AM,1/30/2025 1:37:33 PM,,,2,,,,,,,
3035021,20-032910,2,False,0109,7/5/2020 11:30:00 PM,2330,03X,14,109,Oakland,1,True,True,A,HEAD-ON,,Sunday,,,M,,False,False,False,,,,,0,0,CLEAR,,NO UNUSUAL CONDITIONS - NO UNUSUAL CONDITIONS,,C,DARK-STREET LIGHTS,,,,,,,A,NO PEDESTRIANS INVOLVED,,A,22107,,1,7TH ST,1,,,A,W,50.0,FALLON ST,F,,D,7/31/2024 11:49:53 AM,1/30/2025 1:37:33 PM,,,2,,,,,,,
3035019,20-037778,2,False,0109,7/31/2020 4:39:00 PM,1639,04X,14,109,Oakland,1,True,True,B,SIDE SWIPE,,Friday,,,,,False,False,False,,C,OTHER MOTOR VEHICLE,,0,0,CLEAR,,NO UNUSUAL CONDITIONS - NO UNUSUAL CONDITIONS,,A,DAYLIGHT,,,,,,,A,NO PEDESTRIANS INVOLVED,,A,22106,,1,14TH ST,1,,,A,W,50.0,FRANKLIN ST,F,,A,7/31/2024 11:49:53 AM,1/30/2025 1:37:33 PM,,,2,,,,,,,
3034990,20-037234,2,False,0109,7/29/2020 11:31:00 PM,2331,32X,14,109,Oakland,1,True,True,A,HEAD-ON,,Wednesday,,,F,,False,False,False,,G,BICYCLE,,1,0,CLEAR,,NO UNUSUAL CONDITIONS - NO UNUSUAL CONDITIONS,,C,DARK-STREET LIGHTS,,,,,,,,,,A,22107,,1,INTERNATIONAL BL,2,,,A,,,TUCKER ST,,,D,7/31/2024 11:49:50 AM,1/30/2025 1:37:32 PM,,,2,,,,,,,
3034982,20-037534,2,False,0109,7/30/2020 12:13:00 PM,1213,03X,14,109,Oakland,1,True,True,A,HEAD-ON,,Thursday,,,M,,False,False,False,,B,PEDESTRIAN,,1,0,CLEAR,,NO UNUSUAL CONDITIONS - NO UNUSUAL CONDITIONS,,A,DAYLIGHT,,,,,,,B,CROSSING IN CROSS WALK AT INTERSECTION,,A,21950A,,1,9TH ST,1,,,A,,,HARRISON ST,,,A,7/31/2024 11:49:50 AM,1/30/2025 1:37:32 PM,,,2,,,,,,,
3034979,20-035181,2,False,0109,7/17/2020 9:26:00 PM,2126,31X,14,109,Oakland,1,True,True,D,BROADSIDE,,Friday,,,M,,False,False,False,,B,PEDESTRIAN,,1,0,CLEAR,,NO UNUSUAL CONDITIONS - NO UNUSUAL CONDITIONS,,C,DARK-STREET LIGHTS,,,,,,,B,CROSSING IN CROSS WALK AT INTERSECTION,,A,21950A,,1,98TH AV,2,,,A,,,EDES AV,,,A,7/31/2024 11:49:49 AM,1/30/2025 1:37:32 PM,,,2,,,,,,,
3034458,20-055781,2,False,0109,11/12/2020 4:27:00 PM,1627,34X,14,109,Oakland,1,True,True,D,BROADSIDE,,Thursday,,,,,False,False,True,,,,,1,0,CLEAR,,NO UNUSUAL CONDITIONS - NO UNUSUAL CONDITIONS,,A,DAYLIGHT,,,,,,,A,NO PEDESTRIANS INVOLVED,,A,21655B,,1,INTERNATIONAL BL,2,,,A,,,92ND AV,,,A,7/31/2024 11:49:04 AM,1/30/2025 1:37:14 PM,,,2,,,,,,,
3034334,20-057330,2,False,0109,11/21/2020 7:20:00 PM,1920,15X,14,109,Oakland,1,True,True,G,VEHICLE/PEDESTRAIN,,Saturday,,,,,False,False,False,,B,PEDESTRIAN,,1,0,CLEAR,,NO UNUSUAL CONDITIONS - NO UNUSUAL CONDITIONS,,C,DARK-STREET LIGHTS,,,,,,,D,CROSSING - NOT IN CROSSWALK,,A,21955,,1,3RD AV,1,,,A,S,30.0,E 18TH ST,F,,D,7/31/2024 11:48:52 AM,1/30/2025 1:37:10 PM,,,2,,,,,,,
3034332,20-058281,2,False,0109,11/27/2020 3:37:00 PM,1537,17X,14,109,Oakland,1,True,True,D,BROADSIDE,,Friday,,,,,False,False,False,,C,OTHER MOTOR VEHICLE,,3,0,CLEAR,,NO UNUSUAL CONDITIONS - NO UNUSUAL CONDITIONS,,A,DAYLIGHT,,,,,,,A,NO PEDESTRIANS INVOLVED,,A,21802A,,1,14TH AV,1,,,A,,,E 18TH ST,,,A,7/31/2024 11:48:52 AM,1/30/2025 1:37:10 PM,,,2,,,,,,,
3034330,20-057468,2,False,0109,11/22/2020 6:30:00 PM,1830,26Y,14,109,Oakland,1,True,True,B,SIDE SWIPE,,Sunday,,,M,,False,False,True,,C,OTHER MOTOR VEHICLE,,1,0,CLEAR,,NO UNUSUAL CONDITIONS - NO UNUSUAL CONDITIONS,,C,DARK-STREET LIGHTS,,,,,,,A,NO PEDESTRIANS INVOLVED,,A,22107,,1,INTERNATIONAL BL,2,,,A,W,60.0,65TH AV,F,,D,7/31/2024 11:48:52 AM,1/30/2025 1:37:10 PM,,,2,,,,,,,
3034329,20-055990,2,False,0109,11/14/2020 12:40:00 AM,40,20X,14,109,Oakland,1,True,True,A,HEAD-ON,,Saturday,,,,,False,False,False,,C,OTHER MOTOR VEHICLE,,1,0,CLEAR,,NO UNUSUAL CONDITIONS - NO UNUSUAL CONDITIONS,,C,DARK-STREET LIGHTS,,,,,,,A,NO PEDESTRIANS INVOLVED,,A,,,,INTERNATIONAL BL,2,,,A,,,FRUITVALE AV,,,A,7/31/2024 11:48:52 AM,1/30/2025 1:37:10 PM,,,2,,,,,,,
3034328,20-057716,2,False,0109,11/24/2020 7:50:00 AM,750,,14,109,Oakland,1,True,True,E,HIT OBJECT,,Tuesday,,,M,,False,False,False,,C,OTHER MOTOR VEHICLE,,3,0,CLEAR,,NO UNUSUAL CONDITIONS - NO UNUSUAL CONDITIONS,,A,DAYLIGHT,,,,,,,F,NOT IN ROAD,,A,21460A,,1,FOOTHILL BL,2,,,A,E,75.0,67TH AV,F,,A,7/31/2024 11:48:52 AM,1/30/2025 1:37:10 PM,,,2,,,,,,,
3034327,20-057456,2,False,0109,11/22/2020 4:54:00 PM,1654,26Y,14,109,Oakland,1,True,True,D,BROADSIDE,,Sunday,,,M,,False,False,False,,C,OTHER MOTOR VEHICLE,,1,0,CLEAR,,NO UNUSUAL CONDITIONS - NO UNUSUAL CONDITIONS,,A,DAYLIGHT,,,,,,,A,NO PEDESTRIANS INVOLVED,,A,22450A,,1,RUDSDALE ST,2,,,A,,,75TH AV,,,D,7/31/2024 11:48:52 AM,1/30/2025 1:37:10 PM,,,2,,,,,,,
3034326,20-055485,2,False,0109,11/10/2020 5:30:00 PM,1730,04X,14,109,Oakland,1,True,True,H,OTHER,,Tuesday,,,F,,False,False,False,,C,OTHER MOTOR VEHICLE,,1,0,CLEAR,,NO UNUSUAL CONDITIONS - NO UNUSUAL CONDITIONS,,C,DARK-STREET LIGHTS,,,,,,,A,NO PEDESTRIANS INVOLVED,,A,21453A,,1,18TH ST,1,,,A,,,BRUSH ST,,,A,7/31/2024 11:48:52 AM,1/30/2025 1:37:10 PM,,,2,,,,,,,
3034325,20-056854,2,False,0109,11/18/2020 5:56:00 PM,1756,23X,14,109,Oakland,1,True,True,C,REAR END,,Wednesday,,,,,False,False,False,,C,OTHER MOTOR VEHICLE,,2,0,CLEAR,,NO UNUSUAL CONDITIONS - NO UNUSUAL CONDITIONS,,A,DAYLIGHT,,,,,,,A,NO PEDESTRIANS INVOLVED,,A,22350,,1,37TH AV,2,,,A,S,12.0,SAN LEANDRO ST,F,,A,7/31/2024 11:48:51 AM,1/30/2025 1:37:10 PM,,,2,,,,,,,
3034324,20-053957,2,False,0109,11/1/2020 12:59:00 PM,1259,25X,14,109,Oakland,1,True,True,C,REAR END,,Sunday,,,,,False,False,False,,C,OTHER MOTOR VEHICLE,,2,0,CLEAR,,NO UNUSUAL CONDITIONS - NO UNUSUAL CONDITIONS,,A,DAYLIGHT,,,,,,,A,NO PEDESTRIANS INVOLVED,,A,22350,,1,MACARTHUR BL,2,,,A,E,300.0,HIGH ST,F,,A,7/31/2024 11:48:51 AM,1/30/2025 1:37:10 PM,,,2,,,,,,,
3034323,20-056790,2,False,0109,11/18/2020 11:25:00 AM,1125,23X,14,109,Oakland,1,True,True,A,HEAD-ON,,Wednesday,,,,,False,False,False,,G,BICYCLE,,1,0,CLEAR,,NO UNUSUAL CONDITIONS - NO UNUSUAL CONDITIONS,,A,DAYLIGHT,,,,,,,A,NO PEDESTRIANS INVOLVED,,A,21460A,,1,34TH AV,2,,,A,N,75.0,INTERNATIONAL BL,F,,A,7/31/2024 11:48:51 AM,1/30/2025 1:37:10 PM,,,2,,,,,,,
3034322,20-054430,2,False,0109,11/4/2020 1:50:00 PM,1350,13X,14,109,Oakland,1,True,True,A,HEAD-ON,,Wednesday,,,,,False,False,True,,I,FIXED OBJECT,,1,0,CLEAR,,NO UNUSUAL CONDITIONS - NO UNUSUAL CONDITIONS,,A,DAYLIGHT,,,,,,,A,NO PEDESTRIANS INVOLVED,,A,22107,,1,TUNNEL RD,1,,,A,S,396.0,CHARING CROSS RD,F,,D,7/31/2024 11:48:51 AM,1/30/2025 1:37:10 PM,,,2,,,,,,,
3034321,20-053036,2,False,0109,10/27/2020 2:45:00 PM,1445,13X,14,109,Oakland,1,True,True,H,OTHER,,Tuesday,,,,,False,False,False,,G,BICYCLE,,1,0,CLEAR,,NO UNUSUAL CONDITIONS - NO UNUSUAL CONDITIONS,,A,DAYLIGHT,,,,,,,A,NO PEDESTRIANS INVOLVED,,A,22350,,1,GRIZZLY PEAK BL,1,,,A,,,CLARENMONT AV,,,D,7/31/2024 11:48:51 AM,1/30/2025 1:37:10 PM,,,2,,,,,,,
3034320,20-054329,2,False,0109,11/3/2020 4:51:00 PM,1651,15X,14,109,Oakland,1,True,True,A,HEAD-ON,,Tuesday,,,,,False,False,False,,C,OTHER MOTOR VEHICLE,,1,0,,,,,B,DUSK-DAWN,,,,,,,A,NO PEDESTRIANS INVOLVED,,A,22107,,1,LAKESHORE AV,1,,,A,S,100.0,WESLEY AV,F,,D,7/31/2024 11:48:51 AM,1/30/2025 1:37:10 PM,,,2,,,,,,,
3034319,20-054447,2,False,0109,11/4/2020 5:13:00 PM,1713,13X,14,109,Oakland,1,True,True,C,REAR END,,Wednesday,,,,,False,True,False,,C,OTHER MOTOR VEHICLE,,2,0,CLEAR,,NO UNUSUAL CONDITIONS - NO UNUSUAL CONDITIONS,,B,DUSK-DAWN,,,,,,,A,NO PEDESTRIANS INVOLVED,,A,22350,,1,BROADWAY TR,1,,,A,,,RT 13,,,A,7/31/2024 11:48:51 AM,1/30/2025 1:37:10 PM,,,2,,,,,,,
3034317,20-054657,2,False,0109,11/5/2020 2:44:00 PM,1444,30Y,14,109,Oakland,1,True,True,B,SIDE SWIPE,,Thursday,,,,,False,False,False,,C,OTHER MOTOR VEHICLE,,1,0,CLEAR,,NO UNUSUAL CONDITIONS - NO UNUSUAL CONDITIONS,,A,DAYLIGHT,,,,,,,A,NO PEDESTRIANS INVOLVED,,A,22107,,1,MACARTHUR BL,2,,,A,E,25.0,73RD AV,F,,A,7/31/2024 11:48:51 AM,1/30/2025 1:37:10 PM,,,2,,,,,,,
3034316,20-057295,2,False,0109,11/21/2020 1:24:00 PM,1324,34X,14,109,Oakland,1,True,True,D,BROADSIDE,,Saturday,,,,,False,False,False,,C,OTHER MOTOR VEHICLE,,2,0,CLEAR,,NO UNUSUAL CONDITIONS - NO UNUSUAL CONDITIONS,,A,DAYLIGHT,,,,,,,A,NO PEDESTRIANS INVOLVED,,A,22450A,,,82ND AV,2,,,A,,,BIRCH ST,,,A,7/31/2024 11:48:51 AM,1/30/2025 1:37:10 PM,,,2,,,,,,,
3034315,20-056642,2,False,0109,11/17/2020 3:50:00 PM,1550,20X,14,109,Oakland,1,True,True,B,SIDE SWIPE,,Tuesday,,,,,False,False,False,,C,OTHER MOTOR VEHICLE,,2,0,RAINING,,NO UNUSUAL CONDITIONS - NO UNUSUAL CONDITIONS,,C,DARK-STREET LIGHTS,,,,,,,A,NO PEDESTRIANS INVOLVED,,A,22107,,1,29TH AV,1,,,B,S,50.0,GLASCOCK ST,F,,D,7/31/2024 11:48:50 AM,1/30/2025 1:37:10 PM,,,2,,,,,,,
3034314,20-057961,2,False,0109,11/25/2020 9:58:00 AM,958,30X,14,109,Oakland,1,True,True,C,REAR END,,Wednesday,,,,,False,False,False,,E,PARKED MOTOR VEHICLE,,1,0,CLEAR,,NO UNUSUAL CONDITIONS - NO UNUSUAL CONDITIONS,,A,DAYLIGHT,,,,,,,A,NO PEDESTRIANS INVOLVED,,A,22107,,1,82ND AV,2,,,A,S,150.0,OLIVE ST,F,,A,7/31/2024 11:48:50 AM,1/30/2025 1:37:10 PM,,,2,,,,,,,
3034313,20-057950,2,False,0109,11/25/2020 8:35:00 AM,835,25Y,14,109,Oakland,1,True,True,E,HIT OBJECT,,Wednesday,,,,,False,False,False,,,,,1,0,CLEAR,,NO UNUSUAL CONDITIONS - NO UNUSUAL CONDITIONS,,A,DAYLIGHT,,,,,,,A,NO PEDESTRIANS INVOLVED,,A,22107,,1,PHAETON AV,2,,,A,S,300.0,HANSOM DR,F,,D,7/31/2024 11:48:50 AM,1/30/2025 1:37:09 PM,,,2,,,,,,,
3034312,20-057599,2,False,0109,11/23/2020 12:12:00 PM,1212,10X,14,109,Oakland,1,True,True,D,BROADSIDE,,Monday,,,,,False,False,False,,C,OTHER MOTOR VEHICLE,,1,0,CLEAR,,NO UNUSUAL CONDITIONS - NO UNUSUAL CONDITIONS,,A,DAYLIGHT,,,,,,,A,NO PEDESTRIANS INVOLVED,,A,,,,SAN PABLO AV,1,,,A,,,56TH ST,,,A,7/31/2024 11:48:50 AM,1/30/2025 1:37:09 PM,,,2,,,,,,,
3034311,20-056500,2,False,0109,11/17/2020 12:15:00 AM,15,21X,14,109,Oakland,1,True,True,D,BROADSIDE,,Tuesday,,,,,False,False,True,,C,OTHER MOTOR VEHICLE,,2,0,CLEAR,,NO UNUSUAL CONDITIONS - NO UNUSUAL CONDITIONS,,C,DARK-STREET LIGHTS,,,,,,,A,NO PEDESTRIANS INVOLVED,,A,21453A,,,SCHOOL ST,1,,,A,,,COOLIDGE AV,,,A,7/31/2024 11:48:50 AM,1/30/2025 1:37:09 PM,,,2,,,,,,,
3034303,20-057917,2,False,0109,11/25/2020 2:24:00 AM,224,29X,14,109,Oakland,1,True,True,C,REAR END,,Wednesday,,,M,,False,False,False,,E,PARKED MOTOR VEHICLE,,1,0,CLEAR,,NO UNUSUAL CONDITIONS - NO UNUSUAL CONDITIONS,,C,DARK-STREET LIGHTS,,,,,,,A,NO PEDESTRIANS INVOLVED,,A,22107,,1,MACARTHUR BL,2,,,A,E,100.0,66TH AV,F,,D,7/31/2024 11:48:49 AM,1/30/2025 1:37:09 PM,,,2,,,,,,,
3034302,20-057583,2,False,0109,11/24/2020 10:44:00 AM,1044,04X,14,109,Oakland,1,True,True,D,BROADSIDE,,Tuesday,,,,,False,False,False,,C,OTHER MOTOR VEHICLE,,2,0,CLEAR,,NO UNUSUAL CONDITIONS - NO UNUSUAL CONDITIONS,,A,DAYLIGHT,,,,,,,A,NO PEDESTRIANS INVOLVED,,A,21453A,,1,MARTIN LUTHER KING BL,1,,,A,,,GRAND AV,,,A,7/31/2024 11:48:49 AM,1/30/2025 1:37:09 PM,,,2,,,,,,,
3034293,20-057170,2,False,0109,11/20/2020 3:14:00 PM,1514,25X,14,109,Oakland,1,True,True,G,VEHICLE/PEDESTRAIN,,Friday,,,M,,False,False,False,,B,PEDESTRIAN,,1,0,CLEAR,,NO UNUSUAL CONDITIONS - NO UNUSUAL CONDITIONS,,A,DAYLIGHT,,,,,,,E,IN ROAD - INCLUDES SHOULDER,,A,22107,,1,MACARTHUR BL,2,,,A,W,30.0,HIGH ST,F,,D,7/31/2024 11:48:48 AM,1/30/2025 1:37:09 PM,,,2,,,,,,,
3034292,20-054702,2,False,0109,11/5/2020 7:40:00 PM,1940,29X,14,109,Oakland,1,True,True,B,SIDE SWIPE,,Thursday,,,M,,False,False,False,,C,OTHER MOTOR VEHICLE,,1,0,CLEAR,,NO UNUSUAL CONDITIONS - NO UNUSUAL CONDITIONS,,C,DARK-STREET LIGHTS,,,,,,,A,NO PEDESTRIANS INVOLVED,,A,22107,,1,CAMDEN ST,2,,,A,E,42.0,SEMINARY AV,F,,A,7/31/2024 11:48:48 AM,1/30/2025 1:37:09 PM,,,2,,,,,,,
3034291,20-054844,2,False,0109,11/6/2020 5:50:00 PM,1750,12X,14,109,Oakland,1,True,True,H,OTHER,,Friday,,,M,,False,False,False,,G,BICYCLE,,1,0,CLEAR,,NO UNUSUAL CONDITIONS - NO UNUSUAL CONDITIONS,,C,DARK-STREET LIGHTS,,,,,,,A,NO PEDESTRIANS INVOLVED,,A,21801A,,1,TELEGRAPH AV,1,,,A,,,45TH ST,,,A,7/31/2024 11:48:48 AM,1/30/2025 1:37:09 PM,,,2,,,,,,,
3034290,20-055323,2,False,0109,11/9/2020 8:04:00 PM,2004,02X,14,109,Oakland,1,True,True,D,BROADSIDE,,Monday,,,M,,False,False,True,,C,OTHER MOTOR VEHICLE,,1,0,CLEAR,,NO UNUSUAL CONDITIONS - NO UNUSUAL CONDITIONS,,C,DARK-STREET LIGHTS,,,,,,,A,NO PEDESTRIANS INVOLVED,,A,22450A,,1,11TH ST,1,,,A,,,CAMPBELL ST,,,A,7/31/2024 11:48:48 AM,1/30/2025 1:37:09 PM,,,2,,,,,,,
3034289,20-054295,2,False,0109,11/3/2020 11:23:00 AM,1123,06X,14,109,Oakland,1,True,True,C,REAR END,,Tuesday,,,M,,False,False,True,,C,OTHER MOTOR VEHICLE,,1,0,CLEAR,,NO UNUSUAL CONDITIONS - NO UNUSUAL CONDITIONS,,A,DAYLIGHT,,,,,,,A,NO PEDESTRIANS INVOLVED,,A,22350,,1,SAN PABLO AV,1,,,A,S,14.0,23RD ST,F,,D,7/31/2024 11:48:48 AM,1/30/2025 1:37:09 PM,,,2,,,,,,,
3034288,20-055810,2,False,0109,11/13/2020 12:25:00 AM,25,26X,14,109,Oakland,1,True,True,D,BROADSIDE,,Friday,,,,,False,False,True,,C,OTHER MOTOR VEHICLE,,2,0,CLEAR,,NO UNUSUAL CONDITIONS - NO UNUSUAL CONDITIONS,,C,DARK-STREET LIGHTS,,,,,,,A,NO PEDESTRIANS INVOLVED,,A,21802A,,1,INTERNATIONAL BL,2,,,A,,,60TH AV,,,A,7/31/2024 11:48:48 AM,1/30/2025 1:37:09 PM,,,2,,,,,,,
3034287,20-057541,2,False,0109,11/23/2020 7:00:00 AM,700,35X,14,109,Oakland,1,True,True,D,BROADSIDE,,Monday,,,,,False,False,False,,C,OTHER MOTOR VEHICLE,,1,0,CLOUDY,,NO UNUSUAL CONDITIONS - NO UNUSUAL CONDITIONS,,A,DAYLIGHT,,,,,,,A,NO PEDESTRIANS INVOLVED,,A,21453A,,,94TH AV,2,,,A,,,BANCROFT AV,,,A,7/31/2024 11:48:48 AM,1/30/2025 1:37:09 PM,,,2,,,,,,,
3034286,20-055330,2,False,0109,11/9/2020 9:10:00 PM,2110,22X,14,109,Oakland,1,True,True,H,OTHER,,Monday,,,,,False,False,False,,I,FIXED OBJECT,,2,0,CLEAR,,,,D,DARK-NO STREET LIGHTS,,,,,,,A,NO PEDESTRIANS INVOLVED,,A,22107,,1,SKYLINE BL,1,,,A,N,0.6,MELVILLE DR,M,,D,7/31/2024 11:48:47 AM,1/30/2025 1:37:09 PM,,,2,,,,,,,
3033859,20-059394,2,False,0109,12/4/2020 9:15:00 AM,915,32X,14,109,Oakland,1,True,True,G,VEHICLE/PEDESTRAIN,,Friday,,,F,,False,False,False,,G,BICYCLE,,1,0,CLEAR,,NO UNUSUAL CONDITIONS - NO UNUSUAL CONDITIONS,,A,DAYLIGHT,,,,,,,B,CROSSING IN CROSS WALK AT INTERSECTION,,D,21950A,,1,INTERNATIONAL BL,2,,,A,W,75.0,102ND AV,F,,A,7/31/2024 11:48:05 AM,1/30/2025 1:36:54 PM,,,2,,,,,,,
3033857,20-058877,2,False,0109,12/1/2020 1:19:00 PM,1319,10X,14,109,Oakland,1,True,True,D,BROADSIDE,,Tuesday,,,,,False,False,True,,C,OTHER MOTOR VEHICLE,,1,0,CLEAR,,NO UNUSUAL CONDITIONS - NO UNUSUAL CONDITIONS,,A,DAYLIGHT,,,,,,,,,,D,,,,ALCATRAZ AV,1,,,A,,,SAN PABLO AV,,,A,7/31/2024 11:48:05 AM,1/30/2025 1:36:54 PM,,,2,,,,,,,
3033856,20-061009,2,False,0109,12/13/2020 10:53:00 AM,1053,06X,14,109,Oakland,1,True,True,F,OVERTURNED,,Sunday,,,,,False,False,False,,,,,2,0,RAINING,,NO UNUSUAL CONDITIONS - NO UNUSUAL CONDITIONS,,A,DAYLIGHT,,,,,,,A,NO PEDESTRIANS INVOLVED,,A,21453A,,1,36TH ST,1,,,B,,,MARKET ST,,,A,7/31/2024 11:48:05 AM,1/30/2025 1:36:54 PM,,,2,,,,,,,
3033855,20-060056,2,False,0109,12/7/2020 8:04:00 PM,2004,19X,14,109,Oakland,1,True,True,D,BROADSIDE,,Monday,,,,,False,False,False,,C,OTHER MOTOR VEHICLE,,1,0,CLEAR,,NO UNUSUAL CONDITIONS - NO UNUSUAL CONDITIONS,,C,DARK-STREET LIGHTS,,,,,,,A,NO PEDESTRIANS INVOLVED,,A,21453B,,1,16TH AV,1,,,,,,INTERNATIONAL BL,,,A,7/31/2024 11:48:05 AM,1/30/2025 1:36:54 PM,,,2,,,,,,,
3033853,20-061025,2,False,0109,12/13/2020 12:03:00 PM,1203,10Y,14,109,Oakland,1,True,True,D,BROADSIDE,,Sunday,,,,,False,False,False,,C,OTHER MOTOR VEHICLE,,1,0,RAINING,,NO UNUSUAL CONDITIONS - NO UNUSUAL CONDITIONS,,A,DAYLIGHT,,,,,,,,,,A,21802A,,1,55TH AV,1,,,B,,,GENOA ST,,,A,7/31/2024 11:48:05 AM,1/30/2025 1:36:54 PM,,,2,,,,,,,
3033849,20-060411,2,False,0109,12/9/2020 7:11:00 PM,1911,19X,14,109,Oakland,1,True,True,C,REAR END,,Wednesday,,,,,False,False,False,,C,OTHER MOTOR VEHICLE,,2,0,CLEAR,,NO UNUSUAL CONDITIONS - NO UNUSUAL CONDITIONS,,C,DARK-STREET LIGHTS,,,,,,,A,NO PEDESTRIANS INVOLVED,,A,22350,,1,INTERNATIONAL BL,1,,,A,E,20.0,21ST AV,F,,A,7/31/2024 11:48:05 AM,1/30/2025 1:36:54 PM,,,2,,,,,,,
3033831,20-059068,2,False,0109,12/2/2020 12:11:00 PM,1211,28X,14,109,Oakland,1,True,True,C,REAR END,,Wednesday,,,M,,False,False,False,,C,OTHER MOTOR VEHICLE,,2,0,CLEAR,,NO UNUSUAL CONDITIONS - NO UNUSUAL CONDITIONS,,A,DAYLIGHT,,,,,,,,,,A,22350,,1,HIGH ST,2,,,A,N,100.0,SULTER ST,F,,A,7/31/2024 11:48:02 AM,1/30/2025 1:36:53 PM,,,2,,,,,,,
3033828,20-059222,2,False,0109,12/3/2020 12:05:00 PM,1205,19X,14,109,Oakland,1,True,True,E,HIT OBJECT,,Thursday,,,,,False,False,True,,I,FIXED OBJECT,,1,0,CLEAR,,NO UNUSUAL CONDITIONS - NO UNUSUAL CONDITIONS,,A,DAYLIGHT,,,,,,,A,NO PEDESTRIANS INVOLVED,,A,22107,,1,23RD AV,1,,,A,S,63.0,E 12TH ST,F,,A,7/31/2024 11:48:02 AM,1/30/2025 1:36:53 PM,,,2,,,,,,,
3033818,20-058757,2,False,0109,11/30/2020 6:13:00 PM,1813,04X,14,109,Oakland,1,True,True,G,VEHICLE/PEDESTRAIN,,Monday,,,,,False,False,False,,B,PEDESTRIAN,,0,0,CLEAR,,NO UNUSUAL CONDITIONS - NO UNUSUAL CONDITIONS,,B,DUSK-DAWN,,,,,,,D,CROSSING - NOT IN CROSSWALK,,A,21950B,,1,BROADWAY,1,,,A,,,16TH ST,,,A,7/31/2024 11:48:01 AM,1/30/2025 1:36:53 PM,,,2,,,,,,,
3033073,20-052706,2,False,0109,10/25/2020 6:54:00 PM,1854,08X,14,109,Oakland,1,True,True,D,BROADSIDE,,Sunday,,,,,False,False,False,,C,OTHER MOTOR VEHICLE,,0,0,CLEAR,,NO UNUSUAL CONDITIONS - NO UNUSUAL CONDITIONS,,A,DAYLIGHT,,,,,,,A,NO PEDESTRIANS INVOLVED,,A,21453A,,1,MACARTHUR BL,1,,,A,,,TELEGRAPH AV,,,A,7/31/2024 11:46:57 AM,1/30/2025 1:36:27 PM,,,2,,,,,,,
3033071,20-053494,2,False,0109,10/30/2020 3:43:00 AM,343,05X,14,109,Oakland,1,True,True,A,HEAD-ON,,Friday,,,M,,False,False,False,,E,PARKED MOTOR VEHICLE,,0,0,CLEAR,,NO UNUSUAL CONDITIONS - NO UNUSUAL CONDITIONS,,C,DARK-STREET LIGHTS,,,,,,,A,NO PEDESTRIANS INVOLVED,,A,22107,,1,ADELINE ST,1,,,A,S,200.0,16TH ST,F,,D,7/31/2024 11:46:57 AM,1/30/2025 1:36:27 PM,,,2,,,,,,,
3032729,20-047410,2,False,0109,9/23/2020 11:40:00 PM,2340,23X,14,109,Oakland,1,True,True,B,SIDE SWIPE,,Wednesday,,,M,,False,False,False,,C,OTHER MOTOR VEHICLE,,2,0,CLEAR,,NO UNUSUAL CONDITIONS - NO UNUSUAL CONDITIONS,,C,DARK-STREET LIGHTS,,,,,,,A,NO PEDESTRIANS INVOLVED,,A,21658A,,1,E 12TH ST,2,,,A,,,DERBY AV,,,A,7/31/2024 11:46:28 AM,1/30/2025 1:36:15 PM,,,2,,,,,,,
3032720,20-045755,2,False,0109,9/14/2020 9:12:00 PM,2112,23X,14,109,Oakland,1,True,True,D,BROADSIDE,,Monday,,,,,False,False,True,,C,OTHER MOTOR VEHICLE,,1,0,CLEAR,,NO UNUSUAL CONDITIONS - NO UNUSUAL CONDITIONS,,C,DARK-STREET LIGHTS,,,,,,,A,NO PEDESTRIANS INVOLVED,,A,21453A,,,37TH AV,2,,,A,,,SAN LEANDRO ST,,,A,7/31/2024 11:46:27 AM,1/30/2025 1:36:15 PM,,,2,,,,,,,