collision-id,report-number,report-version,is-preliminary,ncic-code,crash-date-time,crash-time-description,beat,city-id,city-code,city-name,county-code,city-is-active,city-is-incorporated,collision-type-code,collision-type-description,collision-type-other-desc,day-of-week,dispatch-notified,has-photographs,hit-run,is-attachments-mailed,is-deleted,is-highway-related,is-tow-away,judicial-district,motor-vehicle-involved-with-code,motor-vehicle-involved-with-desc,motor-vehicle-involved-with-other-desc,number-injured,number-killed,weather-1,weather-2,road-condition-1,road-condition-2,special-condition-lighting-code,lighting-description,latitude,longitude,milepost-direction,milepost-distance,milepost-marker,milepost-unit-of-measure,pedestrian-action-code,pedestrian-action-desc,prepared-date,primary-collision-factor-code,primary-collision-factor-violation,primary-collision-factor-is-cited,primary-collision-party-number,primary-road,reporting-district,reporting-district-code,reviewed-date,roadway-surface-code,secondary-direction,secondary-distance,secondary-road,secondary-unit-of-measure,sketch-desc,traffic-control-device-code,created-date,modified-date,is-county-road,is-freeway,chp-555-version,is-additonal-object-struck,notification-date,notification-time-description,has-digital-media-files,evidence-number,is-location-refer-to-narrative,is-aoi-one-same-as-location
3043630,20-061340,2,False,0109,12/15/2020 11:00:00 AM,1100,23X,14,109,Oakland,1,True,True,C,REAR END,,Tuesday,,,M,,False,False,False,,C,OTHER MOTOR VEHICLE,,1,0,CLEAR,,NO UNUSUAL CONDITIONS - NO UNUSUAL CONDITIONS,,A,DAYLIGHT,,,,,,,A,NO PEDESTRIANS INVOLVED,,A,22350,,1,FOOTHILL BL,2,,,A,E,96.0,35TH AV,F,,D,7/31/2024 12:03:16 PM,1/30/2025 1:43:57 PM,,,2,,,,,,,
3043629,20-060185,2,False,0109,12/8/2020 2:00:00 PM,1400,26Y,14,109,Oakland,1,True,True,,,,Tuesday,,,,,False,False,False,,I,FIXED OBJECT,,1,0,,,,,A,DAYLIGHT,,,,,,,,,,A,22107,,1,INTERNATRIONAL BL,2,,,A,,,69TH AV,,,A,7/31/2024 12:03:16 PM,1/30/2025 1:43:57 PM,,,2,,,,,,,
3043628,20-059493,2,False,0109,12/4/2020 8:10:00 PM,2010,33X,14,109,Oakland,1,True,True,D,BROADSIDE,,Friday,,,,,False,False,False,,C,OTHER MOTOR VEHICLE,,2,0,CLEAR,,NO UNUSUAL CONDITIONS - NO UNUSUAL CONDITIONS,,A,DAYLIGHT,,,,,,,A,NO PEDESTRIANS INVOLVED,,A,221005,,1,INTERNATIONAL BL,2,,,A,,,85TH AV,,,A,7/31/2024 12:03:16 PM,1/30/2025 1:43:57 PM,,,2,,,,,,,
3043627,20-060375,2,False,0109,12/9/2020 8:48:00 PM,2048,34X,14,109,Oakland,1,True,True,C,REAR END,,Wednesday,,,,,False,False,True,,E,PARKED MOTOR VEHICLE,,1,0,CLEAR,,NO UNUSUAL CONDITIONS - NO UNUSUAL CONDITIONS,,C,DARK-STREET LIGHTS,,,,,,,,,,A,21651B,,1,HOLLY ST,2,,,,E,75.0,82ND AV,F,,D,7/31/2024 12:03:16 PM,1/30/2025 1:43:57 PM,,,2,,,,,,,
3043626,20-060766,2,False,0109,12/11/2020 5:30:00 PM,1730,13X,14,109,Oakland,1,True,True,B,SIDE SWIPE,,Friday,,,,,False,False,False,,C,OTHER MOTOR VEHICLE,,1,0,CLOUDY,RAINING,NO UNUSUAL CONDITIONS - NO UNUSUAL CONDITIONS,,,,,,,,,,,,,A,22100A,,1,MOUNTAIN BL,1,,,A,,,VILLAGFE SQUARE,,,A,7/31/2024 12:03:16 PM,1/30/2025 1:43:57 PM,,,2,,,,,,,
3043625,20-060562,2,False,0109,12/10/2020 2:24:00 PM,1424,04X,14,109,Oakland,1,True,True,D,BROADSIDE,,Thursday,,,,,False,False,True,,C,OTHER MOTOR VEHICLE,,1,0,CLEAR,,NO UNUSUAL CONDITIONS - NO UNUSUAL CONDITIONS,,A,DAYLIGHT,,,,,,,,,,A,22107,,1,BRUSH ST,1,,,A,,,17TH ST,,,A,7/31/2024 12:03:16 PM,1/30/2025 1:43:57 PM,,,2,,,,,,,
3043624,20-063395,2,False,0109,12/28/2020 4:17:00 PM,1617,03X,14,109,Oakland,1,True,True,D,BROADSIDE,,Monday,,,,,False,False,False,,,,,1,0,CLEAR,,NO UNUSUAL CONDITIONS - NO UNUSUAL CONDITIONS,,A,DAYLIGHT,,,,,,,A,NO PEDESTRIANS INVOLVED,,A,21453A,,1,MADIGAN AV,1,,,A,,,8TH ST,,,A,7/31/2024 12:03:16 PM,1/30/2025 1:43:57 PM,,,2,,,,,,,
3043623,20-062290,2,False,0109,12/21/2020 1:30:00 AM,130,16X,14,109,Oakland,1,True,True,A,HEAD-ON,,Monday,,,,,False,False,False,,E,PARKED MOTOR VEHICLE,,2,0,CLEAR,,NO UNUSUAL CONDITIONS - NO UNUSUAL CONDITIONS,,C,DARK-STREET LIGHTS,,,,,,,A,NO PEDESTRIANS INVOLVED,,A,22107,,1,MACARTHUR BL,1,,,A,E,50.0,WOODRUFF AV,F,,D,7/31/2024 12:03:16 PM,1/30/2025 1:43:57 PM,,,2,,,,,,,
3043622,20-063794,2,False,0109,12/31/2020 6:19:00 AM,619,06X,14,109,Oakland,1,True,True,D,BROADSIDE,,Thursday,,,M,,False,False,False,,C,OTHER MOTOR VEHICLE,,1,0,CLEAR,,NO UNUSUAL CONDITIONS - NO UNUSUAL CONDITIONS,,C,DARK-STREET LIGHTS,,,,,,,,,,A,22450A,,1,MARKET ST,1,,,B,,,37TH ST,,,A,7/31/2024 12:03:16 PM,1/30/2025 1:43:56 PM,,,2,,,,,,,
3043621,20-058957,2,False,0109,12/1/2020 9:21:00 PM,2121,33X,14,109,Oakland,1,True,True,A,HEAD-ON,,Tuesday,,,,,False,False,False,,C,OTHER MOTOR VEHICLE,,1,0,CLEAR,,NO UNUSUAL CONDITIONS - NO UNUSUAL CONDITIONS,,C,DARK-STREET LIGHTS,,,,,,,C,CROSSING IN CROSS WALK - NOT AT INTERSECTION,,A,23152A,,1,SAN LEANDRO ST,2,,,,E,18.0,85TH AV,F,,A,7/31/2024 12:03:15 PM,1/30/2025 1:43:57 PM,,,2,,,,,,,
3043620,20-063232,2,False,0109,12/27/2020 12:48:00 PM,1248,32X,14,109,Oakland,1,True,True,B,SIDE SWIPE,,Sunday,,,,,False,False,False,,C,OTHER MOTOR VEHICLE,,1,0,CLEAR,,NO UNUSUAL CONDITIONS - NO UNUSUAL CONDITIONS,,A,DAYLIGHT,,,,,,,A,NO PEDESTRIANS INVOLVED,,A,21658A,,1,SAN LEANDRO ST,2,,,A,W,150.0,105TH AV,F,,D,7/31/2024 12:03:15 PM,1/30/2025 1:43:57 PM,,,2,,,,,,,
3043619,20-063831,2,False,0109,12/31/2020 12:06:00 PM,1206,06X,14,109,Oakland,1,True,True,D,BROADSIDE,,Thursday,,,,,False,False,False,,C,OTHER MOTOR VEHICLE,,1,0,CLEAR,,NO UNUSUAL CONDITIONS - NO UNUSUAL CONDITIONS,,A,DAYLIGHT,,,,,,,,,,A,21453A,,1,MARKET ST,1,,,A,,,36TH ST,,,A,7/31/2024 12:03:15 PM,1/30/2025 1:43:56 PM,,,2,,,,,,,
3043616,20-060934,2,False,0109,12/12/2020 8:42:00 PM,2042,30X,14,109,Oakland,1,True,True,E,HIT OBJECT,,Saturday,,,,,False,False,True,,I,FIXED OBJECT,,1,0,CLEAR,,NO UNUSUAL CONDITIONS - NO UNUSUAL CONDITIONS,,C,DARK-STREET LIGHTS,,,,,,,A,NO PEDESTRIANS INVOLVED,,A,23152A,,1,CHURCH ST,2,,,,S,50.0,FOOTHILL BL,F,,D,7/31/2024 12:03:15 PM,1/30/2025 1:43:56 PM,,,2,,,,,,,
3043595,20-056726,2,False,0109,11/18/2020 6:23:00 AM,623,30X,14,109,Oakland,1,True,True,D,BROADSIDE,,Wednesday,,,M,,False,False,False,,C,OTHER MOTOR VEHICLE,,0,0,CLEAR,,NO UNUSUAL CONDITIONS - NO UNUSUAL CONDITIONS,,A,DAYLIGHT,,,,,,,A,NO PEDESTRIANS INVOLVED,,A,22450A,,1,BIRCH ST,2,,,B,,,82ND AV,,,A,7/31/2024 12:03:13 PM,1/30/2025 1:43:55 PM,,,2,,,,,,,
3043592,20-055992,2,False,0109,11/14/2020 12:31:00 AM,31,26X,14,109,Oakland,1,True,True,B,SIDE SWIPE,,Saturday,,,M,,False,False,False,,C,OTHER MOTOR VEHICLE,,0,0,CLOUDY,,NO UNUSUAL CONDITIONS - NO UNUSUAL CONDITIONS,,C,DARK-STREET LIGHTS,,,,,,,A,NO PEDESTRIANS INVOLVED,,A,22450A,,1,COLISEUM WY,2,,,B,,,HIGH ST,,,D,7/31/2024 12:03:13 PM,1/30/2025 1:43:55 PM,,,2,,,,,,,
3043590,20-057182,2,False,0109,11/20/2020 12:30:00 PM,1230,24X,14,109,Oakland,1,True,True,D,BROADSIDE,,Friday,,,M,,False,False,True,,E,PARKED MOTOR VEHICLE,,0,0,CLEAR,,NO UNUSUAL CONDITIONS - NO UNUSUAL CONDITIONS,,A,DAYLIGHT,,,,,,,A,NO PEDESTRIANS INVOLVED,,A,22350,,1,HARRINGTON AV,2,,,A,,,GRAY ST,,,A,7/31/2024 12:03:12 PM,1/30/2025 1:43:55 PM,,,2,,,,,,,
3043049,20-054849,2,False,0109,11/6/2020 6:26:00 PM,1826,33X,14,109,Oakland,1,True,True,C,REAR END,,Friday,,,M,,False,True,False,,C,OTHER MOTOR VEHICLE,,0,0,CLEAR,,NO UNUSUAL CONDITIONS - NO UNUSUAL CONDITIONS,,C,DARK-STREET LIGHTS,,,,,,,A,NO PEDESTRIANS INVOLVED,,A,22350,,1,INTERNATIONAL BL,2,,,A,E,30.0,85TH AV,F,,D,7/31/2024 12:02:21 PM,1/30/2025 1:43:37 PM,,,2,,,,,,,
3042920,28X,2,False,0109,10/11/2020 10:57:00 AM,1057,2,14,109,Oakland,1,True,True,B,SIDE SWIPE,,Sunday,,,M,,False,False,False,,C,OTHER MOTOR VEHICLE,,1,0,CLEAR,,NO UNUSUAL CONDITIONS - NO UNUSUAL CONDITIONS,,A,DAYLIGHT,,,,,,,A,NO PEDESTRIANS INVOLVED,,A,22107,,1,MACARTHUR BL,2,,,A,W,75.0,55TH AV,F,,D,7/31/2024 12:02:08 PM,1/30/2025 1:43:32 PM,,,2,,,,,,,
3042917,20-049157,2,False,0109,10/4/2020 7:50:00 PM,1950,34X,14,109,Oakland,1,True,True,C,REAR END,,Sunday,,,M,,False,False,False,,C,OTHER MOTOR VEHICLE,,1,0,CLEAR,,NO UNUSUAL CONDITIONS - NO UNUSUAL CONDITIONS,,C,DARK-STREET LIGHTS,,,,,,,A,NO PEDESTRIANS INVOLVED,,A,22350,,1,INTERNATIONAL BL,2,,,A,,,94TH AV,,,A,7/31/2024 12:02:08 PM,1/30/2025 1:43:32 PM,,,2,,,,,,,
3042821,20-028961,2,False,0109,6/13/2020 8:26:00 PM,2026,24X,14,109,Oakland,1,True,True,A,HEAD-ON,,Saturday,,,M,,False,False,False,,I,FIXED OBJECT,,0,0,CLEAR,,NO UNUSUAL CONDITIONS - NO UNUSUAL CONDITIONS,,A,DAYLIGHT,,,,,,,A,NO PEDESTRIANS INVOLVED,,A,22107,,1,FOOTHILL BL,2,,,A,E,500.0,34TH AV,F,,A,7/31/2024 12:02:00 PM,1/30/2025 1:43:29 PM,,,2,,,,,,,
3042787,20-056322,2,False,0109,11/15/2020 10:00:00 PM,2200,04X,14,109,Oakland,1,True,True,D,BROADSIDE,,Sunday,,,,,False,False,False,,C,OTHER MOTOR VEHICLE,,0,0,CLEAR,,NO UNUSUAL CONDITIONS - NO UNUSUAL CONDITIONS,,C,DARK-STREET LIGHTS,,,,,,,A,NO PEDESTRIANS INVOLVED,,A,21453A,,,JEFFERSON ST,1,,,A,,,17TH ST,,,A,7/31/2024 12:01:57 PM,1/30/2025 1:43:28 PM,,,2,,,,,,,
3042612,20-045979,2,False,0109,9/16/2020 1:41:00 AM,141,27X,14,109,Oakland,1,True,True,B,SIDE SWIPE,,Wednesday,,,M,,False,False,False,,E,PARKED MOTOR VEHICLE,,0,0,CLEAR,,NO UNUSUAL CONDITIONS - NO UNUSUAL CONDITIONS,,A,DAYLIGHT,,,,,,,A,NO PEDESTRIANS INVOLVED,,A,22107,,1,HARVEY AV,2,,,A,W,140.0,55TH AV,F,,D,7/31/2024 12:01:40 PM,1/30/2025 1:43:21 PM,,,2,,,,,,,
3042607,20-060589,2,False,0109,12/10/2020 5:09:00 PM,1709,28X,14,109,Oakland,1,True,True,A,HEAD-ON,,Thursday,,,,,False,False,True,,C,OTHER MOTOR VEHICLE,,3,0,CLEAR,,NO UNUSUAL CONDITIONS - NO UNUSUAL CONDITIONS,,B,DUSK-DAWN,,,,,,,A,NO PEDESTRIANS INVOLVED,,A,22107,,1,MACARTHUR BL,2,,,A,S,220.0,PIERSON ST,F,,D,7/31/2024 12:01:39 PM,1/30/2025 1:43:21 PM,,,2,,,,,,,
3042605,20-057882,2,False,0109,11/24/2020 7:58:00 PM,1958,29X,14,109,Oakland,1,True,True,D,BROADSIDE,,Tuesday,,,M,,False,False,True,,C,OTHER MOTOR VEHICLE,,0,0,CLEAR,,NO UNUSUAL CONDITIONS - NO UNUSUAL CONDITIONS,,C,DARK-STREET LIGHTS,,,,,,,A,NO PEDESTRIANS INVOLVED,,A,21453A,,1,FOOTHILL BL,2,,,A,,,HAVENSCOUT BL,,,A,7/31/2024 12:01:39 PM,1/30/2025 1:43:21 PM,,,2,,,,,,,
3042603,20-058464,2,False,0109,11/28/2020 9:30:00 PM,2130,31Y,14,109,Oakland,1,True,True,A,HEAD-ON,,Saturday,,,M,,False,False,True,,E,PARKED MOTOR VEHICLE,,0,0,CLEAR,,NO UNUSUAL CONDITIONS - NO UNUSUAL CONDITIONS,,C,DARK-STREET LIGHTS,,,,,,,A,NO PEDESTRIANS INVOLVED,,A,22350,,1,LOUISIANA AV,2,,,A,N,30.0,WALTER AV,F,,D,7/31/2024 12:01:39 PM,1/30/2025 1:43:22 PM,,,2,,,,,,,
3042602,20-059401,2,False,0109,12/4/2020 10:05:00 AM,1005,33X,14,109,Oakland,1,True,True,A,HEAD-ON,,Friday,,,M,,False,False,True,,I,FIXED OBJECT,,0,0,CLEAR,,NO UNUSUAL CONDITIONS - NO UNUSUAL CONDITIONS,,A,DAYLIGHT,,,,,,,A,NO PEDESTRIANS INVOLVED,,A,22107,,1,A ST,2,,,A,W,40.0,97TH AV,F,,D,7/31/2024 12:01:39 PM,1/30/2025 1:43:21 PM,,,2,,,,,,,
3042594,20-057123,2,False,0109,11/20/2020 9:23:00 AM,923,07,14,109,Oakland,1,True,True,G,VEHICLE/PEDESTRAIN,,Friday,,,,,False,False,False,,B,PEDESTRIAN,,1,0,CLEAR,,NO UNUSUAL CONDITIONS - NO UNUSUAL CONDITIONS,,A,DAYLIGHT,,,,,,,D,CROSSING - NOT IN CROSSWALK,,A,22106,,1,LOUISE ST,1,,,A,S,5.0,34TH ST,F,,A,7/31/2024 12:01:38 PM,1/30/2025 1:43:21 PM,,,2,,,,,,,
3042593,20-056288,2,False,0109,11/15/2020 4:03:00 PM,1603,26X,14,109,Oakland,1,True,True,A,HEAD-ON,,Sunday,,,M,,False,False,False,,C,OTHER MOTOR VEHICLE,,1,0,CLEAR,,NO UNUSUAL CONDITIONS - NO UNUSUAL CONDITIONS,,A,DAYLIGHT,,,,,,,A,NO PEDESTRIANS INVOLVED,,A,21752,,1,E 12TH ST,2,,,A,W,20.0,52ND AV,F,,D,7/31/2024 12:01:38 PM,1/30/2025 1:43:21 PM,,,2,,,,,,,
3042591,20-058309,2,False,0109,11/27/2020 7:40:00 PM,1940,15X,14,109,Oakland,1,True,True,D,BROADSIDE,,Friday,,,,,False,False,False,,C,OTHER MOTOR VEHICLE,,1,0,CLEAR,,NO UNUSUAL CONDITIONS - NO UNUSUAL CONDITIONS,,C,DARK-STREET LIGHTS,,,,,,,A,NO PEDESTRIANS INVOLVED,,A,21801A,,1,LAKESHORE AV,1,,,A,,,MACARTHUR BL,,,A,7/31/2024 12:01:38 PM,1/30/2025 1:43:21 PM,,,2,,,,,,,
3042589,20-056641,2,False,0109,11/17/2020 4:35:00 PM,1635,20X,14,109,Oakland,1,True,True,A,HEAD-ON,,Tuesday,,,,,False,False,True,,C,OTHER MOTOR VEHICLE,,1,0,RAINING,,NO UNUSUAL CONDITIONS - NO UNUSUAL CONDITIONS,,B,DUSK-DAWN,,,,,,,A,NO PEDESTRIANS INVOLVED,,A,22107,,1,27TH AV,1,,,B,N,40.0,INTERNATIONAL BL,F,,A,7/31/2024 12:01:38 PM,1/30/2025 1:43:21 PM,,,2,,,,,,,
3042564,20-040890,2,False,0109,8/17/2020 11:10:00 PM,2310,19X,14,109,Oakland,1,True,True,E,HIT OBJECT,,Monday,,,M,,False,False,False,,I,FIXED OBJECT,,0,0,CLEAR,,NO UNUSUAL CONDITIONS - NO UNUSUAL CONDITIONS,,C,DARK-STREET LIGHTS,,,,,,,A,NO PEDESTRIANS INVOLVED,,A,22107,,1,E 12TH ST,1,,,A,,,15TH AV,,,C,7/31/2024 12:01:35 PM,1/30/2025 1:43:20 PM,,,2,,,,,,,
3042561,20-036534,2,False,0109,7/25/2020 12:00:00 PM,1200,27X,14,109,Oakland,1,True,True,B,SIDE SWIPE,,Saturday,,,M,,False,False,False,,E,PARKED MOTOR VEHICLE,,0,0,CLEAR,,NO UNUSUAL CONDITIONS - NO UNUSUAL CONDITIONS,,C,DARK-STREET LIGHTS,,,,,,,A,NO PEDESTRIANS INVOLVED,,A,22107,,1,SEMINARY,2,,,A,N,35.0,INTERNATIONAL BL,F,,C,7/31/2024 12:01:34 PM,1/30/2025 1:43:20 PM,,,2,,,,,,,
3042560,20-041720,2,False,0109,8/22/2020 6:08:00 PM,1808,27Y,14,109,Oakland,1,True,True,C,REAR END,,Saturday,,,M,,False,False,False,,C,OTHER MOTOR VEHICLE,,0,0,CLEAR,,NO UNUSUAL CONDITIONS - NO UNUSUAL CONDITIONS,,A,DAYLIGHT,,,,,,,A,NO PEDESTRIANS INVOLVED,,A,22350,,1,INTERNATIONAL BL,1,,,A,W,20.0,57TH AV,F,,A,7/31/2024 12:01:34 PM,1/30/2025 1:43:20 PM,,,2,,,,,,,
3042547,20-047043,2,False,0109,9/22/2020 12:30:00 AM,30,07X,14,109,Oakland,1,True,True,B,SIDE SWIPE,,Tuesday,,,M,,False,False,True,,E,PARKED MOTOR VEHICLE,,0,0,CLEAR,,NO UNUSUAL CONDITIONS - NO UNUSUAL CONDITIONS,,C,DARK-STREET LIGHTS,,,,,,,A,NO PEDESTRIANS INVOLVED,,A,22107,,1,23ND ST,1,,,A,E,15.0,SAN PABLO,F,,A,7/31/2024 12:01:33 PM,1/30/2025 1:43:19 PM,,,2,,,,,,,
3042545,20-044271,2,False,0109,9/5/2020 5:34:00 PM,1734,27X,14,109,Oakland,1,True,True,D,BROADSIDE,,Saturday,,,M,,False,False,False,,C,OTHER MOTOR VEHICLE,,0,0,CLEAR,,NO UNUSUAL CONDITIONS - NO UNUSUAL CONDITIONS,,A,DAYLIGHT,,,,,,,A,NO PEDESTRIANS INVOLVED,,A,,,1,INTERNATIONAL BL,2,,,A,,,SEMINARY AV,,,A,7/31/2024 12:01:33 PM,1/30/2025 1:43:19 PM,,,2,,,,,,,
3042544,20-047248,2,False,0109,9/22/2020 11:46:00 PM,2346,03X,14,109,Oakland,1,True,True,D,BROADSIDE,,Tuesday,,,,,False,False,True,,C,OTHER MOTOR VEHICLE,,0,0,CLEAR,,NO UNUSUAL CONDITIONS - NO UNUSUAL CONDITIONS,,C,DARK-STREET LIGHTS,,,,,,,A,NO PEDESTRIANS INVOLVED,,A,21453A,,1,7TH ST,1,,,A,,,HARRISON ST,,,A,7/31/2024 12:01:33 PM,1/30/2025 1:43:19 PM,,,2,,,,,,,
3042540,20-047398,2,False,0109,9/23/2020 9:48:00 PM,2148,19X,14,109,Oakland,1,True,True,C,REAR END,,Wednesday,,,,,False,False,False,,C,OTHER MOTOR VEHICLE,,0,0,CLEAR,,NO UNUSUAL CONDITIONS - NO UNUSUAL CONDITIONS,,C,DARK-STREET LIGHTS,,,,,,,A,NO PEDESTRIANS INVOLVED,,A,22350,,1,INTERNATIONAL BL,1,,,A,W,5.0,12TH AV,F,,A,7/31/2024 12:01:33 PM,1/30/2025 1:43:19 PM,,,2,,,,,,,
3042537,20-041221,2,False,0109,8/9/2020 3:09:00 PM,1509,05X,14,109,Oakland,1,True,True,D,BROADSIDE,,Sunday,,,M,,False,False,False,,C,OTHER MOTOR VEHICLE,,0,0,CLEAR,,NO UNUSUAL CONDITIONS - NO UNUSUAL CONDITIONS,,A,DAYLIGHT,,,,,,,A,NO PEDESTRIANS INVOLVED,,A,22450A,,1,ADELINE ST,1,,,A,,,16TH ST,,,A,7/31/2024 12:01:32 PM,1/30/2025 1:43:19 PM,,,2,,,,,,,
3042487,20-052383,2,False,0109,10/23/2020 5:01:00 PM,1701,34X,14,109,Oakland,1,True,True,D,BROADSIDE,,Friday,,,M,,False,False,False,,C,OTHER MOTOR VEHICLE,,1,0,CLEAR,,NO UNUSUAL CONDITIONS - NO UNUSUAL CONDITIONS,,A,DAYLIGHT,,,,,,,A,NO PEDESTRIANS INVOLVED,,A,23109,,1,HOLLY ST,21,,,A,,,90TH AV,,,D,7/31/2024 12:01:28 PM,1/30/2025 1:43:17 PM,,,2,,,,,,,
3042317,20-060883,2,False,0109,12/12/2020 1:28:00 PM,1328,20X,14,109,Oakland,1,True,True,D,BROADSIDE,,Saturday,,,M,,False,False,False,,C,OTHER MOTOR VEHICLE,,1,0,CLEAR,,NO UNUSUAL CONDITIONS - NO UNUSUAL CONDITIONS,,A,DAYLIGHT,,,,,,,A,NO PEDESTRIANS INVOLVED,,A,21453A,,1,29TH AV,1,,,A,,,INTERNATIOAL BL,,,A,7/31/2024 12:01:12 PM,1/30/2025 1:43:11 PM,,,2,,,,,,,
3042316,20-062318,2,False,0109,12/21/2020 8:33:00 AM,833,31X,14,109,Oakland,1,True,True,D,BROADSIDE,,Monday,,,,,False,False,False,,C,OTHER MOTOR VEHICLE,,2,0,CLEAR,,NO UNUSUAL CONDITIONS - NO UNUSUAL CONDITIONS,,A,DAYLIGHT,,,,,,,,,,A,21800A,,1,HEGENBERGER RD,2,,,A,,,SAN LEANDRO ST,,,A,7/31/2024 12:01:11 PM,1/30/2025 1:43:11 PM,,,2,,,,,,,
3042315,20-062368,2,False,0109,12/21/2020 12:31:00 PM,1231,31X,14,109,Oakland,1,True,True,D,BROADSIDE,,Monday,,,,,False,False,False,,C,OTHER MOTOR VEHICLE,,2,0,CLEAR,,NO UNUSUAL CONDITIONS - NO UNUSUAL CONDITIONS,,A,DAYLIGHT,,,,,,,A,NO PEDESTRIANS INVOLVED,,A,21802A,,1,SAN LEANDRO ST,2,,,A,,,STONE ST,,,A,7/31/2024 12:01:11 PM,1/30/2025 1:43:11 PM,,,2,,,,,,,
3042314,20-063681,2,False,0109,12/30/2020 11:33:00 AM,1133,19X,14,109,Oakland,1,True,True,D,BROADSIDE,,Wednesday,,,,,False,False,False,,C,OTHER MOTOR VEHICLE,,2,0,CLEAR,,NO UNUSUAL CONDITIONS - NO UNUSUAL CONDITIONS,,A,DAYLIGHT,,,,,,,A,NO PEDESTRIANS INVOLVED,,A,21453A,,1,INTERNATIONAL BL,1,,,A,,,7TH AV,,,A,7/31/2024 12:01:11 PM,1/30/2025 1:43:11 PM,,,2,,,,,,,
3042313,20-061245,2,False,0109,12/14/2020 6:08:00 PM,1808,21X,14,109,Oakland,1,True,True,C,REAR END,,Monday,,,,,False,False,True,,C,OTHER MOTOR VEHICLE,,1,0,CLEAR,,NO UNUSUAL CONDITIONS - NO UNUSUAL CONDITIONS,,A,DAYLIGHT,,,,,,,A,NO PEDESTRIANS INVOLVED,,A,23152,,1,FOOTHILL RD,1,,,A,,,25TH AV,,,A,7/31/2024 12:01:11 PM,1/30/2025 1:43:11 PM,,,2,,,,,,,
3042110,20-054953,2,False,0109,11/7/2020 12:45:00 PM,1245,31Y,14,109,Oakland,1,True,True,B,SIDE SWIPE,,Saturday,,,M,,False,False,False,,I,FIXED OBJECT,,1,0,CLEAR,,NO UNUSUAL CONDITIONS - NO UNUSUAL CONDITIONS,,A,DAYLIGHT,,,,,,,A,NO PEDESTRIANS INVOLVED,,A,22107,,1,EDES AV,2,,,A,W,15.0,85TH AV,F,,A,7/31/2024 12:00:50 PM,1/30/2025 1:43:04 PM,,,2,,,,,,,
3042109,20-055133,2,False,0109,11/8/2020 5:50:00 PM,1750,05X,14,109,Oakland,1,True,True,D,BROADSIDE,,Sunday,,,,,False,False,True,,,,,1,0,CLEAR,,NO UNUSUAL CONDITIONS - NO UNUSUAL CONDITIONS,,C,DARK-STREET LIGHTS,,,,,,,,,,A,21460A,,1,MARKET ST,1,,,A,S,200.0,N21ST ST,F,,A,7/31/2024 12:00:50 PM,1/30/2025 1:43:04 PM,,,2,,,,,,,
3042108,20-054958,2,False,0109,11/7/2020 1:27:00 PM,1327,19X,14,109,Oakland,1,True,True,C,REAR END,,Saturday,,,,,False,False,False,,G,BICYCLE,,1,0,CLEAR,,NO UNUSUAL CONDITIONS - NO UNUSUAL CONDITIONS,,A,DAYLIGHT,,,,,,,A,NO PEDESTRIANS INVOLVED,,D,,,,E 12TH ST,1,,,A,E,50.0,22ND AV,F,,D,7/31/2024 12:00:50 PM,1/30/2025 1:43:04 PM,,,2,,,,,,,
3042107,20-057003,2,False,0109,11/19/2020 2:10:00 PM,1410,26X,14,109,Oakland,1,True,True,G,VEHICLE/PEDESTRAIN,,Thursday,,,M,,False,False,False,,B,PEDESTRIAN,,1,0,CLEAR,,NO UNUSUAL CONDITIONS - NO UNUSUAL CONDITIONS,,A,DAYLIGHT,,,,,,,B,CROSSING IN CROSS WALK AT INTERSECTION,,A,21950A,,1,77TH AV,2,,,A,,,INTERNATIONAL BL,,,A,7/31/2024 12:00:50 PM,1/30/2025 1:43:04 PM,,,2,,,,,,,
3042106,20-057064,2,False,0109,11/19/2020 7:48:00 PM,1948,21X,14,109,Oakland,1,True,True,C,REAR END,,Thursday,,,,,False,False,True,,C,OTHER MOTOR VEHICLE,,1,0,CLEAR,,NO UNUSUAL CONDITIONS - NO UNUSUAL CONDITIONS,,C,DARK-STREET LIGHTS,,,,,,,A,NO PEDESTRIANS INVOLVED,,A,22350,,1,FRUITVALE AV,1,,,A,N,100.0,LYNDE ST,F,,D,7/31/2024 12:00:50 PM,1/30/2025 1:43:04 PM,,,2,,,,,,,
3042105,20-054338,2,False,0109,11/3/2020 6:00:00 PM,1800,02X,14,109,Oakland,1,True,True,D,BROADSIDE,,Tuesday,,,,,False,False,True,,C,OTHER MOTOR VEHICLE,,1,0,CLEAR,,NO UNUSUAL CONDITIONS - NO UNUSUAL CONDITIONS,,B,DUSK-DAWN,,,,,,,A,NO PEDESTRIANS INVOLVED,,A,21453A,,1,MARKET ST,1,,,A,,,6TH ST,,,A,7/31/2024 12:00:50 PM,1/30/2025 1:43:04 PM,,,2,,,,,,,
3042104,20-054204,2,False,0109,11/2/2020 8:42:00 PM,2042,16X,14,109,Oakland,1,True,True,C,REAR END,,Monday,,,,,False,False,False,,C,OTHER MOTOR VEHICLE,,1,0,CLEAR,,NO UNUSUAL CONDITIONS - NO UNUSUAL CONDITIONS,,B,DUSK-DAWN,,,,,,,B,CROSSING IN CROSS WALK AT INTERSECTION,,A,22350,,1,MACARTHUR BL,1,,,A,,,WOODRUFF AV,,,D,7/31/2024 12:00:50 PM,1/30/2025 1:43:04 PM,,,2,,,,,,,
3042102,20-054050,2,False,0109,11/2/2020 12:38:00 AM,38,20X,14,109,Oakland,1,True,True,A,HEAD-ON,,Monday,,,,,False,False,False,,C,OTHER MOTOR VEHICLE,,1,0,CLEAR,,NO UNUSUAL CONDITIONS - NO UNUSUAL CONDITIONS,,C,DARK-STREET LIGHTS,,,,,,,A,NO PEDESTRIANS INVOLVED,,A,23152A,,1,27TH AV,1,,,A,N,50.0,INTERNATIONAL BL,F,,A,7/31/2024 12:00:50 PM,1/30/2025 1:43:04 PM,,,2,,,,,,,