collision-id,report-number,report-version,is-preliminary,ncic-code,crash-date-time,crash-time-description,beat,city-id,city-code,city-name,county-code,city-is-active,city-is-incorporated,collision-type-code,collision-type-description,collision-type-other-desc,day-of-week,dispatch-notified,has-photographs,hit-run,is-attachments-mailed,is-deleted,is-highway-related,is-tow-away,judicial-district,motor-vehicle-involved-with-code,motor-vehicle-involved-with-desc,motor-vehicle-involved-with-other-desc,number-injured,number-killed,weather-1,weather-2,road-condition-1,road-condition-2,special-condition-lighting-code,lighting-description,latitude,longitude,milepost-direction,milepost-distance,milepost-marker,milepost-unit-of-measure,pedestrian-action-code,pedestrian-action-desc,prepared-date,primary-collision-factor-code,primary-collision-factor-violation,primary-collision-factor-is-cited,primary-collision-party-number,primary-road,reporting-district,reporting-district-code,reviewed-date,roadway-surface-code,secondary-direction,secondary-distance,secondary-road,secondary-unit-of-measure,sketch-desc,traffic-control-device-code,created-date,modified-date,is-county-road,is-freeway,chp-555-version,is-additonal-object-struck,notification-date,notification-time-description,has-digital-media-files,evidence-number,is-location-refer-to-narrative,is-aoi-one-same-as-location
3047182,20-056209,2,False,0109,11/14/2020 11:59:00 PM,2359,30Y,14,109,Oakland,1,True,True,D,BROADSIDE,,Saturday,,,,,False,False,True,,C,OTHER MOTOR VEHICLE,,0,0,CLEAR,,NO UNUSUAL CONDITIONS - NO UNUSUAL CONDITIONS,,C,DARK-STREET LIGHTS,,,,,,,A,NO PEDESTRIANS INVOLVED,,A,21453A,,1,CHURCH ST,2,,,A,,,FOOTHILL BL,,,A,7/31/2024 12:09:12 PM,1/30/2025 1:45:58 PM,,,2,,,,,,,
3047179,20-057825,2,False,0109,11/24/2020 1:58:00 PM,1358,08X,14,109,Oakland,1,True,True,B,SIDE SWIPE,,Tuesday,,,M,,False,False,False,,C,OTHER MOTOR VEHICLE,,0,0,CLEAR,,NO UNUSUAL CONDITIONS - NO UNUSUAL CONDITIONS,,A,DAYLIGHT,,,,,,,A,NO PEDESTRIANS INVOLVED,,A,22107,,1,TELEGRAPH AV,1,,,A,N,50.0,36TH ST,F,,C,7/31/2024 12:09:12 PM,1/30/2025 1:45:58 PM,,,2,,,,,,,
3047136,20-046481,2,False,0109,9/19/2020 3:03:00 AM,303,33X,14,109,Oakland,1,True,True,A,HEAD-ON,,Saturday,,,,,False,False,False,,C,OTHER MOTOR VEHICLE,,1,0,CLEAR,,NO UNUSUAL CONDITIONS - NO UNUSUAL CONDITIONS,,C,DARK-STREET LIGHTS,,,,,,,A,NO PEDESTRIANS INVOLVED,,A,22107,,2,INTERNATIONAL BL,2,,,A,,,98TH AV,,,A,7/31/2024 12:09:07 PM,1/30/2025 1:45:56 PM,,,2,,,,,,,
3047110,20-044495,2,False,0109,9/6/2020 11:15:00 PM,2315,30X,14,109,Oakland,1,True,True,B,SIDE SWIPE,,Sunday,,,M,,False,False,False,,C,OTHER MOTOR VEHICLE,,0,0,CLEAR,,NO UNUSUAL CONDITIONS - NO UNUSUAL CONDITIONS,,C,DARK-STREET LIGHTS,,,,,,,A,NO PEDESTRIANS INVOLVED,,A,22107,,1,HOLLY ST,2,,,A,,,73RD AV,,,D,7/31/2024 12:09:04 PM,1/30/2025 1:45:55 PM,,,2,,,,,,,
3047050,20-063183,2,False,0109,12/27/2020 4:33:00 AM,433,19X,14,109,Oakland,1,True,True,B,SIDE SWIPE,,Sunday,,,M,,False,False,False,,,,,0,0,CLEAR,,NO UNUSUAL CONDITIONS - NO UNUSUAL CONDITIONS,,C,DARK-STREET LIGHTS,,,,,,,A,NO PEDESTRIANS INVOLVED,,A,22107,,1,9TH AV,1,,,A,S,200.0,EMBARCADERO,F,,D,7/31/2024 12:08:59 PM,1/30/2025 1:45:53 PM,,,2,,,,,,,
3047048,20-060666,2,False,0109,12/11/2020 8:20:00 AM,820,21X,14,109,Oakland,1,True,True,A,HEAD-ON,,Friday,,,M,,False,False,False,,C,OTHER MOTOR VEHICLE,,0,0,CLEAR,,NO UNUSUAL CONDITIONS - NO UNUSUAL CONDITIONS,,A,DAYLIGHT,,,,,,,A,NO PEDESTRIANS INVOLVED,,A,22106,,1,24TH AV,1,,,A,N,80.0,E 22ND ST,F,,D,7/31/2024 12:08:58 PM,1/30/2025 1:45:53 PM,,,2,,,,,,,
3047047,20-061202,2,False,0109,12/14/2020 1:23:00 PM,1323,29X,14,109,Oakland,1,True,True,B,SIDE SWIPE,,Monday,,,M,,False,False,True,,E,PARKED MOTOR VEHICLE,,0,0,CLEAR,,NO UNUSUAL CONDITIONS - NO UNUSUAL CONDITIONS,,A,DAYLIGHT,,,,,,,A,NO PEDESTRIANS INVOLVED,,A,22107,,1,HAVENSCOURT BL,2,,,A,N,40.0,FOOTHILL BL,F,,D,7/31/2024 12:08:58 PM,1/30/2025 1:45:53 PM,,,2,,,,,,,
3047046,20-063301,2,False,0109,12/27/2020 11:21:00 PM,2321,16Y,14,109,Oakland,1,True,True,B,SIDE SWIPE,,Sunday,,,M,,False,False,False,,E,PARKED MOTOR VEHICLE,,0,0,CLEAR,,NO UNUSUAL CONDITIONS - NO UNUSUAL CONDITIONS,,E,DARK-STREET LIGHTS NOT FUNCTIONING*,,,,,,,A,NO PEDESTRIANS INVOLVED,,A,21650,,1,GLEN PARK RD,1,,,A,S,100.0,ALLMAN ST,F,,D,7/31/2024 12:08:58 PM,1/30/2025 1:45:53 PM,,,2,,,,,,,
3047045,20-063582,2,False,0109,12/29/2020 6:13:00 PM,1813,16X,14,109,Oakland,1,True,True,D,BROADSIDE,,Tuesday,,,M,,False,False,False,,C,OTHER MOTOR VEHICLE,,0,0,CLEAR,,NO UNUSUAL CONDITIONS - NO UNUSUAL CONDITIONS,,B,DUSK-DAWN,,,,,,,A,NO PEDESTRIANS INVOLVED,,A,22106,,1,LAKESHORE AV,1,,,A,S,5.0,LAKE PARK AV,F,,D,7/31/2024 12:08:58 PM,1/30/2025 1:45:53 PM,,,2,,,,,,,
3047044,20-063616,2,False,0109,12/29/2020 10:41:00 PM,2241,34X,14,109,Oakland,1,True,True,B,SIDE SWIPE,,Tuesday,,,M,,False,False,False,,E,PARKED MOTOR VEHICLE,,0,0,CLEAR,,NO UNUSUAL CONDITIONS - NO UNUSUAL CONDITIONS,,C,DARK-STREET LIGHTS,,,,,,,A,NO PEDESTRIANS INVOLVED,,A,22107,,1,PLYMOUTH ST,2,,,A,,,96TH AV,,,D,7/31/2024 12:08:58 PM,1/30/2025 1:45:53 PM,,,2,,,,,,,
3047043,20-063284,2,False,0109,12/27/2020 8:20:00 PM,2020,06X,14,109,Oakland,1,True,True,D,BROADSIDE,,Sunday,,,F,,False,False,False,,C,OTHER MOTOR VEHICLE,,0,0,CLEAR,,NO UNUSUAL CONDITIONS - NO UNUSUAL CONDITIONS,,C,DARK-STREET LIGHTS,,,,,,,A,NO PEDESTRIANS INVOLVED,,A,21801A,,1,32ND ST,1,,,A,,,MARKET ST,,,D,7/31/2024 12:08:58 PM,1/30/2025 1:45:53 PM,,,2,,,,,,,
3047042,20-062147,2,False,0109,12/20/2020 12:55:00 AM,55,19X,14,109,Oakland,1,True,True,D,BROADSIDE,,Sunday,,,M,,False,False,False,,E,PARKED MOTOR VEHICLE,,0,0,CLEAR,,NO UNUSUAL CONDITIONS - NO UNUSUAL CONDITIONS,,C,DARK-STREET LIGHTS,,,,,,,A,NO PEDESTRIANS INVOLVED,,A,22107,,1,FOOTHILL BL,1,,,A,S,50.0,22ND AV,F,,A,7/31/2024 12:08:58 PM,1/30/2025 1:45:53 PM,,,2,,,,,,,
3047041,20-063889,2,False,0109,12/31/2020 7:29:00 PM,1929,25X,14,109,Oakland,1,True,True,A,HEAD-ON,,Thursday,,,,,False,False,True,,C,OTHER MOTOR VEHICLE,,0,0,CLEAR,,NO UNUSUAL CONDITIONS - NO UNUSUAL CONDITIONS,,C,DARK-STREET LIGHTS,,,,,,,A,NO PEDESTRIANS INVOLVED,,A,21801A,,1,MACARTHUR BL,2,,,A,,,MADRONE PATH,,,A,7/31/2024 12:08:58 PM,1/30/2025 1:45:53 PM,,,2,,,,,,,
3047040,20-062946,2,False,0109,12/25/2020 10:20:00 AM,1020,29X,14,109,Oakland,1,True,True,D,BROADSIDE,,Friday,,,,,False,False,False,,C,OTHER MOTOR VEHICLE,,0,0,CLOUDY,,NO UNUSUAL CONDITIONS - NO UNUSUAL CONDITIONS,,A,DAYLIGHT,,,,,,,A,NO PEDESTRIANS INVOLVED,,A,21453A,,,BANCROFT AV,2,,,A,,,SEMINARY AV,,,A,7/31/2024 12:08:57 PM,1/30/2025 1:45:53 PM,,,2,,,,,,,
3047039,20-063240,2,False,0109,12/27/2020 1:35:00 PM,1335,32X,14,109,Oakland,1,True,True,D,BROADSIDE,,Sunday,,,,,False,False,False,,C,OTHER MOTOR VEHICLE,,0,0,CLEAR,,NO UNUSUAL CONDITIONS - NO UNUSUAL CONDITIONS,,A,DAYLIGHT,,,,,,,A,NO PEDESTRIANS INVOLVED,,A,21453A,,1,98TH AV,2,,,A,,,LAWLOR ST,,,A,7/31/2024 12:08:57 PM,1/30/2025 1:45:53 PM,,,2,,,,,,,
3047038,20-062818,2,False,0109,12/24/2020 10:22:00 AM,1022,21X,14,109,Oakland,1,True,True,C,REAR END,,Thursday,,,,,False,False,False,,C,OTHER MOTOR VEHICLE,,0,0,,,NO UNUSUAL CONDITIONS - NO UNUSUAL CONDITIONS,,A,DAYLIGHT,,,,,,,A,NO PEDESTRIANS INVOLVED,,A,22350,,1,E 27TH ST,1,,,A,,,25TH AV,,,D,7/31/2024 12:08:57 PM,1/30/2025 1:45:53 PM,,,2,,,,,,,
3047037,20-063397,2,False,0109,12/28/2020 4:50:00 PM,1650,02X,14,109,Oakland,1,True,True,H,OTHER,,Monday,,,,,False,False,False,,C,OTHER MOTOR VEHICLE,,0,0,CLEAR,,NO UNUSUAL CONDITIONS - NO UNUSUAL CONDITIONS,,A,DAYLIGHT,,,,,,,A,NO PEDESTRIANS INVOLVED,,A,21453A,,1,7TH ST,1,,,A,,,MARKET ST,,,A,7/31/2024 12:08:57 PM,1/30/2025 1:45:53 PM,,,2,,,,,,,
3047036,20-059754,2,False,0109,12/6/2020 12:23:00 AM,23,19X,14,109,Oakland,1,True,True,B,SIDE SWIPE,,Sunday,,,M,,False,False,False,,E,PARKED MOTOR VEHICLE,,0,0,CLEAR,,NO UNUSUAL CONDITIONS - NO UNUSUAL CONDITIONS,,B,DUSK-DAWN,,,,,,,A,NO PEDESTRIANS INVOLVED,,D,,,1,INTERNATIONAL BL,1,,,A,W,128.0,9TH AV,F,,A,7/31/2024 12:08:57 PM,1/30/2025 1:45:53 PM,,,2,,,,,,,
3047035,20-061608,2,False,0109,12/17/2020 1:25:00 AM,125,02X,14,109,Oakland,1,True,True,H,OTHER,,Thursday,,,,,False,False,True,,C,OTHER MOTOR VEHICLE,,0,0,RAINING,,NO UNUSUAL CONDITIONS - NO UNUSUAL CONDITIONS,,C,DARK-STREET LIGHTS,,,,,,,A,NO PEDESTRIANS INVOLVED,,A,21453A,,,14TH ST,1,,,B,,,MARKET ST,,,A,7/31/2024 12:08:57 PM,1/30/2025 1:45:53 PM,,,2,,,,,,,
3047034,20-062339,2,False,0109,12/21/2020 9:41:00 AM,941,13X,14,109,Oakland,1,True,True,E,HIT OBJECT,,Monday,,,M,,False,False,False,,I,FIXED OBJECT,,0,0,CLEAR,,HOLES- DEEPRUT* - HOLES- DEEPRUT*,,A,DAYLIGHT,,,,,,,A,NO PEDESTRIANS INVOLVED,,A,22107,,1,WOODHAVEN WY,1,,,A,E,150.0,THORNHILL DR,F,,D,7/31/2024 12:08:57 PM,1/30/2025 1:45:53 PM,,,2,,,,,,,
3047033,20-062121,2,False,0109,12/19/2020 8:48:00 PM,2048,30X,14,109,Oakland,1,True,True,H,OTHER,,Saturday,,,,,False,False,False,,C,OTHER MOTOR VEHICLE,,0,0,CLEAR,,NO UNUSUAL CONDITIONS - NO UNUSUAL CONDITIONS,,C,DARK-STREET LIGHTS,,,,,,,A,NO PEDESTRIANS INVOLVED,,A,22107,,1,73RD AV,2,,,A,,,INTERNATIONAL BL,,,A,7/31/2024 12:08:57 PM,1/30/2025 1:45:53 PM,,,2,,,,,,,
3047032,20-060024,2,False,0109,12/7/2020 4:02:00 PM,1602,27X,14,109,Oakland,1,True,True,D,BROADSIDE,,Monday,,,,,False,False,True,,C,OTHER MOTOR VEHICLE,,0,0,CLEAR,,NO UNUSUAL CONDITIONS - NO UNUSUAL CONDITIONS,,A,DAYLIGHT,,,,,,,A,NO PEDESTRIANS INVOLVED,,A,22450A,,1,BANCROFT AV,2,,,A,,,46TH AV,,,A,7/31/2024 12:08:57 PM,1/30/2025 1:45:53 PM,,,2,,,,,,,
3047004,20-063586,2,False,0109,12/29/2020 6:56:00 PM,1856,20X,14,109,Oakland,1,True,True,E,HIT OBJECT,,Tuesday,,,,,False,False,False,,I,FIXED OBJECT,,0,0,CLEAR,,NO UNUSUAL CONDITIONS - NO UNUSUAL CONDITIONS,,A,DAYLIGHT,,,,,,,A,NO PEDESTRIANS INVOLVED,,A,22107,,1,INTERNATIONAL BL,1,,,A,E,150.0,29TH AV,F,,A,7/31/2024 12:08:54 PM,1/30/2025 1:45:52 PM,,,2,,,,,,,
3047003,20-063091,2,False,0109,12/26/2020 11:00:00 AM,1100,27X,14,109,Oakland,1,True,True,C,REAR END,,Saturday,,,M,,False,False,False,,E,PARKED MOTOR VEHICLE,,0,0,CLEAR,,NO UNUSUAL CONDITIONS - NO UNUSUAL CONDITIONS,,A,DAYLIGHT,,,,,,,A,NO PEDESTRIANS INVOLVED,,A,22350,,1,TRASK ST,2,,,A,S,75.0,BANCROFT AV,F,,D,7/31/2024 12:08:54 PM,1/30/2025 1:45:52 PM,,,2,,,,,,,
3047002,20-062615,2,False,0109,12/22/2020 11:54:00 PM,2354,29X,14,109,Oakland,1,True,True,B,SIDE SWIPE,,Tuesday,,,M,,False,False,False,,E,PARKED MOTOR VEHICLE,,0,0,CLEAR,,NO UNUSUAL CONDITIONS - NO UNUSUAL CONDITIONS,,C,DARK-STREET LIGHTS,,,,,,,A,NO PEDESTRIANS INVOLVED,,A,22107,,1,MACARTHUR BL,2,,,A,W,15.0,68TH AV,F,,A,7/31/2024 12:08:54 PM,1/30/2025 1:45:52 PM,,,2,,,,,,,
3047001,20-063745,2,False,0109,12/30/2020 4:45:00 PM,1645,05X,14,109,Oakland,1,True,True,B,SIDE SWIPE,,Wednesday,,,M,,False,False,True,,E,PARKED MOTOR VEHICLE,,0,0,CLOUDY,,NO UNUSUAL CONDITIONS - NO UNUSUAL CONDITIONS,,A,DAYLIGHT,,,,,,,A,NO PEDESTRIANS INVOLVED,,A,22107,,1,WEST ST,1,,,A,W,20.0,19TH ST,F,,A,7/31/2024 12:08:54 PM,1/30/2025 1:45:52 PM,,,2,,,,,,,
3046993,20-057271,2,False,0109,11/21/2020 10:50:00 AM,1050,21Y,14,109,Oakland,1,True,True,B,SIDE SWIPE,,Saturday,,,,,False,False,False,,D,MOTOR VEHICLE ON OTHER ROADWAY,,1,0,CLEAR,,NO UNUSUAL CONDITIONS - NO UNUSUAL CONDITIONS,,A,DAYLIGHT,,,,,,,A,NO PEDESTRIANS INVOLVED,,A,22103,,1,FRUITVALE AV,1,,,A,,,HICKORY ST,,,D,7/31/2024 12:08:53 PM,1/30/2025 1:45:52 PM,,,2,,,,,,,
3046991,20-056283,2,False,0109,11/15/2020 3:08:00 PM,1508,30X,14,109,Oakland,1,True,True,D,BROADSIDE,,Sunday,,,F,,False,False,True,,C,OTHER MOTOR VEHICLE,,4,0,CLEAR,,NO UNUSUAL CONDITIONS - NO UNUSUAL CONDITIONS,,A,DAYLIGHT,,,,,,,A,NO PEDESTRIANS INVOLVED,,A,21801A,,1,INTERNATIONAL BL,2,,,A,,,80TH AV,,,D,7/31/2024 12:08:53 PM,1/30/2025 1:45:52 PM,,,2,,,,,,,
3046973,20-053404,2,False,0109,10/29/2020 2:25:00 PM,1425,08X,14,109,Oakland,1,True,True,D,BROADSIDE,,Thursday,,,M,,False,False,False,,C,OTHER MOTOR VEHICLE,,0,0,CLEAR,,NO UNUSUAL CONDITIONS - NO UNUSUAL CONDITIONS,,A,DAYLIGHT,,,,,,,A,NO PEDESTRIANS INVOLVED,,A,22107,,1,23RD ST,1,,,A,,,WEBSTER ST,,,D,7/31/2024 12:08:51 PM,1/30/2025 1:45:51 PM,,,2,,,,,,,
3046969,20-048588,2,False,0109,10/1/2020 2:17:00 PM,1417,30Y,14,109,Oakland,1,True,True,D,BROADSIDE,,Thursday,,,,,False,False,False,,C,OTHER MOTOR VEHICLE,,0,0,CLEAR,,NO UNUSUAL CONDITIONS - NO UNUSUAL CONDITIONS,,A,DAYLIGHT,,,,,,,A,NO PEDESTRIANS INVOLVED,,A,21453A,,,73RD AV,2,,,A,,,GARFIELD AV,,,A,7/31/2024 12:08:51 PM,1/30/2025 1:45:51 PM,,,2,,,,,,,
3046827,20-063537,2,False,0109,12/29/2020 12:42:00 PM,1242,30X,14,109,Oakland,1,True,True,C,REAR END,,Tuesday,,,,,False,False,False,,C,OTHER MOTOR VEHICLE,,1,0,CLEAR,,NO UNUSUAL CONDITIONS - NO UNUSUAL CONDITIONS,,A,DAYLIGHT,,,,,,,A,NO PEDESTRIANS INVOLVED,,A,21804A,,1,81ST AV,2,,,A,S,170.0,PLYMOUTH ST,F,,A,7/31/2024 12:08:37 PM,1/30/2025 1:45:47 PM,,,2,,,,,,,
3046826,20-062835,2,False,0109,12/24/2020 1:30:00 PM,1330,29X,14,109,Oakland,1,True,True,D,BROADSIDE,,Thursday,,,,,False,False,False,,C,OTHER MOTOR VEHICLE,,0,0,CLEAR,,NO UNUSUAL CONDITIONS - NO UNUSUAL CONDITIONS,,A,DAYLIGHT,,,,,,,A,NO PEDESTRIANS INVOLVED,,A,21453A,,,68TH AV,2,,,A,,,FOOTHILL BL,,,A,7/31/2024 12:08:36 PM,1/30/2025 1:45:47 PM,,,2,,,,,,,
3046825,20-053013,2,False,0109,10/27/2020 1:19:00 PM,1319,31Y,14,109,Oakland,1,True,True,D,BROADSIDE,,Tuesday,,,,,False,False,False,,C,OTHER MOTOR VEHICLE,,2,0,CLEAR,,NO UNUSUAL CONDITIONS - NO UNUSUAL CONDITIONS,,A,DAYLIGHT,,,,,,,A,NO PEDESTRIANS INVOLVED,,A,21802A,,1,HEGENBERGER RD,2,,,A,N,200.0,EDES AV,F,,D,7/31/2024 12:08:36 PM,1/30/2025 1:45:47 PM,,,2,,,,,,,
3046824,20-063192,2,False,0109,12/25/2020 2:04:00 PM,1404,26X,14,109,Oakland,1,True,True,B,SIDE SWIPE,,Friday,,,M,,False,False,False,,E,PARKED MOTOR VEHICLE,,0,0,RAINING,,NO UNUSUAL CONDITIONS - NO UNUSUAL CONDITIONS,,A,DAYLIGHT,,,,,,,A,NO PEDESTRIANS INVOLVED,,A,22107,,1,HAMILTON ST,2,,,B,E,10.0,71ST AV,F,,D,7/31/2024 12:08:36 PM,1/30/2025 1:45:46 PM,,,2,,,,,,,
3046823,20-063815,2,False,0109,12/31/2020 9:31:00 AM,931,,14,109,Oakland,1,True,True,B,SIDE SWIPE,,Thursday,,,,,False,False,False,,E,PARKED MOTOR VEHICLE,,0,0,CLEAR,,NO UNUSUAL CONDITIONS - NO UNUSUAL CONDITIONS,,A,DAYLIGHT,,,,,,,F,NOT IN ROAD,,A,22107,,1,E 10TH ST,1,,,B,,,26TH AV,,,D,7/31/2024 12:08:36 PM,1/30/2025 1:45:47 PM,,,2,,,,,,,
3046684,20-16439,2,False,0109,9/18/2020 6:50:00 PM,1850,18X,14,109,Oakland,1,True,True,D,BROADSIDE,,Friday,,,,,False,False,False,,C,OTHER MOTOR VEHICLE,,1,0,CLEAR,,NO UNUSUAL CONDITIONS - NO UNUSUAL CONDITIONS,,A,DAYLIGHT,,,,,,,A,NO PEDESTRIANS INVOLVED,,A,21802A,,1,E 20TH ST,1,,,A,,,22ND AV,,,A,7/31/2024 12:08:23 PM,1/30/2025 1:45:42 PM,,,2,,,,,,,
3046673,20-047705,2,False,0109,9/25/2020 9:53:00 PM,2153,29X,14,109,Oakland,1,True,True,E,HIT OBJECT,,Friday,,,,,False,False,True,,I,FIXED OBJECT,,1,0,CLEAR,,NO UNUSUAL CONDITIONS - NO UNUSUAL CONDITIONS,,C,DARK-STREET LIGHTS,,,,,,,A,NO PEDESTRIANS INVOLVED,,A,22107,,1,GRASS VALLEY RD,2,,,A,N,522.0,GLEN MANOR PL,F,,D,7/31/2024 12:08:22 PM,1/30/2025 1:45:42 PM,,,2,,,,,,,
3046633,20-035692,2,False,0109,7/21/2020 2:01:00 AM,201,32X,14,109,Oakland,1,True,True,C,REAR END,,Tuesday,,,M,,False,False,True,,E,PARKED MOTOR VEHICLE,,0,0,CLOUDY,,NO UNUSUAL CONDITIONS - NO UNUSUAL CONDITIONS,,C,DARK-STREET LIGHTS,,,,,,,A,NO PEDESTRIANS INVOLVED,,A,22107,,1,ROYAL ANN ST,2,,,A,E,15.0,102ND,F,,D,7/31/2024 12:08:18 PM,1/30/2025 1:45:40 PM,,,2,,,,,,,
3046586,20-056292,2,False,0109,11/15/2020 4:22:00 PM,1622,23X,14,109,Oakland,1,True,True,D,BROADSIDE,,Sunday,,,,,False,False,False,,C,OTHER MOTOR VEHICLE,,0,0,CLEAR,,NO UNUSUAL CONDITIONS - NO UNUSUAL CONDITIONS,,A,DAYLIGHT,,,,,,,A,NO PEDESTRIANS INVOLVED,,D,21804A,,1,INTERNATIONAL BL,2,,,A,W,108.0,38TH AV,F,,D,7/31/2024 12:08:14 PM,1/30/2025 1:45:39 PM,,,2,,,,,,,
3046481,20-055592,2,False,0109,11/11/2020 10:15:00 AM,1015,31X,14,109,Oakland,1,True,True,E,HIT OBJECT,,Wednesday,,,,,False,False,True,,I,FIXED OBJECT,,0,0,CLOUDY,,NO UNUSUAL CONDITIONS - NO UNUSUAL CONDITIONS,,A,DAYLIGHT,,,,,,,A,NO PEDESTRIANS INVOLVED,,A,22107,,1,HEGENBERGER RD,2,,,A,S,340.0,RT 880,F,,D,7/31/2024 12:08:03 PM,1/30/2025 1:45:35 PM,,,2,,,,,,,
3046468,20-056825,2,False,0109,11/18/2020 2:25:00 PM,1425,35X,14,109,Oakland,1,True,True,D,BROADSIDE,,Wednesday,,,,,False,False,False,,C,OTHER MOTOR VEHICLE,,2,0,RAINING,,NO UNUSUAL CONDITIONS - NO UNUSUAL CONDITIONS,,A,DAYLIGHT,,,,,,,A,NO PEDESTRIANS INVOLVED,,A,22350,,1,MACARTHUR BL,2,,,B,,,90TH AV,,,A,7/31/2024 12:08:02 PM,1/30/2025 1:45:35 PM,,,2,,,,,,,
3046455,20-049248,2,False,0109,10/5/2020 9:56:00 AM,956,X,14,109,Oakland,1,True,True,B,SIDE SWIPE,,Monday,,,,,False,False,False,,C,OTHER MOTOR VEHICLE,,1,0,CLEAR,,NO UNUSUAL CONDITIONS - NO UNUSUAL CONDITIONS,,A,DAYLIGHT,,,,,,,A,NO PEDESTRIANS INVOLVED,,D,,,,PIEDMONT AV,1,,,A,S,100.0,RIO VISTA,F,,D,7/31/2024 12:08:01 PM,1/30/2025 1:45:34 PM,,,2,,,,,,,
3046441,20-050114,2,False,0109,10/10/2020 3:00:00 AM,300,19X,14,109,Oakland,1,True,True,E,HIT OBJECT,,Saturday,,,,,False,False,False,,J,OTHER OBJECT,,0,0,CLEAR,,NO UNUSUAL CONDITIONS - NO UNUSUAL CONDITIONS,,C,DARK-STREET LIGHTS,,,,,,,A,NO PEDESTRIANS INVOLVED,,A,22107,,1,20TH AV,1,,,A,S,15.0,INTERNATIONAL BL,F,,D,7/31/2024 12:07:59 PM,1/30/2025 1:45:34 PM,,,2,,,,,,,
3046440,20-050392,2,False,0109,10/12/2020 2:53:00 AM,253,19X,14,109,Oakland,1,True,True,E,HIT OBJECT,,Monday,,,,,False,False,False,,I,FIXED OBJECT,,0,0,CLEAR,,NO UNUSUAL CONDITIONS - NO UNUSUAL CONDITIONS,,C,DARK-STREET LIGHTS,,,,,,,A,NO PEDESTRIANS INVOLVED,,A,22350,,1,LAKESHORE AV,1,,,A,W,5.0,E 16TH ST,F,,A,7/31/2024 12:07:59 PM,1/30/2025 1:45:34 PM,,,2,,,,,,,
3046315,20-004781,2,False,0109,1/25/2020 10:46:00 PM,2246,34X,14,109,Oakland,1,True,True,B,SIDE SWIPE,,Saturday,,,M,,False,False,False,,E,PARKED MOTOR VEHICLE,,0,0,RAINING,,NO UNUSUAL CONDITIONS - NO UNUSUAL CONDITIONS,,C,DARK-STREET LIGHTS,,,,,,,A,NO PEDESTRIANS INVOLVED,,A,21658A,,1,INTERNATIONAL BL,2,,,B,W,20.0,84TH AV,F,,A,7/31/2024 12:07:47 PM,1/30/2025 1:45:30 PM,,,2,,,,,,,
3046289,20-001768,2,False,0109,1/10/2020 11:10:00 AM,1110,01X,14,109,Oakland,1,True,True,D,BROADSIDE,,Friday,,,,,False,False,False,,C,OTHER MOTOR VEHICLE,,1,0,CLEAR,,NO UNUSUAL CONDITIONS - NO UNUSUAL CONDITIONS,,A,DAYLIGHT,,,,,,,A,NO PEDESTRIANS INVOLVED,,A,21453A,,,MADISON ST,1,,,A,,,5TH ST,,,A,7/31/2024 12:07:44 PM,1/30/2025 1:45:29 PM,,,2,,,,,,,
3046255,20-048340,2,False,0109,9/29/2020 3:08:00 PM,1508,27X,14,109,Oakland,1,True,True,D,BROADSIDE,,Tuesday,,,,,False,False,False,,C,OTHER MOTOR VEHICLE,,0,0,CLEAR,,NO UNUSUAL CONDITIONS - NO UNUSUAL CONDITIONS,,A,DAYLIGHT,,,,,,,A,NO PEDESTRIANS INVOLVED,,A,22450A,,1,MELROSE AV,2,,,A,,,47TH AV,,,A,7/31/2024 12:07:40 PM,1/30/2025 1:45:28 PM,,,2,,,,,,,
3046253,20-047309,2,False,0109,9/23/2020 10:16:00 AM,1016,26Y,14,109,Oakland,1,True,True,E,HIT OBJECT,,Wednesday,,,,,False,False,False,,,,,0,0,CLEAR,,NO UNUSUAL CONDITIONS - NO UNUSUAL CONDITIONS,,A,DAYLIGHT,,,,,,,A,NO PEDESTRIANS INVOLVED,,B,,,1,SAN LEANDRO ST,2,,,A,W,50.0,66TH AV,F,,D,7/31/2024 12:07:40 PM,1/30/2025 1:45:28 PM,,,2,,,,,,,
3046251,20-047348,2,False,0109,9/23/2020 1:31:00 PM,1331,24X,14,109,Oakland,1,True,True,A,HEAD-ON,,Wednesday,,,,,False,False,False,,C,OTHER MOTOR VEHICLE,,0,0,CLEAR,,NO UNUSUAL CONDITIONS - NO UNUSUAL CONDITIONS,,A,DAYLIGHT,,,,,,,A,NO PEDESTRIANS INVOLVED,,A,21801A,,1,38TH AV,2,,,A,,,FOOTHILL BL,,,A,7/31/2024 12:07:40 PM,1/30/2025 1:45:28 PM,,,2,,,,,,,
3046250,20-046616,2,False,0109,9/19/2020 1:22:00 PM,1322,08X,14,109,Oakland,1,True,True,C,REAR END,,Saturday,,,,,False,False,False,,C,OTHER MOTOR VEHICLE,,0,0,CLEAR,,NO UNUSUAL CONDITIONS - NO UNUSUAL CONDITIONS,,A,DAYLIGHT,,,,,,,A,NO PEDESTRIANS INVOLVED,,A,22350,,1,OAKLAND AV,1,,,A,S,255.0,PEARL ST,F,,D,7/31/2024 12:07:40 PM,1/30/2025 1:45:28 PM,,,2,,,,,,,
3046249,20-047711,2,False,0109,9/25/2020 11:10:00 PM,2310,02X,14,109,Oakland,1,True,True,D,BROADSIDE,,Friday,,,,,False,False,False,,C,OTHER MOTOR VEHICLE,,0,0,CLEAR,,NO UNUSUAL CONDITIONS - NO UNUSUAL CONDITIONS,,C,DARK-STREET LIGHTS,,,,,,,A,NO PEDESTRIANS INVOLVED,,A,21453A,,1,BRUSH ST,1,,,A,,,11TH ST,,,A,7/31/2024 12:07:40 PM,1/30/2025 1:45:27 PM,,,2,,,,,,,
3046244,20-043104,2,False,0109,8/30/2020 5:04:00 PM,1704,27X,14,109,Oakland,1,True,True,D,BROADSIDE,,Sunday,,,M,,False,False,True,,C,OTHER MOTOR VEHICLE,,0,0,CLEAR,,NO UNUSUAL CONDITIONS - NO UNUSUAL CONDITIONS,,A,DAYLIGHT,,,,,,,A,NO PEDESTRIANS INVOLVED,,A,23152A,,1,BANCROFT DR,2,,,A,,,48TH AV,,,A,7/31/2024 12:07:40 PM,1/30/2025 1:45:27 PM,,,2,,,,,,,