collision-id,report-number,report-version,is-preliminary,ncic-code,crash-date-time,crash-time-description,beat,city-id,city-code,city-name,county-code,city-is-active,city-is-incorporated,collision-type-code,collision-type-description,collision-type-other-desc,day-of-week,dispatch-notified,has-photographs,hit-run,is-attachments-mailed,is-deleted,is-highway-related,is-tow-away,judicial-district,motor-vehicle-involved-with-code,motor-vehicle-involved-with-desc,motor-vehicle-involved-with-other-desc,number-injured,number-killed,weather-1,weather-2,road-condition-1,road-condition-2,special-condition-lighting-code,lighting-description,latitude,longitude,milepost-direction,milepost-distance,milepost-marker,milepost-unit-of-measure,pedestrian-action-code,pedestrian-action-desc,prepared-date,primary-collision-factor-code,primary-collision-factor-violation,primary-collision-factor-is-cited,primary-collision-party-number,primary-road,reporting-district,reporting-district-code,reviewed-date,roadway-surface-code,secondary-direction,secondary-distance,secondary-road,secondary-unit-of-measure,sketch-desc,traffic-control-device-code,created-date,modified-date,is-county-road,is-freeway,chp-555-version,is-additonal-object-struck,notification-date,notification-time-description,has-digital-media-files,evidence-number,is-location-refer-to-narrative,is-aoi-one-same-as-location
3046241,20-040365,2,False,0109,8/15/2020 3:15:00 AM,315,19X,14,109,Oakland,1,True,True,D,BROADSIDE,,Saturday,,,,,False,False,False,,C,OTHER MOTOR VEHICLE,,0,0,CLEAR,,NO UNUSUAL CONDITIONS - NO UNUSUAL CONDITIONS,,C,DARK-STREET LIGHTS,,,,,,,A,NO PEDESTRIANS INVOLVED,,A,22102,,1,INTERNATIONAL BL,1,,,A,W,50.0,MUNSON WY,F,,D,7/31/2024 12:07:39 PM,1/30/2025 1:45:27 PM,,,2,,,,,,,
3046240,20-039712,2,False,0109,6/11/2020 3:06:00 PM,1506,32Y,14,109,Oakland,1,True,True,B,SIDE SWIPE,,Thursday,,,M,,False,False,True,,C,OTHER MOTOR VEHICLE,,0,0,CLEAR,,NO UNUSUAL CONDITIONS - NO UNUSUAL CONDITIONS,,A,DAYLIGHT,,,,,,,A,NO PEDESTRIANS INVOLVED,,A,22107,,1,99TH AV,2,,,A,S,75.0,BANCROFT AV,F,,D,7/31/2024 12:07:39 PM,1/30/2025 1:45:27 PM,,,2,,,,,,,
3046239,20-040358,2,False,0109,8/15/2020 12:37:00 AM,37,08X,14,109,Oakland,1,True,True,D,BROADSIDE,,Saturday,,,,,False,False,False,,C,OTHER MOTOR VEHICLE,,0,0,CLEAR,,NO UNUSUAL CONDITIONS - NO UNUSUAL CONDITIONS,,C,DARK-STREET LIGHTS,,,,,,,A,NO PEDESTRIANS INVOLVED,,A,21802A,,1,TELEGRAPH AV,1,,,A,,,41ST ST,,,A,7/31/2024 12:07:39 PM,1/30/2025 1:45:27 PM,,,2,,,,,,,
3046238,20-032021,2,False,0109,7/1/2020 11:57:00 PM,2357,31X,14,109,Oakland,1,True,True,E,HIT OBJECT,,Wednesday,,,M,,False,False,False,,I,FIXED OBJECT,,0,0,CLEAR,,NO UNUSUAL CONDITIONS - NO UNUSUAL CONDITIONS,,C,DARK-STREET LIGHTS,,,,,,,A,NO PEDESTRIANS INVOLVED,,A,22107,,1,66TH AV,2,,,A,,,COLLISEUM WY,,,A,7/31/2024 12:07:39 PM,1/30/2025 1:45:27 PM,,,2,,,,,,,
3046237,20-032852,2,False,0109,7/5/2020 7:00:00 PM,1900,27X,14,109,Oakland,1,True,True,D,BROADSIDE,,Sunday,,,,,False,False,False,,C,OTHER MOTOR VEHICLE,,0,0,CLEAR,,NO UNUSUAL CONDITIONS - NO UNUSUAL CONDITIONS,,A,DAYLIGHT,,,,,,,A,NO PEDESTRIANS INVOLVED,,A,21802A,,1,BANCROFT AV,2,,,A,,,FREMONT WY,,,A,7/31/2024 12:07:39 PM,1/30/2025 1:45:27 PM,,,2,,,,,,,
3046232,20-044500,2,False,0109,9/6/2020 11:52:00 PM,2352,26Y,14,109,Oakland,1,True,True,B,SIDE SWIPE,,Sunday,,,,,False,False,False,,C,OTHER MOTOR VEHICLE,,0,0,CLEAR,,NO UNUSUAL CONDITIONS - NO UNUSUAL CONDITIONS,,C,DARK-STREET LIGHTS,,,,,,,A,NO PEDESTRIANS INVOLVED,,A,22450A,,1,62ND AV,2,,,A,,,E 16TH ST,,,A,7/31/2024 12:07:38 PM,1/30/2025 1:45:27 PM,,,2,,,,,,,
3046226,20-041309,2,False,0109,8/18/2020 3:45:00 PM,1545,30X,14,109,Oakland,1,True,True,B,SIDE SWIPE,,Tuesday,,,M,,False,False,False,,E,PARKED MOTOR VEHICLE,,0,0,CLEAR,,NO UNUSUAL CONDITIONS - NO UNUSUAL CONDITIONS,,A,DAYLIGHT,,,,,,,A,NO PEDESTRIANS INVOLVED,,A,22107,,1,70TH AV,2,,,A,S,100.0,FLORA ST,F,,D,7/31/2024 12:07:38 PM,1/30/2025 1:45:27 PM,,,2,,,,,,,
3046215,20-034152,2,False,0109,7/12/2020 4:36:00 PM,1636,30X,14,109,Oakland,1,True,True,C,REAR END,,Sunday,,,M,,False,False,False,,C,OTHER MOTOR VEHICLE,,0,0,CLEAR,,NO UNUSUAL CONDITIONS - NO UNUSUAL CONDITIONS,,A,DAYLIGHT,,,,,,,A,NO PEDESTRIANS INVOLVED,,A,22350,,1,INTERNATIONAL BL,2,,,A,W,35.0,81ST AV,F,,A,7/31/2024 12:07:37 PM,1/30/2025 1:45:26 PM,,,2,,,,,,,
3046173,20-053031,2,False,0109,10/27/2020 3:06:00 PM,1506,31X,14,109,Oakland,1,True,True,H,OTHER,,Tuesday,,,M,,False,False,False,,B,PEDESTRIAN,,1,0,CLEAR,,NO UNUSUAL CONDITIONS - NO UNUSUAL CONDITIONS,,A,DAYLIGHT,,,,,,,B,CROSSING IN CROSS WALK AT INTERSECTION,,D,,,,98TH AV,2,,,A,,,EDES AV,,,A,7/31/2024 12:07:33 PM,1/30/2025 1:45:25 PM,,,2,,,,,,,
3046172,20-049362,2,False,0109,10/5/2020 9:47:00 PM,2147,32X,14,109,Oakland,1,True,True,D,BROADSIDE,,Monday,,,,,False,False,False,,C,OTHER MOTOR VEHICLE,,1,0,CLEAR,,NO UNUSUAL CONDITIONS - NO UNUSUAL CONDITIONS,,C,DARK-STREET LIGHTS,,,,,,,A,NO PEDESTRIANS INVOLVED,,A,21802A,,1,104TH AV,2,,,A,,,BIRCH ST,,,D,7/31/2024 12:07:33 PM,1/30/2025 1:45:25 PM,,,2,,,,,,,
3046171,20-052519,2,False,0109,10/24/2020 5:12:00 PM,1712,25X,14,109,Oakland,1,True,True,D,BROADSIDE,,Saturday,,,,,False,False,True,,C,OTHER MOTOR VEHICLE,,2,0,CLEAR,,NO UNUSUAL CONDITIONS - NO UNUSUAL CONDITIONS,,A,DAYLIGHT,,,,,,,A,NO PEDESTRIANS INVOLVED,,A,21651B,,1,MACARTHUR BL,2,,,A,E,375.0,HIGH ST,F,,A,7/31/2024 12:07:33 PM,1/30/2025 1:45:25 PM,,,2,,,,,,,
3046170,20-053253,2,False,0109,10/28/2020 4:20:00 PM,1620,23X,14,109,Oakland,1,True,True,D,BROADSIDE,,Wednesday,,,,,False,False,False,,G,BICYCLE,,1,0,CLEAR,,NO UNUSUAL CONDITIONS - NO UNUSUAL CONDITIONS,,A,DAYLIGHT,,,,,,,A,NO PEDESTRIANS INVOLVED,,A,22107,,1,BANCROFT,2,,,A,,,HIGH ST,,,D,7/31/2024 12:07:33 PM,1/30/2025 1:45:25 PM,,,2,,,,,,,
3046146,20-063075,2,False,0109,12/26/2020 12:10:00 PM,1210,31X,14,109,Oakland,1,True,True,C,REAR END,,Saturday,,,,,False,False,False,,C,OTHER MOTOR VEHICLE,,1,0,CLEAR,,NO UNUSUAL CONDITIONS - NO UNUSUAL CONDITIONS,,A,DAYLIGHT,,,,,,,A,NO PEDESTRIANS INVOLVED,,A,22106,,1,WALTER AV,2,,,A,,,NEVADA ST,,,A,7/31/2024 12:07:30 PM,1/30/2025 1:45:24 PM,,,2,,,,,,,
3046135,20-053651,2,False,0109,10/31/2020 1:14:00 AM,114,26X,14,109,Oakland,1,True,True,C,REAR END,,Saturday,,,M,,False,False,False,,C,OTHER MOTOR VEHICLE,,1,0,CLEAR,,NO UNUSUAL CONDITIONS - NO UNUSUAL CONDITIONS,,C,DARK-STREET LIGHTS,,,,,,,C,CROSSING IN CROSS WALK - NOT AT INTERSECTION,,A,22350,,1,INTERNATIONAL BL,2,,,A,E,25.0,60TH AV,F,,A,7/31/2024 12:07:29 PM,1/30/2025 1:45:24 PM,,,2,,,,,,,
3046068,20-049151,2,False,0109,10/4/2020 7:16:00 PM,1916,34X,14,109,Oakland,1,True,True,B,SIDE SWIPE,,Sunday,,,M,,False,False,False,,C,OTHER MOTOR VEHICLE,,0,0,CLEAR,,NO UNUSUAL CONDITIONS - NO UNUSUAL CONDITIONS,,B,DUSK-DAWN,,,,,,,A,NO PEDESTRIANS INVOLVED,,A,22107,,1,89TH AV,2,,,A,S,50.0,OLIVER ST,F,,D,7/31/2024 12:07:23 PM,1/30/2025 1:45:22 PM,,,2,,,,,,,
3046065,20-062626,2,False,0109,12/23/2020 1:10:00 AM,110,06X,14,109,Oakland,1,True,True,G,VEHICLE/PEDESTRAIN,,Wednesday,,,M,,False,False,False,,B,PEDESTRIAN,,1,0,CLEAR,,NO UNUSUAL CONDITIONS - NO UNUSUAL CONDITIONS,,D,DARK-NO STREET LIGHTS,,,,,,,D,CROSSING - NOT IN CROSSWALK,,A,22350,,1,36TH ST,1,,,A,,,MARTIN LUTHER KING JR WY,,,D,7/31/2024 12:07:22 PM,1/30/2025 1:45:22 PM,,,2,,,,,,,
3046064,20-063607,2,False,0109,12/29/2020 9:07:00 PM,2107,26Y,14,109,Oakland,1,True,True,D,BROADSIDE,,Tuesday,,,,,False,False,True,,C,OTHER MOTOR VEHICLE,,1,0,CLEAR,,NO UNUSUAL CONDITIONS - NO UNUSUAL CONDITIONS,,B,DUSK-DAWN,,,,,,,A,NO PEDESTRIANS INVOLVED,,A,21453A,,,66TH AV,2,,,A,,,SAN LEANRO ST,,,A,7/31/2024 12:07:22 PM,1/30/2025 1:45:21 PM,,,2,,,,,,,
3046024,20-050104,2,False,0109,10/10/2020 12:16:00 AM,16,19X,14,109,Oakland,1,True,True,B,SIDE SWIPE,,Saturday,,,M,,False,False,False,,C,OTHER MOTOR VEHICLE,,0,0,,,,,C,DARK-STREET LIGHTS,,,,,,,A,NO PEDESTRIANS INVOLVED,,A,22107,,1,14TH AV,1,,,A,,,GLEASON WY,,,D,7/31/2024 12:07:18 PM,1/30/2025 1:45:20 PM,,,2,,,,,,,
3045987,20-057891,2,False,0109,11/24/2020 9:13:00 PM,2113,10X,14,109,Oakland,1,True,True,C,REAR END,,Tuesday,,,,,False,False,False,,C,OTHER MOTOR VEHICLE,,1,0,,,NO UNUSUAL CONDITIONS - NO UNUSUAL CONDITIONS,,C,DARK-STREET LIGHTS,,,,,,,A,NO PEDESTRIANS INVOLVED,,A,22107,,1,SAN PABLO AV,1,,,,,,60TH ST,,,A,7/31/2024 12:07:15 PM,1/30/2025 1:45:19 PM,,,2,,,,,,,
3045980,20-055208,2,False,0109,11/9/2020 5:45:00 AM,545,10X,14,109,Oakland,1,True,True,D,BROADSIDE,,Monday,,,M,,False,False,False,,C,OTHER MOTOR VEHICLE,,0,0,CLEAR,,NO UNUSUAL CONDITIONS - NO UNUSUAL CONDITIONS,,B,DUSK-DAWN,,,,,,,A,NO PEDESTRIANS INVOLVED,,A,22450A,,1,WEST ST,1,,,A,,,41ST ST,,,A,7/31/2024 12:07:14 PM,1/30/2025 1:45:18 PM,,,2,,,,,,,
3045973,20-058126,2,False,0109,11/26/2020 10:49:00 AM,1049,19X,14,109,Oakland,1,True,True,B,SIDE SWIPE,,Thursday,,,M,,False,False,True,,C,OTHER MOTOR VEHICLE,,0,0,CLEAR,,NO UNUSUAL CONDITIONS - NO UNUSUAL CONDITIONS,,A,DAYLIGHT,,,,,,,A,NO PEDESTRIANS INVOLVED,,A,21453A,,1,21ST AV,1,,,A,,,INTERNATIONAL BL,,,A,7/31/2024 12:07:14 PM,1/30/2025 1:45:19 PM,,,2,,,,,,,
3045954,20-045773,2,False,0109,9/14/2020 11:51:00 PM,2351,24X,14,109,Oakland,1,True,True,A,HEAD-ON,,Monday,,,,,False,False,True,,C,OTHER MOTOR VEHICLE,,1,0,CLEAR,,NO UNUSUAL CONDITIONS - NO UNUSUAL CONDITIONS,,D,DARK-NO STREET LIGHTS,,,,,,,A,NO PEDESTRIANS INVOLVED,,A,21453A,,1,HIGH ST,2,,,A,,,SANTA RITA ST,,,A,7/31/2024 12:07:11 PM,1/30/2025 1:45:18 PM,,,2,,,,,,,
3045939,20-027817,2,False,0109,6/6/2020 4:21:00 PM,1621,15X,14,109,Oakland,1,True,True,B,SIDE SWIPE,,Saturday,,,M,,False,False,False,,E,PARKED MOTOR VEHICLE,,0,0,CLEAR,,NO UNUSUAL CONDITIONS - NO UNUSUAL CONDITIONS,,A,DAYLIGHT,,,,,,,A,NO PEDESTRIANS INVOLVED,,A,22107,,1,PARK BL,1,,,A,N,50.0,E 19TH ST,F,,D,7/31/2024 12:07:10 PM,1/30/2025 1:45:17 PM,,,2,,,,,,,
3045907,20-043710,2,False,0109,9/2/2020 1:10:00 PM,1310,22X,14,109,Oakland,1,True,True,D,BROADSIDE,,Wednesday,,,,,False,False,False,,G,BICYCLE,,1,0,CLEAR,,NO UNUSUAL CONDITIONS - NO UNUSUAL CONDITIONS,,A,DAYLIGHT,,,,,,,A,NO PEDESTRIANS INVOLVED,,A,21802A,,1,JORDAN RD,1,,,A,,,REDWOOD RD,,,A,7/31/2024 12:07:06 PM,1/30/2025 1:45:16 PM,,,2,,,,,,,
3045876,20-058600,2,False,0109,11/29/2020 9:25:00 PM,2125,33X,14,109,Oakland,1,True,True,A,HEAD-ON,,Sunday,,,M,,False,False,False,,C,OTHER MOTOR VEHICLE,,0,0,CLEAR,,NO UNUSUAL CONDITIONS - NO UNUSUAL CONDITIONS,,C,DARK-STREET LIGHTS,,,,,,,A,NO PEDESTRIANS INVOLVED,,A,22450A,,1,D ST,2,,,A,,,86TH AV,,,A,7/31/2024 12:07:03 PM,1/30/2025 1:45:15 PM,,,2,,,,,,,
3045875,20-057287,2,False,0109,11/21/2020 12:44:00 PM,1244,31X,14,109,Oakland,1,True,True,C,REAR END,,Saturday,,,M,,False,False,False,,C,OTHER MOTOR VEHICLE,,0,0,CLEAR,,NO UNUSUAL CONDITIONS - NO UNUSUAL CONDITIONS,,A,DAYLIGHT,,,,,,,A,NO PEDESTRIANS INVOLVED,,A,22107,,1,105TH AV,2,,,A,,,EDES AV,,,D,7/31/2024 12:07:03 PM,1/30/2025 1:45:15 PM,,,2,,,,,,,
3045874,20-058239,2,False,0109,11/27/2020 3:50:00 AM,350,27X,14,109,Oakland,1,True,True,E,HIT OBJECT,,Friday,,,,,False,False,False,,I,FIXED OBJECT,,0,0,CLEAR,,NO UNUSUAL CONDITIONS - NO UNUSUAL CONDITIONS,,C,DARK-STREET LIGHTS,,,,,,,A,NO PEDESTRIANS INVOLVED,,A,23152A,,1,FOOTHILL BL,2,,,A,W,35.0,50TH AV,F,,D,7/31/2024 12:07:03 PM,1/30/2025 1:45:15 PM,,,2,,,,,,,
3045873,20-055614,2,False,0109,11/11/2020 1:34:00 PM,1334,31X,14,109,Oakland,1,True,True,B,SIDE SWIPE,,Wednesday,,,M,,False,False,False,,C,OTHER MOTOR VEHICLE,,0,0,CLEAR,,NO UNUSUAL CONDITIONS - NO UNUSUAL CONDITIONS,,A,DAYLIGHT,,,,,,,A,NO PEDESTRIANS INVOLVED,,A,22107,,1,HEGENBERGER RD,2,,,A,N,2000.0,BALDWIN ST,F,,D,7/31/2024 12:07:03 PM,1/30/2025 1:45:15 PM,,,2,,,,,,,
3045872,20-054901,2,False,0109,11/7/2020 3:38:00 AM,338,27X,14,109,Oakland,1,True,True,A,HEAD-ON,,Saturday,,,M,,False,False,False,,C,OTHER MOTOR VEHICLE,,0,0,CLEAR,,NO UNUSUAL CONDITIONS - NO UNUSUAL CONDITIONS,,C,DARK-STREET LIGHTS,,,,,,,A,NO PEDESTRIANS INVOLVED,,A,21453A,,1,INTERNATIONAL BL,2,,,A,,,SEMINARY AV,,,A,7/31/2024 12:07:03 PM,1/30/2025 1:45:14 PM,,,2,,,,,,,
3045860,20-048751,2,False,0109,10/2/2020 1:50:00 AM,150,29X,14,109,Oakland,1,True,True,B,SIDE SWIPE,,Friday,,,M,,False,False,False,,E,PARKED MOTOR VEHICLE,,0,0,CLEAR,,NO UNUSUAL CONDITIONS - NO UNUSUAL CONDITIONS,,B,DUSK-DAWN,,,,,,,A,NO PEDESTRIANS INVOLVED,,A,23152A,,1,PLYMOUTH ST,2,,,A,W,50.0,78TH AV,F,,D,7/31/2024 12:07:02 PM,1/30/2025 1:45:14 PM,,,2,,,,,,,
3045783,20-060885,2,False,0109,12/12/2020 2:12:00 PM,1412,30X,14,109,Oakland,1,True,True,E,HIT OBJECT,,Saturday,,,,,False,False,False,,I,FIXED OBJECT,,0,0,CLEAR,,NO UNUSUAL CONDITIONS - NO UNUSUAL CONDITIONS,,A,DAYLIGHT,,,,,,,E,IN ROAD - INCLUDES SHOULDER,,A,22107,,1,73RD AV,2,,,A,N,40.0,INTERNATIONAL,F,,A,7/31/2024 12:06:54 PM,1/30/2025 1:45:11 PM,,,2,,,,,,,
3045775,20-062211,2,False,0109,12/20/2020 1:11:00 PM,1311,31X,14,109,Oakland,1,True,True,D,BROADSIDE,,Sunday,,,,,False,False,False,,C,OTHER MOTOR VEHICLE,,0,0,CLEAR,,NO UNUSUAL CONDITIONS - NO UNUSUAL CONDITIONS,,A,DAYLIGHT,,,,,,,A,NO PEDESTRIANS INVOLVED,,A,21801A,,1,HEGENBERGER RD,2,,,A,,,PARDEE DR,,,A,7/31/2024 12:06:54 PM,1/30/2025 1:45:11 PM,,,2,,,,,,,
3045757,20-057223,2,False,0109,11/21/2020 2:01:00 AM,201,35X,14,109,Oakland,1,True,True,C,REAR END,,Saturday,,,M,,False,False,True,,E,PARKED MOTOR VEHICLE,,0,0,CLEAR,,NO UNUSUAL CONDITIONS - NO UNUSUAL CONDITIONS,,D,DARK-NO STREET LIGHTS,,,,,,,A,NO PEDESTRIANS INVOLVED,,A,22107,,1,MACARTHUR BL,2,,,A,W,30.0,94TH AV,F,,D,7/31/2024 12:06:52 PM,1/30/2025 1:45:10 PM,,,2,,,,,,,
3045744,20-028989,2,False,0109,6/13/2020 11:14:00 PM,2314,10X,14,109,Oakland,1,True,True,B,SIDE SWIPE,,Saturday,,,,,False,False,False,,C,OTHER MOTOR VEHICLE,,0,0,CLEAR,,NO UNUSUAL CONDITIONS - NO UNUSUAL CONDITIONS,,C,DARK-STREET LIGHTS,,,,,,,A,NO PEDESTRIANS INVOLVED,,A,21453A,,1,55TH ST,1,,,A,N,20.0,MARTIN LUTHER KING JR WY,F,,A,7/31/2024 12:06:49 PM,1/30/2025 1:45:10 PM,,,2,,,,,,,
3045742,20-028828,2,False,0109,2/13/2020 10:50:00 PM,2250,24X,14,109,Oakland,1,True,True,D,BROADSIDE,,Thursday,,,M,,False,False,False,,C,OTHER MOTOR VEHICLE,,0,0,CLEAR,,NO UNUSUAL CONDITIONS - NO UNUSUAL CONDITIONS,,C,DARK-STREET LIGHTS,,,,,,,A,NO PEDESTRIANS INVOLVED,,A,22103,,1,35TH AV,2,,,A,S,5.0,DAVIS ST,F,,D,7/31/2024 12:06:49 PM,1/30/2025 1:45:10 PM,,,2,,,,,,,
3045739,20-028125,2,False,0109,6/8/2020 10:51:00 PM,2251,23X,14,109,Oakland,1,True,True,D,BROADSIDE,,Monday,,,M,,False,False,True,,C,OTHER MOTOR VEHICLE,,0,0,CLEAR,,NO UNUSUAL CONDITIONS - NO UNUSUAL CONDITIONS,,C,DARK-STREET LIGHTS,,,,,,,A,NO PEDESTRIANS INVOLVED,,A,21453A,,1,HIGH ST,2,,,A,,,FOOTHILL BL,,,A,7/31/2024 12:06:49 PM,1/30/2025 1:45:10 PM,,,2,,,,,,,
3045738,20-028947,2,False,0109,5/27/2020 5:00:00 AM,500,31Y,14,109,Oakland,1,True,True,B,SIDE SWIPE,,Wednesday,,,M,,False,False,True,,C,OTHER MOTOR VEHICLE,,0,0,CLEAR,,NO UNUSUAL CONDITIONS - NO UNUSUAL CONDITIONS,,C,DARK-STREET LIGHTS,,,,,,,A,NO PEDESTRIANS INVOLVED,,A,22107,,1,WALTER AV,2,,,A,W,100.0,NEVADA ST,F,,C,7/31/2024 12:06:49 PM,1/30/2025 1:45:10 PM,,,2,,,,,,,
3045737,20-019249,2,False,0109,4/14/2020 7:11:00 PM,1911,32X,14,109,Oakland,1,True,True,B,SIDE SWIPE,,Tuesday,,,M,,False,False,False,,E,PARKED MOTOR VEHICLE,,0,0,,,NO UNUSUAL CONDITIONS - NO UNUSUAL CONDITIONS,,A,DAYLIGHT,,,,,,,A,NO PEDESTRIANS INVOLVED,,D,,,,PLYMOUTH ST,2,,,A,W,10.0,101ST AV,F,,A,7/31/2024 12:06:49 PM,1/30/2025 1:45:10 PM,,,2,,,,,,,
3045721,20-044564,2,False,0109,9/7/2020 10:06:00 AM,1006,10X,14,109,Oakland,1,True,True,C,REAR END,,Monday,,,,,False,False,False,,C,OTHER MOTOR VEHICLE,,0,0,CLEAR,,NO UNUSUAL CONDITIONS - NO UNUSUAL CONDITIONS,,A,DAYLIGHT,,,,,,,A,NO PEDESTRIANS INVOLVED,,A,23152A,,1,MARTIN LUTHER KING JR WY,1,,,A,S,20.0,45TH ST,F,,A,7/31/2024 12:06:47 PM,1/30/2025 1:45:09 PM,,,2,,,,,,,
3045720,20-046200,2,False,0109,9/16/2020 4:10:00 PM,1610,35X,14,109,Oakland,1,True,True,C,REAR END,,Wednesday,,,M,,False,False,False,,E,PARKED MOTOR VEHICLE,,0,0,CLEAR,,NO UNUSUAL CONDITIONS - NO UNUSUAL CONDITIONS,,A,DAYLIGHT,,,,,,,A,NO PEDESTRIANS INVOLVED,,A,22107,,1,BANCROFT AV,2,,,A,E,60.0,92ND,F,,D,7/31/2024 12:06:47 PM,1/30/2025 1:45:09 PM,,,2,,,,,,,
3045719,20-041505,2,False,0109,8/21/2020 10:17:00 AM,1017,29X,14,109,Oakland,1,True,True,D,BROADSIDE,,Friday,,,M,,False,False,False,,E,PARKED MOTOR VEHICLE,,0,0,CLEAR,,NO UNUSUAL CONDITIONS - NO UNUSUAL CONDITIONS,,A,DAYLIGHT,,,,,,,A,NO PEDESTRIANS INVOLVED,,A,21755,,1,BANCROFT AV,2,,,A,E,65.0,57TH AV,F,,D,7/31/2024 12:06:47 PM,1/30/2025 1:45:09 PM,,,2,,,,,,,
3045718,20-038889,2,False,0109,8/7/2020 4:26:00 AM,426,31X,14,109,Oakland,1,True,True,D,BROADSIDE,,Friday,,,M,,False,False,True,,C,OTHER MOTOR VEHICLE,,0,0,CLEAR,,NO UNUSUAL CONDITIONS - NO UNUSUAL CONDITIONS,,C,DARK-STREET LIGHTS,,,,,,,A,NO PEDESTRIANS INVOLVED,,A,21453A,,1,98TH AV,2,,,A,,,DENSLOW AV,,,A,7/31/2024 12:06:47 PM,1/30/2025 1:45:09 PM,,,2,,,,,,,
3045717,20-047993,2,False,0109,9/20/2020 5:23:00 AM,523,28X,14,109,Oakland,1,True,True,B,SIDE SWIPE,,Sunday,,,M,,False,False,False,,C,OTHER MOTOR VEHICLE,,0,0,CLEAR,,NO UNUSUAL CONDITIONS - NO UNUSUAL CONDITIONS,,C,DARK-STREET LIGHTS,,,,,,,A,NO PEDESTRIANS INVOLVED,,A,22107,,1,55TH AV,2,,,A,,,FOOTHILL BL,,,A,7/31/2024 12:06:47 PM,1/30/2025 1:45:09 PM,,,2,,,,,,,
3045716,20-047367,2,False,0109,9/23/2020 4:48:00 PM,1648,04X,14,109,Oakland,1,True,True,D,BROADSIDE,,Wednesday,,,,,False,False,False,,G,BICYCLE,,1,0,CLEAR,,NO UNUSUAL CONDITIONS - NO UNUSUAL CONDITIONS,,A,DAYLIGHT,,,,,,,A,NO PEDESTRIANS INVOLVED,,A,21453A,,1,14TH ST,1,,,A,,,HARRISON ST,,,A,7/31/2024 12:06:47 PM,1/30/2025 1:45:09 PM,,,2,,,,,,,
3045714,20-047870,2,False,0109,9/27/2020 10:05:00 PM,2205,27X,14,109,Oakland,1,True,True,G,VEHICLE/PEDESTRAIN,,Sunday,,,M,,False,False,False,,B,PEDESTRIAN,,1,0,CLEAR,,NO UNUSUAL CONDITIONS - NO UNUSUAL CONDITIONS,,C,DARK-STREET LIGHTS,,,,,,,E,IN ROAD - INCLUDES SHOULDER,,A,21950B,,1,BANCROFT AV,2,,,A,W,25.0,46TH AV,F,,C,7/31/2024 12:06:46 PM,1/30/2025 1:45:09 PM,,,2,,,,,,,
3045713,20-043910,2,False,0109,9/1/2020 12:50:00 PM,1250,12X,14,109,Oakland,1,True,True,D,BROADSIDE,,Tuesday,,,,,False,False,False,,G,BICYCLE,,1,0,CLEAR,,NO UNUSUAL CONDITIONS - NO UNUSUAL CONDITIONS,,A,DAYLIGHT,,,,,,,A,NO PEDESTRIANS INVOLVED,,D,,,,42ND ST,1,,,A,,,TELEGRAPH AV,,,A,7/31/2024 12:06:46 PM,1/30/2025 1:45:09 PM,,,2,,,,,,,
3045712,20-044947,2,False,0109,9/9/2020 2:15:00 PM,1415,27Y,14,109,Oakland,1,True,True,C,REAR END,,Wednesday,,,,,False,False,True,,E,PARKED MOTOR VEHICLE,,1,0,OTHER,,NO UNUSUAL CONDITIONS - NO UNUSUAL CONDITIONS,,A,DAYLIGHT,,,,,,,A,NO PEDESTRIANS INVOLVED,,A,23152B,,1,BANCROFT AV,2,,,A,W,125.0,COLE ST,F,,D,7/31/2024 12:06:46 PM,1/30/2025 1:45:09 PM,,,2,,,,,,,
3045694,20-020720,2,False,0109,4/24/2020 6:15:00 AM,615,02X,14,109,Oakland,1,True,True,D,BROADSIDE,,Friday,,,,,False,False,False,,C,OTHER MOTOR VEHICLE,,1,0,CLEAR,,NO UNUSUAL CONDITIONS - NO UNUSUAL CONDITIONS,,A,DAYLIGHT,,,,,,,A,NO PEDESTRIANS INVOLVED,,A,21453A,,,ADELINE ST,1,,,A,,,14TH ST,,,A,7/31/2024 12:06:44 PM,1/30/2025 1:45:08 PM,,,2,,,,,,,
3045692,20-060226,2,False,0109,12/8/2020 6:00:00 PM,1800,24X,14,109,Oakland,1,True,True,H,OTHER,,Tuesday,,,M,,False,False,False,,J,OTHER OBJECT,,0,0,CLEAR,,NO UNUSUAL CONDITIONS - NO UNUSUAL CONDITIONS,,C,DARK-STREET LIGHTS,,,,,,,A,NO PEDESTRIANS INVOLVED,,A,22107,,1,38TH AV,2,,,A,,,LYON ST,,,A,7/31/2024 12:06:44 PM,1/30/2025 1:45:08 PM,,,2,,,,,,,
3045691,20-062608,2,False,0109,12/22/2020 10:29:00 PM,2229,09X,14,109,Oakland,1,True,True,D,BROADSIDE,,Tuesday,,,,,False,False,False,,C,OTHER MOTOR VEHICLE,,0,0,CLEAR,,NO UNUSUAL CONDITIONS - NO UNUSUAL CONDITIONS,,B,DUSK-DAWN,,,,,,,A,NO PEDESTRIANS INVOLVED,,A,21453A,,,BROADWAY,1,,,A,,,PLEASANT VALLEY AV,,,A,7/31/2024 12:06:44 PM,1/30/2025 1:45:08 PM,,,2,,,,,,,
3045690,20-062648,2,False,0109,12/23/2020 7:28:00 AM,728,31Z,14,109,Oakland,1,True,True,D,BROADSIDE,,Wednesday,,,M,,False,False,False,,C,OTHER MOTOR VEHICLE,,0,0,CLEAR,,NO UNUSUAL CONDITIONS - NO UNUSUAL CONDITIONS,,A,DAYLIGHT,,,,,,,A,NO PEDESTRIANS INVOLVED,,A,22106,,1,PERMAIN ST,2,,,A,E,50.0,107TH AV,M,,D,7/31/2024 12:06:44 PM,1/30/2025 1:45:08 PM,,,2,,,,,,,
3045689,20-062594,2,False,0109,12/22/2020 9:49:00 PM,2149,30X,14,109,Oakland,1,True,True,A,HEAD-ON,,Tuesday,,,,,False,False,True,,C,OTHER MOTOR VEHICLE,,0,0,CLEAR,,NO UNUSUAL CONDITIONS - NO UNUSUAL CONDITIONS,,C,DARK-STREET LIGHTS,,,,,,,A,NO PEDESTRIANS INVOLVED,,A,21453A,,1,82ND AV,2,,,A,,,MACARTHUR BL,,,A,7/31/2024 12:06:44 PM,1/30/2025 1:45:08 PM,,,2,,,,,,,