collision-id,report-number,report-version,is-preliminary,ncic-code,crash-date-time,crash-time-description,beat,city-id,city-code,city-name,county-code,city-is-active,city-is-incorporated,collision-type-code,collision-type-description,collision-type-other-desc,day-of-week,dispatch-notified,has-photographs,hit-run,is-attachments-mailed,is-deleted,is-highway-related,is-tow-away,judicial-district,motor-vehicle-involved-with-code,motor-vehicle-involved-with-desc,motor-vehicle-involved-with-other-desc,number-injured,number-killed,weather-1,weather-2,road-condition-1,road-condition-2,special-condition-lighting-code,lighting-description,latitude,longitude,milepost-direction,milepost-distance,milepost-marker,milepost-unit-of-measure,pedestrian-action-code,pedestrian-action-desc,prepared-date,primary-collision-factor-code,primary-collision-factor-violation,primary-collision-factor-is-cited,primary-collision-party-number,primary-road,reporting-district,reporting-district-code,reviewed-date,roadway-surface-code,secondary-direction,secondary-distance,secondary-road,secondary-unit-of-measure,sketch-desc,traffic-control-device-code,created-date,modified-date,is-county-road,is-freeway,chp-555-version,is-additonal-object-struck,notification-date,notification-time-description,has-digital-media-files,evidence-number,is-location-refer-to-narrative,is-aoi-one-same-as-location
3045424,20-056349,2,False,0109,11/16/2020 3:06:00 AM,306,23X,14,109,Oakland,1,True,True,A,HEAD-ON,,Monday,,,,,False,False,True,,E,PARKED MOTOR VEHICLE,,1,0,CLEAR,,NO UNUSUAL CONDITIONS - NO UNUSUAL CONDITIONS,,C,DARK-STREET LIGHTS,,,,,,,A,NO PEDESTRIANS INVOLVED,,A,22107,,1,35TH AV,1,,,A,N,500.0,INTERNATIONAL,F,,D,7/31/2024 12:06:17 PM,1/30/2025 1:44:59 PM,,,2,,,,,,,
3045423,20-060550,2,False,0109,10/29/2020 12:57:00 PM,1257,,14,109,Oakland,1,True,True,D,BROADSIDE,,Thursday,,,M,,False,False,False,,C,OTHER MOTOR VEHICLE,,1,0,CLEAR,,NO UNUSUAL CONDITIONS - NO UNUSUAL CONDITIONS,,A,DAYLIGHT,,,,,,,A,NO PEDESTRIANS INVOLVED,,A,22450A,,1,E 12TH ST,1,,,A,,,9TH AV,,,A,7/31/2024 12:06:17 PM,1/30/2025 1:44:58 PM,,,2,,,,,,,
3045402,21-000287,2,False,0109,11/14/2020 10:13:00 PM,2213,25Y,14,109,Oakland,1,True,True,B,SIDE SWIPE,,Saturday,,,M,,False,False,False,,E,PARKED MOTOR VEHICLE,,0,0,CLEAR,,NO UNUSUAL CONDITIONS - NO UNUSUAL CONDITIONS,,C,DARK-STREET LIGHTS,,,,,,,A,NO PEDESTRIANS INVOLVED,,A,22107,,1,HIGH ST,2,,,A,S,50.0,BAYO ST,F,,A,7/31/2024 12:06:15 PM,1/30/2025 1:44:58 PM,,,2,,,,,,,
3045401,20-062764,2,False,0109,12/23/2020 9:54:00 PM,2154,22Y,14,109,Oakland,1,True,True,A,HEAD-ON,,Wednesday,,,M,,False,False,False,,I,FIXED OBJECT,,0,0,CLEAR,,NO UNUSUAL CONDITIONS - NO UNUSUAL CONDITIONS,,D,DARK-NO STREET LIGHTS,,,,,,,A,NO PEDESTRIANS INVOLVED,,A,22350,,1,SKYLINE BL,1,,,A,W,1000.0,JOAQUIN MILLER RD,F,,D,7/31/2024 12:06:15 PM,1/30/2025 1:44:58 PM,,,2,,,,,,,
3045400,20-055983,2,False,0109,11/13/2020 11:29:00 PM,2329,30X,14,109,Oakland,1,True,True,D,BROADSIDE,,Friday,,,M,,False,False,False,,C,OTHER MOTOR VEHICLE,,0,0,CLEAR,,NO UNUSUAL CONDITIONS - NO UNUSUAL CONDITIONS,,C,DARK-STREET LIGHTS,,,,,,,A,NO PEDESTRIANS INVOLVED,,A,22350,,1,80TH AV,2,,,B,,,OLIVE ST,,,A,7/31/2024 12:06:15 PM,1/30/2025 1:44:58 PM,,,2,,,,,,,
3045398,20-056314,2,False,0109,11/15/2020 12:26:00 PM,1226,26X,14,109,Oakland,1,True,True,B,SIDE SWIPE,,Sunday,,,M,,False,False,True,,I,FIXED OBJECT,,0,0,CLEAR,,NO UNUSUAL CONDITIONS - NO UNUSUAL CONDITIONS,,C,DARK-STREET LIGHTS,,,,,,,A,NO PEDESTRIANS INVOLVED,,A,22107,,1,INTERNATIONAL BL,2,,,A,E,30.0,51ST AV,F,,D,7/31/2024 12:06:15 PM,1/30/2025 1:44:58 PM,,,2,,,,,,,
3045397,20-056224,2,False,0109,1/15/2020 3:10:00 AM,310,25X,14,109,Oakland,1,True,True,E,HIT OBJECT,,Wednesday,,,M,,False,False,False,,I,FIXED OBJECT,,0,0,CLEAR,,NO UNUSUAL CONDITIONS - NO UNUSUAL CONDITIONS,,C,DARK-STREET LIGHTS,,,,,,,A,NO PEDESTRIANS INVOLVED,,A,22107,,1,SKYLINE BL,2,,,A,W,15.0,BACON RD,F,,D,7/31/2024 12:06:15 PM,1/30/2025 1:44:58 PM,,,2,,,,,,,
3045396,20-056217,2,False,0109,11/15/2020 11:44:00 PM,2344,17X,14,109,Oakland,1,True,True,D,BROADSIDE,,Sunday,,,,,False,False,False,,C,OTHER MOTOR VEHICLE,,0,0,CLEAR,,NO UNUSUAL CONDITIONS - NO UNUSUAL CONDITIONS,,C,DARK-STREET LIGHTS,,,,,,,A,NO PEDESTRIANS INVOLVED,,A,21453A,,,BEAUMONT AV,1,,,A,,,MACARTHUR BL,,,A,7/31/2024 12:06:15 PM,1/30/2025 1:44:57 PM,,,2,,,,,,,
3045395,20-055188,2,False,0109,11/9/2020 12:13:00 AM,13,30Y,14,109,Oakland,1,True,True,C,REAR END,,Monday,,,M,,False,False,True,,I,FIXED OBJECT,,0,0,CLEAR,,NO UNUSUAL CONDITIONS - NO UNUSUAL CONDITIONS,,C,DARK-STREET LIGHTS,,,,,,,A,NO PEDESTRIANS INVOLVED,,A,22106,,1,STERLING DR,2,,,A,W,34.0,SHONE AV,F,,A,7/31/2024 12:06:15 PM,1/30/2025 1:44:57 PM,,,2,,,,,,,
3045394,20-055158,2,False,0109,11/8/2020 8:49:00 PM,2049,30X,14,109,Oakland,1,True,True,D,BROADSIDE,,Sunday,,,,,False,False,True,,C,OTHER MOTOR VEHICLE,,0,0,CLEAR,,NO UNUSUAL CONDITIONS - NO UNUSUAL CONDITIONS,,C,DARK-STREET LIGHTS,,,,,,,A,NO PEDESTRIANS INVOLVED,,A,21453A,,1,INTERNATIONAL BL,2,,,A,,,HAVENSCOURT BL,,,A,7/31/2024 12:06:14 PM,1/30/2025 1:44:57 PM,,,2,,,,,,,
3045393,20-057402,2,False,0109,10/13/2020 6:45:00 PM,1845,23X,14,109,Oakland,1,True,True,B,SIDE SWIPE,,Tuesday,,,M,,False,False,False,,D,MOTOR VEHICLE ON OTHER ROADWAY,,0,0,CLEAR,,NO UNUSUAL CONDITIONS - NO UNUSUAL CONDITIONS,,B,DUSK-DAWN,,,,,,,A,NO PEDESTRIANS INVOLVED,,A,21750,,1,FOOTHILL BL,2,,,A,,,ROSEDALE AV,,,D,7/31/2024 12:06:14 PM,1/30/2025 1:44:57 PM,,,2,,,,,,,
3045392,20-051977,2,False,0109,10/21/2020 11:14:00 AM,1114,18X,14,109,Oakland,1,True,True,B,SIDE SWIPE,,Wednesday,,,M,,False,False,False,,E,PARKED MOTOR VEHICLE,,0,0,CLEAR,,NO UNUSUAL CONDITIONS - NO UNUSUAL CONDITIONS,,A,DAYLIGHT,,,,,,,A,NO PEDESTRIANS INVOLVED,,A,22107,,1,E 20TH ST,1,,,A,,,21ST AV,,,D,7/31/2024 12:06:14 PM,1/30/2025 1:44:57 PM,,,2,,,,,,,
3045390,20-057466,2,False,0109,11/22/2020 6:02:00 PM,1802,31X,14,109,Oakland,1,True,True,B,SIDE SWIPE,,Sunday,,,,,False,False,False,,C,OTHER MOTOR VEHICLE,,0,0,CLEAR,,NO UNUSUAL CONDITIONS - NO UNUSUAL CONDITIONS,,A,DAYLIGHT,,,,,,,A,NO PEDESTRIANS INVOLVED,,A,22107,,1,HEGENBERGER RD,2,,,A,S,20.0,COLISEUM WY,F,,D,7/31/2024 12:06:14 PM,1/30/2025 1:44:57 PM,,,2,,,,,,,
3045388,20-050965,2,False,0109,10/15/2020 7:55:00 PM,1955,12X,14,109,Oakland,1,True,True,C,REAR END,,Thursday,,,,,False,False,False,,C,OTHER MOTOR VEHICLE,,0,0,CLEAR,,NO UNUSUAL CONDITIONS - NO UNUSUAL CONDITIONS,,B,DUSK-DAWN,,,,,,,A,NO PEDESTRIANS INVOLVED,,A,22350,,1,51ST ST,1,,,A,W,15.0,BROADWAY,F,,A,7/31/2024 12:06:14 PM,1/30/2025 1:44:57 PM,,,2,,,,,,,
3045387,20-050329,2,False,0109,10/11/2020 2:30:00 PM,1430,26X,14,109,Oakland,1,True,True,B,SIDE SWIPE,,Sunday,,,M,,False,False,True,,C,OTHER MOTOR VEHICLE,,0,0,CLEAR,,NO UNUSUAL CONDITIONS - NO UNUSUAL CONDITIONS,,A,DAYLIGHT,,,,,,,A,NO PEDESTRIANS INVOLVED,,A,22107,,1,EASTLAWN ST,2,,,A,,,SEMINARY AV,,,A,7/31/2024 12:06:14 PM,1/30/2025 1:44:57 PM,,,2,,,,,,,
3045384,20-053830,2,False,0109,10/31/2020 5:37:00 PM,1737,25X,14,109,Oakland,1,True,True,B,SIDE SWIPE,,Saturday,,,M,,False,False,False,,C,OTHER MOTOR VEHICLE,,0,0,CLEAR,,NO UNUSUAL CONDITIONS - NO UNUSUAL CONDITIONS,,A,DAYLIGHT,,,,,,,A,NO PEDESTRIANS INVOLVED,,A,22350,,1,PATTERSON AV,2,,,A,,,CALIFORNIA  ST,,,D,7/31/2024 12:06:13 PM,1/30/2025 1:44:57 PM,,,2,,,,,,,
3045373,20-035411,2,False,0109,7/19/2020 2:18:00 PM,1418,23X,14,109,Oakland,1,True,True,C,REAR END,,Sunday,,,M,,False,False,False,,C,OTHER MOTOR VEHICLE,,0,0,CLEAR,,NO UNUSUAL CONDITIONS - NO UNUSUAL CONDITIONS,,A,DAYLIGHT,,,,,,,A,NO PEDESTRIANS INVOLVED,,A,22350,,1,INTERNATIONAL BL,1,,,A,,,36TH AV,,,D,7/31/2024 12:06:12 PM,1/30/2025 1:44:57 PM,,,2,,,,,,,
3045372,20-057979,2,False,0109,11/25/2020 11:11:00 AM,1111,31X,14,109,Oakland,1,True,True,B,SIDE SWIPE,,Wednesday,,,,,False,False,False,,C,OTHER MOTOR VEHICLE,,0,0,CLEAR,,NO UNUSUAL CONDITIONS - NO UNUSUAL CONDITIONS,,A,DAYLIGHT,,,,,,,A,NO PEDESTRIANS INVOLVED,,A,22107,,1,CATRON DR,2,,,A,S,30.0,BERGEDO DR,F,,D,7/31/2024 12:06:12 PM,1/30/2025 1:44:57 PM,,,2,,,,,,,
3045371,20-063074,2,False,0109,12/26/2020 12:05:00 PM,1205,31X,14,109,Oakland,1,True,True,D,BROADSIDE,,Saturday,,,,,False,False,False,,C,OTHER MOTOR VEHICLE,,1,0,CLEAR,,NO UNUSUAL CONDITIONS - NO UNUSUAL CONDITIONS,,A,DAYLIGHT,,,,,,,A,NO PEDESTRIANS INVOLVED,,A,22450A,,1,WALTER AV,2,,,A,,,NEVADA ST,,,A,7/31/2024 12:06:12 PM,1/30/2025 1:44:57 PM,,,2,,,,,,,
3045370,20-057662,2,False,0109,11/23/2020 9:00:00 PM,2100,30X,14,109,Oakland,1,True,True,D,BROADSIDE,,Monday,,,,,False,False,True,,C,OTHER MOTOR VEHICLE,,1,0,CLEAR,,NO UNUSUAL CONDITIONS - NO UNUSUAL CONDITIONS,,C,DARK-STREET LIGHTS,,,,,,,A,NO PEDESTRIANS INVOLVED,,A,21453A,,1,73RD AV,2,,,A,,,BANCROFT AV,,,A,7/31/2024 12:06:12 PM,1/30/2025 1:44:57 PM,,,2,,,,,,,
3045369,20-059821,2,False,0109,12/6/2020 1:03:00 PM,1303,23X,14,109,Oakland,1,True,True,C,REAR END,,Sunday,,,,,False,False,False,,E,PARKED MOTOR VEHICLE,,4,0,CLEAR,,NO UNUSUAL CONDITIONS - NO UNUSUAL CONDITIONS,,A,DAYLIGHT,,,,,,,A,NO PEDESTRIANS INVOLVED,,A,22107,,1,ALEMEDA AV,1,,,A,E,100.0,FRUITVALE AV,F,,D,7/31/2024 12:06:12 PM,1/30/2025 1:44:57 PM,,,2,,,,,,,
3045351,20-061060,2,False,0109,12/13/2020 5:11:00 PM,1711,24X,14,109,Oakland,1,True,True,D,BROADSIDE,,Sunday,,,,,False,False,False,,C,OTHER MOTOR VEHICLE,,0,0,CLOUDY,,NO UNUSUAL CONDITIONS - NO UNUSUAL CONDITIONS,,B,DUSK-DAWN,,,,,,,A,NO PEDESTRIANS INVOLVED,,A,21801A,,1,35TH AV,2,,,B,,,SUTER ST,,,D,7/31/2024 12:06:10 PM,1/30/2025 1:44:56 PM,,,2,,,,,,,
3045338,20-056440,2,False,0109,11/16/2020 3:07:00 PM,1507,30X,14,109,Oakland,1,True,True,D,BROADSIDE,,Monday,,,,,False,False,False,,C,OTHER MOTOR VEHICLE,,0,0,CLEAR,,NO UNUSUAL CONDITIONS - NO UNUSUAL CONDITIONS,,A,DAYLIGHT,,,,,,,A,NO PEDESTRIANS INVOLVED,,A,21802A,,1,74TH AV,2,,,A,,,GARFIELD AV,,,A,7/31/2024 12:06:09 PM,1/30/2025 1:44:56 PM,,,2,,,,,,,
3045337,20-058139,2,False,0109,11/26/2020 11:38:00 AM,1138,14X,14,109,Oakland,1,True,True,D,BROADSIDE,,Thursday,,,M,,False,False,False,,C,OTHER MOTOR VEHICLE,,0,0,CLEAR,,NO UNUSUAL CONDITIONS - NO UNUSUAL CONDITIONS,,A,DAYLIGHT,,,,,,,A,NO PEDESTRIANS INVOLVED,,A,21460A,,1,GRAND AV,1,,,A,W,50.0,PERKINS ST,F,,C,7/31/2024 12:06:09 PM,1/30/2025 1:44:56 PM,,,2,,,,,,,
3045336,20-058634,2,False,0109,11/30/2020 2:19:00 AM,219,24X,14,109,Oakland,1,True,True,E,HIT OBJECT,,Monday,,,M,,False,False,False,,E,PARKED MOTOR VEHICLE,,0,0,CLEAR,,NO UNUSUAL CONDITIONS - NO UNUSUAL CONDITIONS,,C,DARK-STREET LIGHTS,,,,,,,A,NO PEDESTRIANS INVOLVED,,A,22210,,1,BROOKDALE AV,2,,,A,E,6.0,35TH AV,F,,D,7/31/2024 12:06:09 PM,1/30/2025 1:44:55 PM,,,2,,,,,,,
3045335,20-055127,2,False,0109,11/8/2020 4:15:00 PM,1615,24Y,14,109,Oakland,1,True,True,C,REAR END,,Sunday,,,M,,False,False,True,,E,PARKED MOTOR VEHICLE,,0,0,CLEAR,,NO UNUSUAL CONDITIONS - NO UNUSUAL CONDITIONS,,A,DAYLIGHT,,,,,,,A,NO PEDESTRIANS INVOLVED,,A,22107,,1,DAVIS ST,2,,,A,W,212.0,35TH AV,F,,D,7/31/2024 12:06:09 PM,1/30/2025 1:44:55 PM,,,2,,,,,,,
3045334,20-055490,2,False,0109,11/10/2020 6:23:00 PM,1823,26X,14,109,Oakland,1,True,True,C,REAR END,,Tuesday,,,,,False,False,False,,,,,0,0,CLEAR,,NO UNUSUAL CONDITIONS - NO UNUSUAL CONDITIONS,,C,DARK-STREET LIGHTS,,,,,,,A,NO PEDESTRIANS INVOLVED,,A,22350,,1,INTERNATIONAL BL,2,,,A,W,5.0,50TH AV,F,,A,7/31/2024 12:06:09 PM,1/30/2025 1:44:55 PM,,,2,,,,,,,
3045333,20-057365,2,False,0109,11/21/2020 11:23:00 PM,2323,06X,14,109,Oakland,1,True,True,B,SIDE SWIPE,,Saturday,,,M,,False,False,False,,C,OTHER MOTOR VEHICLE,,0,0,CLEAR,,NO UNUSUAL CONDITIONS - NO UNUSUAL CONDITIONS,,C,DARK-STREET LIGHTS,,,,,,,A,NO PEDESTRIANS INVOLVED,,A,22107,,1,MARTIN LUTHER KING JR WY,1,,,A,,,27TH ST,,,A,7/31/2024 12:06:08 PM,1/30/2025 1:44:55 PM,,,2,,,,,,,
3045332,20-057645,2,False,0109,11/23/2020 5:55:00 PM,1755,27X,14,109,Oakland,1,True,True,C,REAR END,,Monday,,,M,,False,False,False,,C,OTHER MOTOR VEHICLE,,0,0,CLEAR,,NO UNUSUAL CONDITIONS - NO UNUSUAL CONDITIONS,,C,DARK-STREET LIGHTS,,,,,,,A,NO PEDESTRIANS INVOLVED,,A,22107,,1,FOOTHILL BL,2,,,A,S,5.0,47TH AV,F,,A,7/31/2024 12:06:08 PM,1/30/2025 1:44:55 PM,,,2,,,,,,,
3045313,20-059503,2,False,0109,12/4/2020 10:33:00 PM,2233,20X,14,109,Oakland,1,True,True,H,OTHER,,Friday,,,,,False,False,False,,C,OTHER MOTOR VEHICLE,,0,0,CLEAR,,NO UNUSUAL CONDITIONS - NO UNUSUAL CONDITIONS,,C,DARK-STREET LIGHTS,,,,,,,A,NO PEDESTRIANS INVOLVED,,A,21801A,,1,FRUITVALE AV,1,,,A,,,E 16TH ST,,,D,7/31/2024 12:06:07 PM,1/30/2025 1:44:55 PM,,,2,,,,,,,
3045310,20-061249,2,False,0109,12/14/2020 6:31:00 PM,1831,03X,14,109,Oakland,1,True,True,D,BROADSIDE,,Monday,,,,,False,False,False,,E,PARKED MOTOR VEHICLE,,0,0,CLEAR,,NO UNUSUAL CONDITIONS - NO UNUSUAL CONDITIONS,,C,DARK-STREET LIGHTS,,,,,,,A,NO PEDESTRIANS INVOLVED,,A,22107,,1,8TH ST,1,,,A,W,20.0,HARRISON ST,F,,A,7/31/2024 12:06:07 PM,1/30/2025 1:44:54 PM,,,2,,,,,,,
3045309,20-059915,2,False,0109,12/7/2020 5:19:00 AM,519,14X,14,109,Oakland,1,True,True,D,BROADSIDE,,Monday,,,M,,False,False,False,,,,,0,0,CLEAR,,NO UNUSUAL CONDITIONS - NO UNUSUAL CONDITIONS,,C,DARK-STREET LIGHTS,,,,,,,A,NO PEDESTRIANS INVOLVED,,A,21453A,,1,GRAND AV,1,,,A,,,MACARTHUR BL,,,A,7/31/2024 12:06:06 PM,1/30/2025 1:44:54 PM,,,2,,,,,,,
3045308,20-058902,2,False,0109,12/1/2020 3:17:00 PM,1517,23X,14,109,Oakland,1,True,True,D,BROADSIDE,,Tuesday,,,M,,False,False,True,,C,OTHER MOTOR VEHICLE,,0,0,CLEAR,,NO UNUSUAL CONDITIONS - NO UNUSUAL CONDITIONS,,A,DAYLIGHT,,,,,,,A,NO PEDESTRIANS INVOLVED,,A,21453A,,1,42ND AV,2,,,A,,,COLISEUM WY,,,A,7/31/2024 12:06:06 PM,1/30/2025 1:44:54 PM,,,2,,,,,,,
3045307,20-060257,2,False,0109,12/8/2020 10:55:00 PM,2255,09X,14,109,Oakland,1,True,True,D,BROADSIDE,,Tuesday,,,M,,False,False,False,,E,PARKED MOTOR VEHICLE,,0,0,CLEAR,,NO UNUSUAL CONDITIONS - NO UNUSUAL CONDITIONS,,C,DARK-STREET LIGHTS,,,,,,,A,NO PEDESTRIANS INVOLVED,,A,22106,,1,KEMPTON WY,1,,,A,S,75.0,W MACARTHUR BL,F,,A,7/31/2024 12:06:06 PM,1/30/2025 1:44:54 PM,,,2,,,,,,,
3045306,20-060964,2,False,0109,12/13/2020 1:00:00 AM,100,07X,14,109,Oakland,1,True,True,A,HEAD-ON,,Sunday,,,M,,False,False,False,,I,FIXED OBJECT,,0,0,CLEAR,,NO UNUSUAL CONDITIONS - NO UNUSUAL CONDITIONS,,C,DARK-STREET LIGHTS,,,,,,,A,NO PEDESTRIANS INVOLVED,,A,22107,,1,MAGNOLIA ST,1,,,A,N,276.0,24TH ST,F,,D,7/31/2024 12:06:06 PM,1/30/2025 1:44:54 PM,,,2,,,,,,,
3045305,20-061134,2,False,0109,12/14/2020 3:04:00 AM,304,20X,14,109,Oakland,1,True,True,D,BROADSIDE,,Monday,,,M,,False,False,False,,C,OTHER MOTOR VEHICLE,,0,0,CLEAR,,NO UNUSUAL CONDITIONS - NO UNUSUAL CONDITIONS,,C,DARK-STREET LIGHTS,,,,,,,A,NO PEDESTRIANS INVOLVED,,A,21801A,,1,INTERNATIONAL BL,1,,,A,E,50.0,21ST AV,F,,A,7/31/2024 12:06:06 PM,1/30/2025 1:44:54 PM,,,2,,,,,,,
3045304,20-060720,2,False,0109,12/11/2020 12:35:00 PM,1235,30X,14,109,Oakland,1,True,True,B,SIDE SWIPE,,Friday,,,M,,False,False,False,,E,PARKED MOTOR VEHICLE,,0,0,CLOUDY,,NO UNUSUAL CONDITIONS - NO UNUSUAL CONDITIONS,,A,DAYLIGHT,,,,,,,A,NO PEDESTRIANS INVOLVED,,A,22107,,1,BANCROFT AV,2,,,A,E,60.0,77TH AV,F,,D,7/31/2024 12:06:06 PM,1/30/2025 1:44:54 PM,,,2,,,,,,,
3045303,20-060833,2,False,0109,12/12/2020 8:02:00 AM,802,28X,14,109,Oakland,1,True,True,A,HEAD-ON,,Saturday,,,,,False,False,False,,I,FIXED OBJECT,,0,0,RAINING,,NO UNUSUAL CONDITIONS - NO UNUSUAL CONDITIONS,,B,DUSK-DAWN,,,,,,,A,NO PEDESTRIANS INVOLVED,,A,22350,,1,FLEMING AV,2,,,B,,,MONTICELLO AV,,,D,7/31/2024 12:06:06 PM,1/30/2025 1:44:54 PM,,,2,,,,,,,
3045302,20-061124,2,False,0109,12/14/2020 12:38:00 AM,38,21X,14,109,Oakland,1,True,True,A,HEAD-ON,,Monday,,,M,,False,False,False,,I,FIXED OBJECT,,0,0,CLEAR,,NO UNUSUAL CONDITIONS - NO UNUSUAL CONDITIONS,,C,DARK-STREET LIGHTS,,,,,,,A,NO PEDESTRIANS INVOLVED,,A,22350,,1,34TH AV,1,,,B,N,100.0,HYDE ST,F,,C,7/31/2024 12:06:06 PM,1/30/2025 1:44:54 PM,,,2,,,,,,,
3045300,20-059663,2,False,0109,12/5/2020 11:54:00 AM,1154,35X,14,109,Oakland,1,True,True,B,SIDE SWIPE,,Saturday,,,M,,False,False,False,,C,OTHER MOTOR VEHICLE,,0,0,CLEAR,,NO UNUSUAL CONDITIONS - NO UNUSUAL CONDITIONS,,A,DAYLIGHT,,,,,,,A,NO PEDESTRIANS INVOLVED,,A,22107,,1,92ND AV,2,,,A,,,PEACH ST,,,D,7/31/2024 12:06:06 PM,1/30/2025 1:44:54 PM,,,2,,,,,,,
3045299,20-060619,2,False,0109,12/10/2020 9:34:00 PM,2134,26X,14,109,Oakland,1,True,True,D,BROADSIDE,,Thursday,,,M,,False,False,False,,E,PARKED MOTOR VEHICLE,,0,0,CLEAR,,NO UNUSUAL CONDITIONS - NO UNUSUAL CONDITIONS,,C,DARK-STREET LIGHTS,,,,,,,A,NO PEDESTRIANS INVOLVED,,A,22515A,,1,LION WY,2,,,A,E,50.0,66TH AV,F,,A,7/31/2024 12:06:05 PM,1/30/2025 1:44:54 PM,,,2,,,,,,,
3045298,20-062557,2,False,0109,12/22/2020 3:23:00 PM,1523,23X,14,109,Oakland,1,True,True,A,HEAD-ON,,Tuesday,,,,,False,False,False,,C,OTHER MOTOR VEHICLE,,0,0,CLEAR,,NO UNUSUAL CONDITIONS - NO UNUSUAL CONDITIONS,,A,DAYLIGHT,,,,,,,A,NO PEDESTRIANS INVOLVED,,A,21802A,,1,35TH AV,2,,,A,,,E 18TH ST,,,A,7/31/2024 12:06:05 PM,1/30/2025 1:44:54 PM,,,2,,,,,,,
3045297,20-060862,2,False,0109,12/12/2020 11:43:00 AM,1143,34X,14,109,Oakland,1,True,True,B,SIDE SWIPE,,Saturday,,,,,False,False,False,,C,OTHER MOTOR VEHICLE,,0,0,CLEAR,,REDUCED ROADWAY WIDTH - REDUCED ROADWAY WIDTH,,A,DAYLIGHT,,,,,,,A,NO PEDESTRIANS INVOLVED,,A,21751,,,HOLLY ST,2,,,A,,,92ND AV,,,A,7/31/2024 12:06:05 PM,1/30/2025 1:44:54 PM,,,2,,,,,,,
3045296,20-062279,2,False,0109,12/20/2020 6:39:00 PM,1839,20X,14,109,Oakland,1,True,True,A,HEAD-ON,,Sunday,,,M,,False,False,False,,E,PARKED MOTOR VEHICLE,,0,0,CLEAR,,,,C,DARK-STREET LIGHTS,,,,,,,A,NO PEDESTRIANS INVOLVED,,A,22107,,1,FOOTHILL BL,1,,,A,E,50.0,MILLER AV,F,,D,7/31/2024 12:06:05 PM,1/30/2025 1:44:54 PM,,,2,,,,,,,
3045295,20-062287,2,False,0109,12/21/2020 1:03:00 AM,103,24X,14,109,Oakland,1,True,True,E,HIT OBJECT,,Monday,,,M,,False,False,False,,E,PARKED MOTOR VEHICLE,,0,0,CLEAR,,NO UNUSUAL CONDITIONS - NO UNUSUAL CONDITIONS,,C,DARK-STREET LIGHTS,,,,,,,A,NO PEDESTRIANS INVOLVED,,A,22107,,1,EASTMAN AV,2,,,A,S,50.0,ALLENDALE,F,,D,7/31/2024 12:06:05 PM,1/30/2025 1:44:54 PM,,,2,,,,,,,
3045294,20-062221,2,False,0109,12/20/2020 2:09:00 PM,1409,23X,14,109,Oakland,1,True,True,D,BROADSIDE,,Sunday,,,,,False,False,False,,,,,0,0,CLEAR,,NO UNUSUAL CONDITIONS - NO UNUSUAL CONDITIONS,,A,DAYLIGHT,,,,,,,A,NO PEDESTRIANS INVOLVED,,A,21801A,,1,34TH AV,2,,,A,,,E 18TH ST,,,B,7/31/2024 12:06:05 PM,1/30/2025 1:44:54 PM,,,2,,,,,,,
3045293,20-062470,2,False,0109,12/20/2020 6:33:00 PM,1833,31Y,14,109,Oakland,1,True,True,H,OTHER,,Sunday,,,M,,False,False,False,,,,,0,0,CLEAR,,NO UNUSUAL CONDITIONS - NO UNUSUAL CONDITIONS,,B,DUSK-DAWN,,,,,,,A,NO PEDESTRIANS INVOLVED,,A,22106,,1,TYLER ST,2,,,A,S,30.0,RAILROAD AV,F,,D,7/31/2024 12:06:05 PM,1/30/2025 1:44:54 PM,,,2,,,,,,,
3045292,20-062620,2,False,0109,12/23/2020 12:13:00 AM,13,31Y,14,109,Oakland,1,True,True,A,HEAD-ON,,Wednesday,,,M,,False,False,False,,E,PARKED MOTOR VEHICLE,,0,0,CLEAR,,NO UNUSUAL CONDITIONS - NO UNUSUAL CONDITIONS,,C,DARK-STREET LIGHTS,,,,,,,A,NO PEDESTRIANS INVOLVED,,A,22107,,1,GHORMLEY AV,2,,,A,W,15.0,ST ELMO DR,F,,A,7/31/2024 12:06:05 PM,1/30/2025 1:44:54 PM,,,2,,,,,,,
3045245,20-045766,2,False,0109,9/14/2020 10:29:00 PM,2229,08X,14,109,Oakland,1,True,True,D,BROADSIDE,,Monday,,,,,False,False,False,,C,OTHER MOTOR VEHICLE,,1,0,CLEAR,,NO UNUSUAL CONDITIONS - NO UNUSUAL CONDITIONS,,C,DARK-STREET LIGHTS,,,,,,,A,NO PEDESTRIANS INVOLVED,,A,23152A,,1,W GRAND AV,1,,,A,,,BRUSH ST,,,A,7/31/2024 12:06:00 PM,1/30/2025 1:44:52 PM,,,2,,,,,,,
3045239,20-058743,2,False,0109,11/30/2020 5:03:00 PM,1703,26X,14,109,Oakland,1,True,True,B,SIDE SWIPE,,Monday,,,,,False,False,False,,E,PARKED MOTOR VEHICLE,,0,0,CLEAR,,NO UNUSUAL CONDITIONS - NO UNUSUAL CONDITIONS,,A,DAYLIGHT,,,,,,,A,NO PEDESTRIANS INVOLVED,,B,,,1,EASTLAWN ST,2,,,A,E,8.0,58TH AV,F,,A,7/31/2024 12:05:59 PM,1/30/2025 1:44:52 PM,,,2,,,,,,,
3045236,20-063781,2,False,0109,12/31/2020 12:53:00 AM,53,13Y,14,109,Oakland,1,True,True,C,REAR END,,Thursday,,,,,False,False,True,,C,OTHER MOTOR VEHICLE,,0,0,RAINING,,NO UNUSUAL CONDITIONS - NO UNUSUAL CONDITIONS,,D,DARK-NO STREET LIGHTS,,,,,,,A,NO PEDESTRIANS INVOLVED,,A,23152A,,1,ASCOT DR,1,,,B,S,20.0,MOUNTAIN BL,F,,D,7/31/2024 12:05:59 PM,1/30/2025 1:44:52 PM,,,2,,,,,,,
3045233,20-061806,2,False,0109,12/18/2020 9:27:00 AM,927,29X,14,109,Oakland,1,True,True,C,REAR END,,Friday,,,,,False,False,False,,E,PARKED MOTOR VEHICLE,,0,0,CLEAR,,NO UNUSUAL CONDITIONS - NO UNUSUAL CONDITIONS,,A,DAYLIGHT,,,,,,,A,NO PEDESTRIANS INVOLVED,,A,,,1,LAIRD AVE,2,,,A,W,320.0,68TH AV,F,,B,7/31/2024 12:05:58 PM,1/30/2025 1:44:52 PM,,,2,,,,,,,